account_id,name,address,latest_update_datetime,queue,status
49999,James Miller,"47 Riverside Drive, Limerick",2025-01-01T00:27:27.000000,INSOLVENCY,INS4
19372,Michael Johnson,"33 Maple Avenue, Belfast",2025-01-01T00:40:17.000000,LEGAL,LEG_NOT
52137,David Brown,"158 Cedar Lane, Sligo",2025-01-01T01:31:02.000000,TRACE,GONEAWAY
83620,David Wilson,"122 Pine Road, Waterford",2025-01-01T02:28:39.000000,TRACE,GONEAWAY
49171,John Martinez,"172 Hillcrest Road, Dublin",2025-01-01T03:48:21.000000,OTHER,ARCHIVED
10474,John Rodriguez,"95 Elm Street, Cork",2025-01-01T08:37:12.000000,COLLECTIONS,TELSOLUTIONS1
60663,Maria Smith,"86 Hillcrest Road, Cork",2025-01-01T12:06:27.000000,SETTLED,SETTLED
46545,David Davis,"101 Sunset Boulevard, Waterford",2025-01-01T12:16:26.000000,INSOLVENCY,INS2
95324,Emma Brown,"136 Cedar Lane, Sligo",2025-01-01T14:17:41.000000,PAYING,PAY CURR
48786,Sophia Martinez,"56 Hillcrest Road, Dublin",2025-01-01T14:38:07.000000,COLLECTIONS,TELSOLUTIONS1
94638,David Wilson,"139 Cedar Lane, Cork",2025-01-01T16:10:01.000000,TRACE,GONEAWAY
43314,Michael Miller,"13 Elm Street, Belfast",2025-01-01T17:34:47.000000,INSOLVENCY,INS1
31658,Alex Wilson,"73 Riverside Drive, Cork",2025-01-01T17:54:45.000000,COLLECTIONS,CANCEL2
98298,Sarah Williams,"118 Elm Street, Cork",2025-01-01T18:21:02.000000,PAYING,PAY PROP
86556,Michael Brown,"113 Elm Street, Kilkenny",2025-01-01T19:14:56.000000,LEGAL,LEG_TIT
15248,Maria Martinez,"86 Elm Street, Belfast",2025-01-01T20:42:30.000000,OTHER,ARCHIVED
90725,David Williams,"35 Oak Street, Cork",2025-01-01T21:41:14.000000,TRACE,GONEAWAY
14117,Sophia Jones,"44 Cedar Lane, Dublin",2025-01-02T00:58:26.000000,COLLECTIONS,PRIME
47808,James Garcia,"200 Elm Street, Belfast",2025-01-02T03:25:41.000000,PAYING,PAY PROP
50973,Emma Miller,"128 Maple Avenue, Galway",2025-01-02T03:59:10.000000,OTHER,ARCHIVED
10506,David Jones,"106 Pine Road, Waterford",2025-01-02T06:19:14.000000,OTHER,ARCHIVED
83652,Maria Brown,"121 Elm Street, Limerick",2025-01-02T12:40:52.000000,COLLECTIONS,PRIME
31903,Alex Brown,"183 Cedar Lane, Waterford",2025-01-02T18:09:01.000000,TRACE,GONEAWAY
63099,Alex Martinez,"170 Elm Street, Kilkenny",2025-01-03T09:47:05.000000,INSOLVENCY,INSP
28442,Emma Rodriguez,"145 Elm Street, Dublin",2025-01-03T12:07:00.000000,COLLECTIONS,CASSIST2
21707,Michael Rodriguez,"81 Pine Road, Dublin",2025-01-04T01:26:02.000000,INSOLVENCY,INS4
82095,Sophia Johnson,"114 Riverside Drive, Galway",2025-01-04T22:50:27.000000,OTHER,ARCHIVED
38899,Laura Smith,"119 Sunset Boulevard, Waterford",2025-01-05T19:51:25.000000,COLLECTIONS,PRIME
74894,Emma Garcia,"190 Sunset Boulevard, Belfast",2025-01-05T21:12:23.000000,OTHER,ARCHIVED
53016,Laura Johnson,"197 Oak Street, Belfast",2025-01-06T02:20:58.000000,TRACE,GONEAWAY
91099,John Brown,"171 Elm Street, Belfast",2025-01-06T06:54:42.000000,COLLECTIONS,CANCEL4
84455,Daniel Smith,"118 Maple Avenue, Galway",2025-01-06T08:41:19.000000,COLLECTIONS,TELSOLUTIONS1
16628,Sarah Rodriguez,"164 Pine Road, Galway",2025-01-06T13:31:50.000000,SETTLED,SETTLED
73556,Emma Rodriguez,"154 Oak Street, Belfast",2025-01-06T15:24:18.000000,COLLECTIONS,TELSOLUTIONS1
53131,Emma Garcia,"41 Elm Street, Sligo",2025-01-06T15:39:57.000000,TRACE,GONEAWAY
23982,James Jones,"81 Pine Road, Kilkenny",2025-01-06T15:56:04.000000,LEGAL,HOLD FO
48880,Alex Martinez,"85 Pine Road, Kilkenny",2025-01-06T16:46:03.000000,TRACE,GONEAWAY
82007,Sarah Williams,"99 Oak Street, Cork",2025-01-06T17:13:30.000000,LEGAL,LEG VERIF 1
53017,Daniel Smith,"120 Hillcrest Road, Belfast",2025-01-06T17:28:45.000000,TRACE,GONEAWAY
19986,Alex Smith,"130 Oak Street, Galway",2025-01-06T17:50:55.000000,OTHER,ARCHIVED
88706,Laura Williams,"49 Elm Street, Kilkenny",2025-01-06T20:26:35.000000,TRACE,GONEAWAY
35504,Daniel Garcia,"53 Cedar Lane, Kilkenny",2025-01-06T22:21:04.000000,PAYING,PAY CURR
76500,John Garcia,"176 Sunset Boulevard, Cork",2025-01-07T19:15:44.000000,COLLECTIONS,CASSIST2
68484,Michael Wilson,"53 Elm Street, Kilkenny",2025-01-08T02:33:20.000000,TRACE,GONEAWAY
45539,James Johnson,"88 Maple Avenue, Sligo",2025-01-08T04:56:40.000000,LEGAL,LEG VERIF 2
14006,James Johnson,"124 Maple Avenue, Galway",2025-01-08T05:55:47.000000,OTHER,ARCHIVED
19099,Michael Smith,"93 Pine Road, Waterford",2025-01-08T06:36:06.000000,LEGAL,LEG VERIF 1
26168,Maria Williams,"120 Cedar Lane, Belfast",2025-01-08T07:41:19.000000,LEGAL,HOLD FO
33783,Emma Garcia,"158 Cedar Lane, Belfast",2025-01-08T10:23:35.000000,LEGAL,LEG_TIT
25733,David Brown,"63 Sunset Boulevard, Kilkenny",2025-01-08T13:26:21.000000,COLLECTIONS,PAY OVER
25726,Olivia Davis,"144 Riverside Drive, Galway",2025-01-08T17:27:11.000000,INSOLVENCY,INS2
31172,Olivia Smith,"102 Sunset Boulevard, Dublin",2025-01-09T00:47:09.000000,LEGAL,LEG VERIF 2
35401,John Miller,"164 Sunset Boulevard, Belfast",2025-01-09T01:12:36.000000,TRACE,GONEAWAY
26696,Sarah Rodriguez,"73 Maple Avenue, Kilkenny",2025-01-09T04:55:08.000000,OTHER,ARCHIVED
20307,James Williams,"149 Riverside Drive, Limerick",2025-01-09T05:43:51.000000,SETTLED,SETTLED
94706,Alex Davis,"55 Elm Street, Galway",2025-01-09T08:59:21.000000,TRACE,GONEAWAY
28382,Daniel Miller,"64 Maple Avenue, Kilkenny",2025-01-09T15:22:38.000000,LEGAL,LEG_NOT
86015,Sarah Miller,"151 Sunset Boulevard, Kilkenny",2025-01-11T01:38:56.000000,INSOLVENCY,INS2
91402,Alex Rodriguez,"161 Hillcrest Road, Dublin",2025-01-11T07:31:25.000000,COLLECTIONS,CANCEL2
52137,David Brown,"158 Cedar Lane, Sligo",2025-01-11T08:56:14.000000,SETTLED,SETTLED
63099,Alex Martinez,"170 Elm Street, Kilkenny",2025-01-11T15:59:23.000000,LEGAL,LEG_NOT
46155,Sophia Smith,"130 Cedar Lane, Galway",2025-01-11T22:39:42.000000,LEGAL,HOLD FO
39776,Maria Davis,"113 Maple Avenue, Kilkenny",2025-01-12T00:13:32.000000,COLLECTIONS,CASSIST2
59399,Michael Jones,"5 Hillcrest Road, Kilkenny",2025-01-12T01:10:11.000000,PAYING,PAY PROP
55200,Maria Johnson,"134 Elm Street, Galway",2025-01-12T04:19:04.000000,OTHER,ARCHIVED
31933,David Williams,"15 Elm Street, Cork",2025-01-12T06:10:57.000000,COLLECTIONS,PRIME
27620,Daniel Wilson,"79 Sunset Boulevard, Sligo",2025-01-12T06:37:06.000000,COLLECTIONS,CANCEL4
45548,Maria Wilson,"163 Maple Avenue, Dublin",2025-01-12T07:59:06.000000,INSOLVENCY,INS4
48786,Sophia Martinez,"56 Hillcrest Road, Dublin",2025-01-12T08:52:54.000000,SETTLED,SETTLED
27497,John Garcia,"165 Maple Avenue, Limerick",2025-01-12T09:00:45.000000,INSOLVENCY,INS4
86646,Sarah Williams,"29 Hillcrest Road, Galway",2025-01-12T13:59:18.000000,COLLECTIONS,CANCEL4
22047,James Jones,"37 Sunset Boulevard, Belfast",2025-01-12T14:42:56.000000,OTHER,ARCHIVED
21399,David Williams,"41 Pine Road, Sligo",2025-01-12T16:37:01.000000,SETTLED,SETTLED
95599,Michael Wilson,"70 Maple Avenue, Sligo",2025-01-12T16:37:30.000000,OTHER,ARCHIVED
68126,Olivia Davis,"162 Maple Avenue, Limerick",2025-01-12T18:54:48.000000,INSOLVENCY,INS1
37781,David Wilson,"105 Riverside Drive, Belfast",2025-01-12T21:03:55.000000,COLLECTIONS,PAY OVER
97918,Daniel Smith,"123 Riverside Drive, Sligo",2025-01-13T01:25:17.000000,COLLECTIONS,TELSOLUTIONS4
74670,Laura Rodriguez,"189 Maple Avenue, Galway",2025-01-13T01:47:02.000000,COLLECTIONS,PAY OVER
14961,John Davis,"179 Riverside Drive, Dublin",2025-01-13T02:33:09.000000,LEGAL,LEG VERIF 2
26514,Sophia Smith,"135 Sunset Boulevard, Limerick",2025-01-13T02:47:14.000000,TRACE,GONEAWAY
11352,Alex Johnson,"38 Hillcrest Road, Sligo",2025-01-13T07:05:11.000000,OTHER,ARCHIVED
15248,Maria Martinez,"86 Elm Street, Belfast",2025-01-13T09:14:18.000000,LEGAL,LEG VERIF 1
59505,Daniel Wilson,"113 Pine Road, Limerick",2025-01-13T09:36:43.000000,INSOLVENCY,INS1
23382,David Garcia,"142 Hillcrest Road, Galway",2025-01-13T10:35:55.000000,LEGAL,LEG VERIF 1
55992,John Miller,"18 Sunset Boulevard, Galway",2025-01-13T12:14:16.000000,OTHER,ARCHIVED
44060,Sarah Davis,"151 Cedar Lane, Kilkenny",2025-01-13T12:27:58.000000,OTHER,ARCHIVED
63848,Emma Williams,"57 Oak Street, Limerick",2025-01-13T12:40:56.000000,INSOLVENCY,INSP
43314,Michael Miller,"13 Elm Street, Belfast",2025-01-13T12:55:42.000000,LEGAL,LEG_TIT
29623,James Smith,"134 Riverside Drive, Waterford",2025-01-13T13:42:04.000000,COLLECTIONS,PAY OVER
19413,Sophia Jones,"52 Sunset Boulevard, Limerick",2025-01-13T15:42:55.000000,COLLECTIONS,CASSIST2
26168,Maria Williams,"120 Cedar Lane, Belfast",2025-01-13T17:31:34.000000,LEGAL,LEG_NOT
62345,Laura Miller,"189 Cedar Lane, Cork",2025-01-13T17:54:09.000000,COLLECTIONS,CASSIST2
85441,John Garcia,"125 Hillcrest Road, Sligo",2025-01-13T20:12:54.000000,OTHER,ARCHIVED
95232,John Rodriguez,"124 Sunset Boulevard, Limerick",2025-01-13T21:51:47.000000,OTHER,ARCHIVED
38621,John Wilson,"37 Maple Avenue, Dublin",2025-01-13T22:39:23.000000,COLLECTIONS,TELSOLUTIONS1
59940,James Smith,"74 Elm Street, Kilkenny",2025-01-13T23:48:15.000000,COLLECTIONS,PRIME
46545,David Davis,"101 Sunset Boulevard, Waterford",2025-01-14T05:26:37.000000,OTHER,ARCHIVED
88706,Laura Williams,"49 Elm Street, Kilkenny",2025-01-14T05:34:54.000000,COLLECTIONS,PRIME
92669,John Davis,"72 Pine Road, Kilkenny",2025-01-14T14:47:07.000000,LEGAL,LEG VERIF 1
13416,Emma Wilson,"58 Pine Road, Dublin",2025-01-14T15:13:13.000000,LEGAL,LEG_NOT
26686,James Johnson,"43 Riverside Drive, Waterford",2025-01-14T16:27:06.000000,INSOLVENCY,INS3
91658,Olivia Davis,"106 Cedar Lane, Sligo",2025-01-14T22:23:01.000000,COLLECTIONS,TELSOLUTIONS4
31658,Alex Wilson,"73 Riverside Drive, Cork",2025-01-15T04:03:57.000000,LEGAL,HOLD FO
32283,James Johnson,"41 Pine Road, Cork",2025-01-15T04:07:26.000000,TRACE,GONEAWAY
88716,Emma Rodriguez,"113 Cedar Lane, Galway",2025-01-15T09:27:05.000000,TRACE,GONEAWAY
77145,Michael Williams,"7 Cedar Lane, Cork",2025-01-15T21:30:25.000000,PAYING,PAY PROP
84845,Sarah Rodriguez,"89 Riverside Drive, Waterford",2025-01-15T23:05:03.000000,PAYING,PAY CURR
47984,Sarah Brown,"111 Riverside Drive, Kilkenny",2025-01-15T23:35:21.000000,PAYING,PAY PROP
57417,Daniel Smith,"175 Hillcrest Road, Limerick",2025-01-16T05:24:34.000000,OTHER,ARCHIVED
82269,Maria Martinez,"175 Oak Street, Galway",2025-01-16T12:01:27.000000,INSOLVENCY,INS4
15757,Sophia Williams,"79 Sunset Boulevard, Dublin",2025-01-16T16:26:27.000000,INSOLVENCY,INSP
60048,Sophia Williams,"132 Hillcrest Road, Waterford",2025-01-17T00:11:35.000000,COLLECTIONS,TELSOLUTIONS4
86556,Michael Brown,"113 Elm Street, Kilkenny",2025-01-17T06:37:51.000000,SETTLED,SETTLED
78078,John Miller,"48 Riverside Drive, Limerick",2025-01-17T08:39:49.000000,SETTLED,SETTLED
11916,John Miller,"42 Cedar Lane, Kilkenny",2025-01-17T09:33:42.000000,LEGAL,LEG_TIT
18486,Olivia Rodriguez,"20 Oak Street, Dublin",2025-01-17T11:55:53.000000,PAYING,PAY CURR
77521,Michael Martinez,"104 Sunset Boulevard, Galway",2025-01-17T13:52:10.000000,PAYING,PAY CURR
88654,Michael Rodriguez,"128 Oak Street, Kilkenny",2025-01-17T14:20:54.000000,OTHER,ARCHIVED
91099,John Brown,"171 Elm Street, Belfast",2025-01-17T15:13:09.000000,LEGAL,HOLD FO
41740,John Johnson,"78 Cedar Lane, Dublin",2025-01-17T18:19:28.000000,OTHER,ARCHIVED
50973,Emma Miller,"128 Maple Avenue, Galway",2025-01-17T18:55:52.000000,OTHER,ARCHIVED
65773,James Miller,"140 Riverside Drive, Kilkenny",2025-01-17T19:21:02.000000,INSOLVENCY,INSP
93809,Sophia Brown,"68 Riverside Drive, Dublin",2025-01-17T19:28:23.000000,INSOLVENCY,INS2
20233,Michael Davis,"60 Riverside Drive, Belfast",2025-01-17T20:53:04.000000,COLLECTIONS,CANCEL2
64713,John Johnson,"87 Oak Street, Belfast",2025-01-19T14:53:17.000000,OTHER,ARCHIVED
47933,Emma Brown,"79 Elm Street, Kilkenny",2025-01-20T03:49:35.000000,SETTLED,SETTLED
29600,Daniel Martinez,"184 Elm Street, Limerick",2025-01-21T01:48:34.000000,SETTLED,SETTLED
77395,Olivia Jones,"178 Riverside Drive, Kilkenny",2025-01-21T06:35:45.000000,TRACE,GONEAWAY
15757,Sophia Williams,"79 Sunset Boulevard, Dublin",2025-01-21T14:25:31.000000,COLLECTIONS,PRIME_D
80893,Alex Wilson,"36 Cedar Lane, Sligo",2025-01-22T02:10:46.000000,PAYING,PAY PROP
31933,David Williams,"15 Elm Street, Cork",2025-01-22T04:19:50.000000,LEGAL,LEG_TIT
61934,Sarah Johnson,"36 Maple Avenue, Cork",2025-01-22T10:20:59.000000,COLLECTIONS,CANCEL2
11254,Maria Brown,"48 Elm Street, Kilkenny",2025-01-22T12:01:38.000000,OTHER,ARCHIVED
21415,David Jones,"172 Maple Avenue, Kilkenny",2025-01-22T18:22:50.000000,OTHER,ARCHIVED
17880,Emma Davis,"52 Pine Road, Cork",2025-01-22T20:22:01.000000,TRACE,GONEAWAY
11916,John Miller,"42 Cedar Lane, Kilkenny",2025-01-22T22:15:53.000000,PAYING,PAY CURR
61550,Maria Brown,"98 Riverside Drive, Galway",2025-01-22T23:18:28.000000,SETTLED,SETTLED
78353,John Rodriguez,"87 Oak Street, Galway",2025-01-22T23:35:05.000000,LEGAL,LEG VERIF 1
35227,Emma Brown,"44 Hillcrest Road, Sligo",2025-01-23T00:02:11.000000,INSOLVENCY,INS1
98298,Sarah Williams,"118 Elm Street, Cork",2025-01-23T00:34:43.000000,PAYING,PAY PROP
34083,Michael Davis,"37 Hillcrest Road, Cork",2025-01-23T01:02:55.000000,TRACE,GONEAWAY
51089,Laura Garcia,"41 Maple Avenue, Galway",2025-01-23T06:17:55.000000,PAYING,PAY CURR
74104,Sarah Rodriguez,"106 Riverside Drive, Kilkenny",2025-01-23T08:17:58.000000,TRACE,GONEAWAY
35861,David Johnson,"103 Cedar Lane, Galway",2025-01-23T10:11:21.000000,TRACE,GONEAWAY
69313,Alex Davis,"143 Riverside Drive, Cork",2025-01-23T10:32:42.000000,COLLECTIONS,CANCEL4
13883,David Smith,"74 Sunset Boulevard, Cork",2025-01-23T15:31:54.000000,INSOLVENCY,INSP
72758,Emma Brown,"197 Oak Street, Dublin",2025-01-23T17:40:12.000000,COLLECTIONS,PAY OVER
53016,Laura Johnson,"197 Oak Street, Belfast",2025-01-23T22:55:34.000000,OTHER,ARCHIVED
70219,John Johnson,"59 Maple Avenue, Sligo",2025-01-23T23:18:01.000000,OTHER,ARCHIVED
52137,David Brown,"158 Cedar Lane, Sligo",2025-01-23T23:50:43.000000,OTHER,ARCHIVED
78987,Maria Smith,"55 Oak Street, Limerick",2025-01-24T11:31:46.000000,INSOLVENCY,INS3
98254,Sarah Rodriguez,"3 Pine Road, Sligo",2025-01-24T12:12:14.000000,TRACE,GONEAWAY
53131,Emma Garcia,"41 Elm Street, Sligo",2025-01-24T17:00:33.000000,PAYING,PAY PROP
95948,James Davis,"45 Riverside Drive, Cork",2025-01-24T19:16:51.000000,LEGAL,LEG_TIT
45393,Emma Wilson,"84 Sunset Boulevard, Galway",2025-01-24T20:18:31.000000,OTHER,ARCHIVED
41546,David Williams,"178 Sunset Boulevard, Cork",2025-01-25T01:02:17.000000,TRACE,GONEAWAY
87432,John Martinez,"107 Pine Road, Dublin",2025-01-25T02:22:10.000000,PAYING,PAY PROP
55047,James Martinez,"78 Pine Road, Waterford",2025-01-25T04:52:15.000000,OTHER,ARCHIVED
58984,Daniel Brown,"123 Pine Road, Cork",2025-01-25T05:13:09.000000,INSOLVENCY,INS1
98254,Sarah Rodriguez,"3 Pine Road, Sligo",2025-01-25T05:23:43.000000,PAYING,PAY CURR
97132,Sophia Jones,"183 Oak Street, Belfast",2025-01-25T05:40:19.000000,LEGAL,LEG_TIT
35504,Daniel Garcia,"53 Cedar Lane, Kilkenny",2025-01-25T11:26:29.000000,SETTLED,SETTLED
82735,James Smith,"105 Riverside Drive, Limerick",2025-01-25T17:07:10.000000,INSOLVENCY,INS4
91712,Maria Martinez,"181 Maple Avenue, Dublin",2025-01-25T18:00:16.000000,COLLECTIONS,PAY OVER
87394,Daniel Smith,"142 Sunset Boulevard, Waterford",2025-01-25T18:40:53.000000,TRACE,GONEAWAY
86015,Sarah Miller,"151 Sunset Boulevard, Kilkenny",2025-01-25T20:37:31.000000,PAYING,PAY CURR
62377,Olivia Brown,"156 Pine Road, Sligo",2025-01-25T21:14:26.000000,SETTLED,SETTLED
64136,Laura Garcia,"146 Cedar Lane, Sligo",2025-01-26T02:21:39.000000,TRACE,GONEAWAY
66755,Laura Martinez,"93 Elm Street, Sligo",2025-01-26T06:30:02.000000,TRACE,GONEAWAY
14567,Sophia Davis,"52 Elm Street, Belfast",2025-01-26T18:10:50.000000,PAYING,PAY CURR
68436,Emma Johnson,"189 Oak Street, Cork",2025-01-26T22:34:25.000000,LEGAL,LEG_NOT
60001,Alex Brown,"57 Cedar Lane, Kilkenny",2025-01-27T01:17:44.000000,LEGAL,HOLD FO
87813,Olivia Johnson,"55 Hillcrest Road, Galway",2025-01-27T04:38:59.000000,LEGAL,LEG_TIT
95291,Michael Garcia,"159 Oak Street, Sligo",2025-01-27T09:32:37.000000,OTHER,ARCHIVED
11352,Alex Johnson,"38 Hillcrest Road, Sligo",2025-01-27T11:44:08.000000,LEGAL,LEG VERIF 1
45571,Emma Martinez,"93 Cedar Lane, Limerick",2025-01-27T12:45:34.000000,OTHER,ARCHIVED
91331,Olivia Rodriguez,"24 Cedar Lane, Dublin",2025-01-28T14:04:22.000000,TRACE,GONEAWAY
66106,Michael Davis,"56 Pine Road, Galway",2025-01-28T19:25:10.000000,PAYING,PAY CURR
75042,Sophia Jones,"52 Cedar Lane, Limerick",2025-01-29T01:20:31.000000,OTHER,ARCHIVED
85557,James Smith,"69 Oak Street, Kilkenny",2025-01-30T00:09:29.000000,TRACE,GONEAWAY
46992,James Williams,"15 Cedar Lane, Dublin",2025-01-30T00:32:16.000000,COLLECTIONS,CANCEL4
70219,John Johnson,"59 Maple Avenue, Sligo",2025-01-30T01:03:33.000000,SETTLED,SETTLED
87813,Olivia Johnson,"55 Hillcrest Road, Galway",2025-01-30T02:11:36.000000,PAYING,PAY CURR
87432,John Martinez,"107 Pine Road, Dublin",2025-01-30T03:06:22.000000,TRACE,GONEAWAY
39776,Maria Davis,"113 Maple Avenue, Kilkenny",2025-01-30T06:04:29.000000,INSOLVENCY,INS3
12247,Laura Smith,"200 Pine Road, Dublin",2025-01-30T08:11:01.000000,INSOLVENCY,INS1
29593,Laura Jones,"9 Cedar Lane, Dublin",2025-01-30T09:22:03.000000,OTHER,ARCHIVED
55047,James Martinez,"78 Pine Road, Waterford",2025-01-30T10:36:52.000000,COLLECTIONS,TELSOLUTIONS1
48354,Michael Smith,"186 Sunset Boulevard, Kilkenny",2025-01-30T12:48:15.000000,TRACE,GONEAWAY
34083,Michael Davis,"37 Hillcrest Road, Cork",2025-01-30T12:50:57.000000,INSOLVENCY,INS1
67303,Laura Smith,"145 Cedar Lane, Belfast",2025-01-30T13:18:37.000000,TRACE,GONEAWAY
25635,David Martinez,"75 Maple Avenue, Galway",2025-01-30T14:35:10.000000,SETTLED,SETTLED
30531,Sarah Garcia,"107 Sunset Boulevard, Waterford",2025-01-30T14:40:59.000000,TRACE,GONEAWAY
92889,John Martinez,"90 Cedar Lane, Waterford",2025-01-30T16:03:59.000000,TRACE,GONEAWAY
78633,James Davis,"20 Maple Avenue, Waterford",2025-01-30T20:33:35.000000,COLLECTIONS,CANCEL2
40659,Sophia Rodriguez,"173 Sunset Boulevard, Kilkenny",2025-01-30T21:02:19.000000,SETTLED,SETTLED
58984,Daniel Brown,"123 Pine Road, Cork",2025-01-31T02:00:08.000000,OTHER,ARCHIVED
58120,Alex Jones,"138 Riverside Drive, Kilkenny",2025-01-31T02:04:58.000000,PAYING,PAY CURR
93809,Sophia Brown,"68 Riverside Drive, Dublin",2025-01-31T04:39:26.000000,COLLECTIONS,CANCEL4
14117,Sophia Jones,"44 Cedar Lane, Dublin",2025-01-31T04:54:07.000000,LEGAL,HOLD FO
19372,Michael Johnson,"33 Maple Avenue, Belfast",2025-01-31T06:26:48.000000,TRACE,GONEAWAY
73556,Emma Rodriguez,"154 Oak Street, Belfast",2025-01-31T09:04:18.000000,COLLECTIONS,CANCEL4
54275,Alex Jones,"90 Oak Street, Sligo",2025-01-31T11:51:26.000000,SETTLED,SETTLED
67687,Maria Martinez,"196 Riverside Drive, Belfast",2025-01-31T11:54:56.000000,COLLECTIONS,PAY OVER
95997,Michael Martinez,"118 Elm Street, Waterford",2025-01-31T12:07:21.000000,PAYING,PAY PROP
44502,Maria Williams,"27 Elm Street, Kilkenny",2025-01-31T12:12:03.000000,COLLECTIONS,PRIME_D
22367,Maria Martinez,"51 Elm Street, Dublin",2025-01-31T13:17:08.000000,LEGAL,LEG_NOT
98909,Michael Rodriguez,"83 Maple Avenue, Limerick",2025-01-31T17:52:37.000000,TRACE,GONEAWAY
20457,Maria Jones,"172 Elm Street, Sligo",2025-01-31T19:31:38.000000,PAYING,PAY PROP
34083,Michael Davis,"37 Hillcrest Road, Cork",2025-02-01T02:36:21.000000,SETTLED,SETTLED
39313,John Jones,"90 Riverside Drive, Waterford",2025-02-01T06:00:07.000000,COLLECTIONS,PAY OVER
86013,Daniel Smith,"124 Sunset Boulevard, Belfast",2025-02-04T05:06:11.000000,PAYING,PAY CURR
13664,Emma Wilson,"1 Cedar Lane, Galway",2025-02-04T06:50:33.000000,TRACE,GONEAWAY
98298,Sarah Williams,"118 Elm Street, Cork",2025-02-04T08:12:00.000000,TRACE,GONEAWAY
43314,Michael Miller,"13 Elm Street, Belfast",2025-02-04T10:11:49.000000,SETTLED,SETTLED
46986,James Martinez,"81 Hillcrest Road, Belfast",2025-02-04T10:20:45.000000,OTHER,ARCHIVED
83620,David Wilson,"122 Pine Road, Waterford",2025-02-04T14:50:11.000000,SETTLED,SETTLED
65156,Sarah Smith,"138 Elm Street, Galway",2025-02-04T14:57:01.000000,COLLECTIONS,CASSIST2
58473,Sophia Brown,"162 Elm Street, Galway",2025-02-04T17:06:27.000000,TRACE,GONEAWAY
84256,Sarah Brown,"185 Elm Street, Waterford",2025-02-04T18:37:10.000000,PAYING,PAY PROP
82735,James Smith,"105 Riverside Drive, Limerick",2025-02-04T20:25:39.000000,OTHER,ARCHIVED
35919,Olivia Rodriguez,"168 Elm Street, Belfast",2025-02-04T22:31:01.000000,COLLECTIONS,PRIME
77395,Olivia Jones,"178 Riverside Drive, Kilkenny",2025-02-05T01:11:27.000000,LEGAL,LEG VERIF 2
81029,Michael Garcia,"163 Elm Street, Waterford",2025-02-05T02:45:11.000000,COLLECTIONS,CASSIST2
87394,Daniel Smith,"142 Sunset Boulevard, Waterford",2025-02-05T03:24:07.000000,LEGAL,LEG VERIF 1
91712,Maria Martinez,"181 Maple Avenue, Dublin",2025-02-05T03:30:28.000000,OTHER,ARCHIVED
42494,Olivia Rodriguez,"146 Pine Road, Waterford",2025-02-05T03:44:56.000000,PAYING,PAY CURR
85922,John Rodriguez,"94 Pine Road, Sligo",2025-02-05T05:24:13.000000,TRACE,GONEAWAY
48388,Alex Smith,"63 Hillcrest Road, Limerick",2025-02-05T07:10:53.000000,TRACE,GONEAWAY
19086,Laura Brown,"88 Cedar Lane, Sligo",2025-02-05T10:11:18.000000,SETTLED,SETTLED
51216,Olivia Martinez,"180 Pine Road, Waterford",2025-02-05T15:33:48.000000,SETTLED,SETTLED
75723,Olivia Williams,"141 Pine Road, Waterford",2025-02-05T15:52:53.000000,COLLECTIONS,PAY OVER
20457,Maria Jones,"172 Elm Street, Sligo",2025-02-05T16:02:07.000000,TRACE,GONEAWAY
17320,Maria Martinez,"117 Sunset Boulevard, Belfast",2025-02-05T17:37:07.000000,TRACE,GONEAWAY
94606,Sophia Davis,"154 Elm Street, Waterford",2025-02-05T18:31:15.000000,INSOLVENCY,INS4
13883,David Smith,"74 Sunset Boulevard, Cork",2025-02-05T19:41:02.000000,LEGAL,HOLD FO
63538,Alex Brown,"134 Hillcrest Road, Cork",2025-02-05T20:23:05.000000,TRACE,GONEAWAY
11254,Maria Brown,"48 Elm Street, Kilkenny",2025-02-05T21:50:07.000000,INSOLVENCY,INS4
87459,Alex Jones,"102 Cedar Lane, Belfast",2025-02-05T22:34:24.000000,COLLECTIONS,CANCEL2
88654,Michael Rodriguez,"128 Oak Street, Kilkenny",2025-02-06T02:41:52.000000,OTHER,ARCHIVED
78987,Maria Smith,"55 Oak Street, Limerick",2025-02-06T04:36:44.000000,SETTLED,SETTLED
31933,David Williams,"15 Elm Street, Cork",2025-02-06T07:24:54.000000,INSOLVENCY,INS3
95291,Michael Garcia,"159 Oak Street, Sligo",2025-02-06T08:07:15.000000,OTHER,ARCHIVED
77395,Olivia Jones,"178 Riverside Drive, Kilkenny",2025-02-06T08:49:52.000000,PAYING,PAY CURR
70629,Michael Rodriguez,"172 Oak Street, Belfast",2025-02-06T09:13:37.000000,TRACE,GONEAWAY
39966,Alex Johnson,"2 Riverside Drive, Limerick",2025-02-06T11:13:46.000000,COLLECTIONS,CANCEL2
28382,Daniel Miller,"64 Maple Avenue, Kilkenny",2025-02-06T12:14:42.000000,SETTLED,SETTLED
17880,Emma Davis,"52 Pine Road, Cork",2025-02-06T16:14:41.000000,PAYING,PAY CURR
84455,Daniel Smith,"118 Maple Avenue, Galway",2025-02-06T23:30:15.000000,LEGAL,HOLD FO
80451,Sophia Wilson,"3 Hillcrest Road, Cork",2025-02-06T23:55:47.000000,INSOLVENCY,INS2
31933,David Williams,"15 Elm Street, Cork",2025-02-08T05:24:32.000000,COLLECTIONS,PRIME
59399,Michael Jones,"5 Hillcrest Road, Kilkenny",2025-02-08T05:38:17.000000,OTHER,ARCHIVED
26514,Sophia Smith,"135 Sunset Boulevard, Limerick",2025-02-08T13:09:22.000000,COLLECTIONS,TELSOLUTIONS1
97661,Laura Williams,"148 Oak Street, Limerick",2025-02-08T15:03:11.000000,TRACE,GONEAWAY
93257,Daniel Williams,"50 Riverside Drive, Sligo",2025-02-08T18:54:05.000000,COLLECTIONS,TELSOLUTIONS4
84845,Sarah Rodriguez,"89 Riverside Drive, Waterford",2025-02-08T22:49:26.000000,COLLECTIONS,PRIME
27497,John Garcia,"165 Maple Avenue, Limerick",2025-02-09T00:06:34.000000,TRACE,GONEAWAY
52017,Maria Wilson,"152 Riverside Drive, Sligo",2025-02-09T01:34:46.000000,PAYING,PAY PROP
16913,Laura Smith,"142 Riverside Drive, Cork",2025-02-09T05:01:33.000000,INSOLVENCY,INS4
86646,Sarah Williams,"29 Hillcrest Road, Galway",2025-02-09T09:51:29.000000,TRACE,GONEAWAY
59344,Olivia Jones,"160 Sunset Boulevard, Limerick",2025-02-09T17:57:19.000000,LEGAL,LEG_TIT
96425,Sophia Martinez,"142 Elm Street, Galway",2025-02-09T20:57:01.000000,LEGAL,HOLD FO
95157,Emma Jones,"67 Elm Street, Galway",2025-02-10T04:15:49.000000,OTHER,ARCHIVED
39453,James Smith,"166 Cedar Lane, Limerick",2025-02-10T05:04:26.000000,COLLECTIONS,PAY OVER
27223,Sophia Rodriguez,"165 Cedar Lane, Kilkenny",2025-02-10T10:10:47.000000,TRACE,GONEAWAY
66755,Laura Martinez,"93 Elm Street, Sligo",2025-02-10T12:23:55.000000,INSOLVENCY,INS3
85922,John Rodriguez,"94 Pine Road, Sligo",2025-02-10T13:16:48.000000,INSOLVENCY,INS3
44502,Maria Williams,"27 Elm Street, Kilkenny",2025-02-10T21:13:38.000000,TRACE,GONEAWAY
62495,Olivia Miller,"154 Elm Street, Limerick",2025-02-11T01:03:47.000000,PAYING,PAY PROP
78416,Laura Wilson,"31 Hillcrest Road, Limerick",2025-02-11T03:00:24.000000,LEGAL,LEG VERIF 1
96772,Laura Brown,"127 Oak Street, Dublin",2025-02-11T05:02:29.000000,INSOLVENCY,INS3
21418,Sarah Miller,"81 Riverside Drive, Galway",2025-02-11T05:12:44.000000,LEGAL,HOLD FO
50515,Sarah Miller,"153 Pine Road, Limerick",2025-02-11T07:47:59.000000,LEGAL,LEG_NOT
60947,Sarah Brown,"145 Elm Street, Dublin",2025-02-11T10:37:36.000000,SETTLED,SETTLED
80893,Alex Wilson,"36 Cedar Lane, Sligo",2025-02-11T12:13:42.000000,PAYING,PAY CURR
60001,Alex Brown,"57 Cedar Lane, Kilkenny",2025-02-11T14:03:39.000000,TRACE,GONEAWAY
36810,Maria Martinez,"81 Riverside Drive, Belfast",2025-02-11T15:12:17.000000,TRACE,GONEAWAY
21453,John Garcia,"90 Sunset Boulevard, Waterford",2025-02-11T17:15:44.000000,PAYING,PAY CURR
61708,John Davis,"142 Elm Street, Dublin",2025-02-11T18:59:15.000000,SETTLED,SETTLED
65428,David Jones,"35 Hillcrest Road, Limerick",2025-02-11T19:44:46.000000,TRACE,GONEAWAY
25073,John Davis,"156 Elm Street, Galway",2025-02-11T20:20:01.000000,INSOLVENCY,INS1
97918,Daniel Smith,"123 Riverside Drive, Sligo",2025-02-11T20:43:14.000000,OTHER,ARCHIVED
15757,Sophia Williams,"79 Sunset Boulevard, Dublin",2025-02-11T20:44:55.000000,INSOLVENCY,INS1
63285,Sarah Williams,"159 Oak Street, Cork",2025-02-11T21:24:15.000000,PAYING,PAY CURR
95997,Michael Martinez,"118 Elm Street, Waterford",2025-02-12T01:24:35.000000,SETTLED,SETTLED
35401,John Miller,"164 Sunset Boulevard, Belfast",2025-02-12T01:56:30.000000,SETTLED,SETTLED
68484,Michael Wilson,"53 Elm Street, Kilkenny",2025-02-12T04:04:54.000000,COLLECTIONS,TELSOLUTIONS4
47933,Emma Brown,"79 Elm Street, Kilkenny",2025-02-12T04:09:31.000000,COLLECTIONS,CANCEL2
27620,Daniel Wilson,"79 Sunset Boulevard, Sligo",2025-02-12T04:29:10.000000,TRACE,GONEAWAY
94751,Emma Rodriguez,"158 Maple Avenue, Kilkenny",2025-02-12T04:48:30.000000,INSOLVENCY,INS4
40856,Alex Rodriguez,"39 Elm Street, Sligo",2025-02-12T05:17:02.000000,TRACE,GONEAWAY
58984,Daniel Brown,"123 Pine Road, Cork",2025-02-12T06:29:37.000000,PAYING,PAY PROP
25733,David Brown,"63 Sunset Boulevard, Kilkenny",2025-02-12T07:00:12.000000,LEGAL,LEG_NOT
13356,James Jones,"85 Cedar Lane, Cork",2025-02-12T07:55:31.000000,INSOLVENCY,INS1
86543,Sophia Davis,"180 Hillcrest Road, Belfast",2025-02-12T09:23:37.000000,OTHER,ARCHIVED
59344,Olivia Jones,"160 Sunset Boulevard, Limerick",2025-02-12T09:43:53.000000,OTHER,ARCHIVED
63848,Emma Williams,"57 Oak Street, Limerick",2025-02-12T10:52:24.000000,COLLECTIONS,TELSOLUTIONS1
93257,Daniel Williams,"50 Riverside Drive, Sligo",2025-02-12T13:50:56.000000,OTHER,ARCHIVED
45495,Michael Smith,"140 Elm Street, Kilkenny",2025-02-12T14:51:08.000000,SETTLED,SETTLED
62495,Olivia Miller,"154 Elm Street, Limerick",2025-02-12T18:36:33.000000,SETTLED,SETTLED
95324,Emma Brown,"136 Cedar Lane, Sligo",2025-02-12T18:37:54.000000,COLLECTIONS,CASSIST2
48880,Alex Martinez,"85 Pine Road, Kilkenny",2025-02-12T19:46:53.000000,OTHER,ARCHIVED
96425,Sophia Martinez,"142 Elm Street, Galway",2025-02-12T22:00:38.000000,OTHER,ARCHIVED
95232,John Rodriguez,"124 Sunset Boulevard, Limerick",2025-02-13T00:30:21.000000,LEGAL,LEG VERIF 2
45548,Maria Wilson,"163 Maple Avenue, Dublin",2025-02-13T01:41:33.000000,INSOLVENCY,INS4
86556,Michael Brown,"113 Elm Street, Kilkenny",2025-02-13T07:15:09.000000,INSOLVENCY,INSP
21399,David Williams,"41 Pine Road, Sligo",2025-02-13T11:59:50.000000,PAYING,PAY CURR
38921,David Rodriguez,"132 Pine Road, Belfast",2025-02-13T13:28:00.000000,SETTLED,SETTLED
58244,Emma Wilson,"6 Hillcrest Road, Limerick",2025-02-13T15:16:26.000000,TRACE,GONEAWAY
44476,David Martinez,"26 Cedar Lane, Cork",2025-02-13T17:36:47.000000,OTHER,ARCHIVED
16402,Sarah Rodriguez,"146 Maple Avenue, Limerick",2025-02-13T20:42:32.000000,COLLECTIONS,CANCEL4
96035,Laura Garcia,"59 Maple Avenue, Sligo",2025-02-14T00:15:12.000000,LEGAL,LEG_TIT
94400,Michael Miller,"104 Cedar Lane, Dublin",2025-02-14T03:42:42.000000,COLLECTIONS,CANCEL2
35861,David Johnson,"103 Cedar Lane, Galway",2025-02-14T05:00:23.000000,OTHER,ARCHIVED
89176,Sarah Johnson,"105 Cedar Lane, Galway",2025-02-14T05:58:42.000000,SETTLED,SETTLED
99694,Sophia Rodriguez,"10 Elm Street, Belfast",2025-02-14T07:25:28.000000,SETTLED,SETTLED
32687,Michael Wilson,"97 Cedar Lane, Dublin",2025-02-14T08:13:29.000000,COLLECTIONS,CANCEL4
57074,James Jones,"76 Sunset Boulevard, Dublin",2025-02-14T08:25:48.000000,INSOLVENCY,INS1
62836,Sarah Brown,"85 Pine Road, Sligo",2025-02-14T11:20:57.000000,OTHER,ARCHIVED
71048,Maria Brown,"124 Maple Avenue, Belfast",2025-02-14T11:23:00.000000,TRACE,GONEAWAY
70219,John Johnson,"59 Maple Avenue, Sligo",2025-02-14T12:09:09.000000,SETTLED,SETTLED
45571,Emma Martinez,"93 Cedar Lane, Limerick",2025-02-14T13:05:56.000000,INSOLVENCY,INS3
94400,Michael Miller,"104 Cedar Lane, Dublin",2025-02-14T13:28:03.000000,SETTLED,SETTLED
43403,Laura Brown,"183 Hillcrest Road, Dublin",2025-02-14T14:48:50.000000,OTHER,ARCHIVED
82324,David Smith,"60 Maple Avenue, Limerick",2025-02-14T16:16:55.000000,SETTLED,SETTLED
23780,David Williams,"197 Hillcrest Road, Cork",2025-02-14T17:38:33.000000,COLLECTIONS,PRIME_D
88060,David Johnson,"107 Pine Road, Waterford",2025-02-14T18:20:43.000000,OTHER,ARCHIVED
29623,James Smith,"134 Riverside Drive, Waterford",2025-02-14T18:29:16.000000,TRACE,GONEAWAY
83051,James Miller,"200 Hillcrest Road, Waterford",2025-02-14T18:35:32.000000,OTHER,ARCHIVED
21399,David Williams,"41 Pine Road, Sligo",2025-02-14T19:11:20.000000,COLLECTIONS,PAY OVER
13883,David Smith,"74 Sunset Boulevard, Cork",2025-02-15T00:48:21.000000,LEGAL,HOLD FO
84211,John Garcia,"23 Maple Avenue, Dublin",2025-02-15T00:56:11.000000,TRACE,GONEAWAY
17821,Daniel Williams,"88 Cedar Lane, Limerick",2025-02-15T01:20:58.000000,SETTLED,SETTLED
92829,Michael Jones,"2 Sunset Boulevard, Kilkenny",2025-02-15T02:08:25.000000,INSOLVENCY,INS1
95948,James Davis,"45 Riverside Drive, Cork",2025-02-15T02:23:55.000000,COLLECTIONS,TELSOLUTIONS4
62495,Olivia Miller,"154 Elm Street, Limerick",2025-02-15T02:41:24.000000,LEGAL,LEG VERIF 2
81634,David Jones,"195 Hillcrest Road, Dublin",2025-02-15T04:51:45.000000,COLLECTIONS,CASSIST2
47450,Olivia Smith,"2 Cedar Lane, Limerick",2025-02-15T07:50:16.000000,OTHER,ARCHIVED
79521,Sophia Jones,"196 Sunset Boulevard, Cork",2025-02-15T10:11:28.000000,SETTLED,SETTLED
33347,David Jones,"157 Sunset Boulevard, Sligo",2025-02-15T12:03:18.000000,TRACE,GONEAWAY
73732,Laura Williams,"139 Maple Avenue, Galway",2025-02-15T12:39:46.000000,OTHER,ARCHIVED
86543,Sophia Davis,"180 Hillcrest Road, Belfast",2025-02-15T12:41:24.000000,LEGAL,LEG VERIF 1
85466,David Williams,"131 Cedar Lane, Dublin",2025-02-15T12:50:19.000000,SETTLED,SETTLED
46992,James Williams,"15 Cedar Lane, Dublin",2025-02-15T13:05:26.000000,OTHER,ARCHIVED
21399,David Williams,"41 Pine Road, Sligo",2025-02-15T14:41:19.000000,LEGAL,LEG VERIF 2
95324,Emma Brown,"136 Cedar Lane, Sligo",2025-02-15T14:46:38.000000,COLLECTIONS,TELSOLUTIONS4
30531,Sarah Garcia,"107 Sunset Boulevard, Waterford",2025-02-15T18:40:25.000000,PAYING,PAY PROP
32832,Sophia Davis,"68 Sunset Boulevard, Limerick",2025-02-16T04:07:30.000000,OTHER,ARCHIVED
96035,Laura Garcia,"59 Maple Avenue, Sligo",2025-02-16T04:45:36.000000,LEGAL,LEG VERIF 2
66158,Emma Martinez,"99 Cedar Lane, Waterford",2025-02-16T06:50:33.000000,TRACE,GONEAWAY
39313,John Jones,"90 Riverside Drive, Waterford",2025-02-16T08:20:21.000000,INSOLVENCY,INSP
17880,Emma Davis,"52 Pine Road, Cork",2025-02-16T10:19:45.000000,TRACE,GONEAWAY
13356,James Jones,"85 Cedar Lane, Cork",2025-02-16T15:17:11.000000,OTHER,ARCHIVED
62495,Olivia Miller,"154 Elm Street, Limerick",2025-02-16T16:08:20.000000,INSOLVENCY,INS1
37781,David Wilson,"105 Riverside Drive, Belfast",2025-02-17T01:40:18.000000,SETTLED,SETTLED
30943,Sarah Brown,"85 Sunset Boulevard, Dublin",2025-02-17T02:26:17.000000,OTHER,ARCHIVED
52055,Maria Garcia,"136 Sunset Boulevard, Limerick",2025-02-17T04:46:34.000000,INSOLVENCY,INS3
11336,Emma Smith,"64 Pine Road, Sligo",2025-02-17T07:28:07.000000,TRACE,GONEAWAY
66787,Alex Rodriguez,"26 Elm Street, Sligo",2025-02-17T11:21:08.000000,LEGAL,LEG VERIF 2
70219,John Johnson,"59 Maple Avenue, Sligo",2025-02-17T13:37:00.000000,INSOLVENCY,INS4
91099,John Brown,"171 Elm Street, Belfast",2025-02-17T16:09:42.000000,PAYING,PAY PROP
51216,Olivia Martinez,"180 Pine Road, Waterford",2025-02-17T16:38:52.000000,INSOLVENCY,INS3
92255,Sophia Martinez,"67 Maple Avenue, Sligo",2025-02-17T17:27:29.000000,TRACE,GONEAWAY
55200,Maria Johnson,"134 Elm Street, Galway",2025-02-17T17:36:27.000000,SETTLED,SETTLED
61708,John Davis,"142 Elm Street, Dublin",2025-02-17T23:42:17.000000,OTHER,ARCHIVED
77513,Laura Smith,"35 Hillcrest Road, Belfast",2025-02-18T00:39:19.000000,LEGAL,LEG_NOT
69791,Michael Rodriguez,"160 Maple Avenue, Belfast",2025-02-18T01:15:22.000000,PAYING,PAY CURR
49999,James Miller,"47 Riverside Drive, Limerick",2025-02-18T02:56:02.000000,TRACE,GONEAWAY
42371,David Williams,"102 Elm Street, Belfast",2025-02-18T04:53:03.000000,INSOLVENCY,INS1
33347,David Jones,"157 Sunset Boulevard, Sligo",2025-02-18T05:51:18.000000,PAYING,PAY PROP
10180,Olivia Davis,"3 Elm Street, Limerick",2025-02-18T07:51:39.000000,COLLECTIONS,TELSOLUTIONS1
20307,James Williams,"149 Riverside Drive, Limerick",2025-02-18T11:34:46.000000,PAYING,PAY CURR
86556,Michael Brown,"113 Elm Street, Kilkenny",2025-02-18T11:49:52.000000,LEGAL,HOLD FO
69313,Alex Davis,"143 Riverside Drive, Cork",2025-02-18T12:21:01.000000,COLLECTIONS,TELSOLUTIONS1
84211,John Garcia,"23 Maple Avenue, Dublin",2025-02-18T13:18:27.000000,INSOLVENCY,INS2
34083,Michael Davis,"37 Hillcrest Road, Cork",2025-02-18T21:22:02.000000,COLLECTIONS,PRIME
77521,Michael Martinez,"104 Sunset Boulevard, Galway",2025-02-18T23:09:10.000000,COLLECTIONS,CANCEL2
91142,Michael Rodriguez,"159 Pine Road, Waterford",2025-02-19T00:42:21.000000,PAYING,PAY PROP
64070,Laura Davis,"42 Elm Street, Galway",2025-02-19T09:07:49.000000,LEGAL,HOLD FO
21418,Sarah Miller,"81 Riverside Drive, Galway",2025-02-19T10:34:54.000000,PAYING,PAY PROP
57663,John Johnson,"101 Oak Street, Belfast",2025-02-19T12:07:02.000000,PAYING,PAY CURR
40198,Alex Williams,"6 Maple Avenue, Kilkenny",2025-02-19T16:42:17.000000,PAYING,PAY CURR
94193,David Rodriguez,"28 Cedar Lane, Sligo",2025-02-19T16:55:04.000000,SETTLED,SETTLED
65559,Sophia Miller,"7 Maple Avenue, Kilkenny",2025-02-19T17:43:16.000000,COLLECTIONS,PRIME
92255,Sophia Martinez,"67 Maple Avenue, Sligo",2025-02-19T19:07:43.000000,OTHER,ARCHIVED
33376,Emma Smith,"35 Sunset Boulevard, Kilkenny",2025-02-19T21:51:04.000000,OTHER,ARCHIVED
79521,Sophia Jones,"196 Sunset Boulevard, Cork",2025-02-19T22:45:18.000000,TRACE,GONEAWAY
92255,Sophia Martinez,"67 Maple Avenue, Sligo",2025-02-21T02:45:18.000000,TRACE,GONEAWAY
39966,Alex Johnson,"2 Riverside Drive, Limerick",2025-02-21T03:47:21.000000,LEGAL,HOLD FO
38921,David Rodriguez,"132 Pine Road, Belfast",2025-02-21T05:37:03.000000,PAYING,PAY PROP
91001,Maria Martinez,"127 Maple Avenue, Waterford",2025-02-21T06:19:11.000000,INSOLVENCY,INS4
31933,David Williams,"15 Elm Street, Cork",2025-02-21T06:20:41.000000,COLLECTIONS,PAY OVER
48786,Sophia Martinez,"56 Hillcrest Road, Dublin",2025-02-21T11:09:15.000000,PAYING,PAY CURR
56961,John Brown,"83 Riverside Drive, Galway",2025-02-21T13:00:44.000000,COLLECTIONS,CANCEL2
98909,Michael Rodriguez,"83 Maple Avenue, Limerick",2025-02-21T13:26:50.000000,COLLECTIONS,CANCEL4
36291,David Davis,"39 Elm Street, Dublin",2025-02-21T13:46:04.000000,COLLECTIONS,PAY OVER
52087,Maria Brown,"120 Hillcrest Road, Belfast",2025-02-21T14:36:25.000000,TRACE,GONEAWAY
78987,Maria Smith,"55 Oak Street, Limerick",2025-02-21T17:14:22.000000,TRACE,GONEAWAY
83620,David Wilson,"122 Pine Road, Waterford",2025-02-22T04:12:30.000000,INSOLVENCY,INSP
58473,Sophia Brown,"162 Elm Street, Galway",2025-02-22T05:04:41.000000,TRACE,GONEAWAY
36459,Sarah Williams,"52 Oak Street, Belfast",2025-02-22T05:09:56.000000,INSOLVENCY,INS2
57819,John Garcia,"141 Elm Street, Sligo",2025-02-22T08:11:12.000000,SETTLED,SETTLED
55047,James Martinez,"78 Pine Road, Waterford",2025-02-22T11:44:51.000000,TRACE,GONEAWAY
35227,Emma Brown,"44 Hillcrest Road, Sligo",2025-02-22T13:47:04.000000,LEGAL,HOLD FO
86086,Laura Garcia,"68 Pine Road, Sligo",2025-02-22T14:53:30.000000,LEGAL,HOLD FO
92829,Michael Jones,"2 Sunset Boulevard, Kilkenny",2025-02-22T15:04:35.000000,COLLECTIONS,CANCEL2
13124,David Rodriguez,"90 Elm Street, Waterford",2025-02-22T16:07:52.000000,INSOLVENCY,INS3
13356,James Jones,"85 Cedar Lane, Cork",2025-02-22T16:28:07.000000,LEGAL,LEG VERIF 1
52137,David Brown,"158 Cedar Lane, Sligo",2025-02-22T16:33:08.000000,OTHER,ARCHIVED
40987,Sophia Martinez,"72 Pine Road, Cork",2025-02-22T17:02:14.000000,INSOLVENCY,INS1
57819,John Garcia,"141 Elm Street, Sligo",2025-02-22T17:54:26.000000,LEGAL,HOLD FO
83652,Maria Brown,"121 Elm Street, Limerick",2025-02-22T18:16:13.000000,INSOLVENCY,INS4
13664,Emma Wilson,"1 Cedar Lane, Galway",2025-02-22T19:47:27.000000,INSOLVENCY,INS3
45153,Sophia Davis,"16 Maple Avenue, Kilkenny",2025-02-22T20:08:01.000000,TRACE,GONEAWAY
25000,Maria Martinez,"48 Elm Street, Galway",2025-02-22T21:17:28.000000,TRACE,GONEAWAY
34083,Michael Davis,"37 Hillcrest Road, Cork",2025-02-22T21:54:54.000000,LEGAL,LEG_NOT
26066,James Jones,"161 Pine Road, Waterford",2025-02-22T22:06:24.000000,SETTLED,SETTLED
45153,Sophia Davis,"16 Maple Avenue, Kilkenny",2025-02-22T22:39:47.000000,SETTLED,SETTLED
97280,Maria Wilson,"104 Oak Street, Galway",2025-02-23T00:09:59.000000,COLLECTIONS,PRIME
29593,Laura Jones,"9 Cedar Lane, Dublin",2025-02-23T04:20:56.000000,LEGAL,LEG_TIT
68861,Emma Rodriguez,"115 Sunset Boulevard, Cork",2025-02-24T00:09:25.000000,PAYING,PAY PROP
82095,Sophia Johnson,"114 Riverside Drive, Galway",2025-02-24T00:35:30.000000,SETTLED,SETTLED
21698,Emma Miller,"48 Cedar Lane, Dublin",2025-02-24T01:37:01.000000,COLLECTIONS,TELSOLUTIONS1
63368,John Johnson,"56 Elm Street, Limerick",2025-02-24T01:41:10.000000,OTHER,ARCHIVED
98298,Sarah Williams,"118 Elm Street, Cork",2025-02-24T02:23:31.000000,OTHER,ARCHIVED
59940,James Smith,"74 Elm Street, Kilkenny",2025-02-24T06:08:48.000000,PAYING,PAY PROP
48786,Sophia Martinez,"56 Hillcrest Road, Dublin",2025-02-24T07:23:57.000000,PAYING,PAY PROP
97280,Maria Wilson,"104 Oak Street, Galway",2025-02-24T08:03:23.000000,COLLECTIONS,TELSOLUTIONS4
59940,James Smith,"74 Elm Street, Kilkenny",2025-02-24T12:02:09.000000,TRACE,GONEAWAY
31463,Sarah Garcia,"113 Hillcrest Road, Galway",2025-02-24T14:16:44.000000,COLLECTIONS,CASSIST2
85922,John Rodriguez,"94 Pine Road, Sligo",2025-02-24T14:24:35.000000,COLLECTIONS,PAY OVER
21489,Daniel Jones,"50 Riverside Drive, Galway",2025-02-24T14:40:54.000000,TRACE,GONEAWAY
47808,James Garcia,"200 Elm Street, Belfast",2025-02-24T18:57:41.000000,INSOLVENCY,INS4
85557,James Smith,"69 Oak Street, Kilkenny",2025-02-24T19:03:52.000000,OTHER,ARCHIVED
11356,Maria Williams,"147 Oak Street, Galway",2025-02-24T20:48:38.000000,LEGAL,HOLD FO
67701,Alex Brown,"116 Maple Avenue, Waterford",2025-02-24T23:19:08.000000,TRACE,GONEAWAY
39453,James Smith,"166 Cedar Lane, Limerick",2025-02-25T02:32:14.000000,PAYING,PAY CURR
21415,David Jones,"172 Maple Avenue, Kilkenny",2025-02-25T03:58:42.000000,OTHER,ARCHIVED
68126,Olivia Davis,"162 Maple Avenue, Limerick",2025-02-25T04:06:16.000000,TRACE,GONEAWAY
69833,Laura Garcia,"200 Hillcrest Road, Kilkenny",2025-02-25T04:47:50.000000,INSOLVENCY,INS2
62595,Sarah Davis,"25 Pine Road, Sligo",2025-02-25T05:54:09.000000,INSOLVENCY,INS2
74894,Emma Garcia,"190 Sunset Boulevard, Belfast",2025-02-25T07:03:22.000000,INSOLVENCY,INSP
91537,David Martinez,"163 Pine Road, Sligo",2025-02-25T10:40:40.000000,INSOLVENCY,INS3
73634,Daniel Johnson,"43 Hillcrest Road, Waterford",2025-02-25T13:02:48.000000,COLLECTIONS,CANCEL2
58434,James Rodriguez,"134 Maple Avenue, Belfast",2025-02-25T21:05:41.000000,LEGAL,HOLD FO
63368,John Johnson,"56 Elm Street, Limerick",2025-02-26T00:23:51.000000,OTHER,ARCHIVED
82487,Daniel Miller,"195 Riverside Drive, Belfast",2025-02-26T00:47:55.000000,OTHER,ARCHIVED
34002,James Johnson,"200 Oak Street, Waterford",2025-02-26T03:58:37.000000,SETTLED,SETTLED
82789,Maria Garcia,"57 Oak Street, Galway",2025-02-26T14:05:44.000000,COLLECTIONS,PAY OVER
36459,Sarah Williams,"52 Oak Street, Belfast",2025-02-26T15:00:40.000000,LEGAL,LEG VERIF 2
19986,Alex Smith,"130 Oak Street, Galway",2025-02-26T15:23:13.000000,LEGAL,HOLD FO
47808,James Garcia,"200 Elm Street, Belfast",2025-02-26T17:52:14.000000,SETTLED,SETTLED
68436,Emma Johnson,"189 Oak Street, Cork",2025-02-26T19:03:17.000000,LEGAL,LEG VERIF 1
86494,Laura Jones,"188 Sunset Boulevard, Dublin",2025-02-26T21:01:36.000000,OTHER,ARCHIVED
11916,John Miller,"42 Cedar Lane, Kilkenny",2025-02-26T21:44:43.000000,LEGAL,LEG VERIF 2
32252,Michael Brown,"111 Elm Street, Belfast",2025-02-26T23:58:06.000000,SETTLED,SETTLED
96425,Sophia Martinez,"142 Elm Street, Galway",2025-02-27T04:24:51.000000,SETTLED,SETTLED
40079,Sarah Wilson,"112 Elm Street, Belfast",2025-02-27T04:51:11.000000,COLLECTIONS,CANCEL2
42371,David Williams,"102 Elm Street, Belfast",2025-02-27T08:01:43.000000,COLLECTIONS,CANCEL2
46369,Emma Jones,"85 Sunset Boulevard, Sligo",2025-02-27T09:26:29.000000,OTHER,ARCHIVED
45539,James Johnson,"88 Maple Avenue, Sligo",2025-02-27T09:47:17.000000,SETTLED,SETTLED
30531,Sarah Garcia,"107 Sunset Boulevard, Waterford",2025-02-27T10:25:15.000000,COLLECTIONS,PAY OVER
57417,Daniel Smith,"175 Hillcrest Road, Limerick",2025-02-27T10:44:45.000000,TRACE,GONEAWAY
31903,Alex Brown,"183 Cedar Lane, Waterford",2025-02-27T11:45:25.000000,LEGAL,LEG VERIF 2
21489,Daniel Jones,"50 Riverside Drive, Galway",2025-02-27T12:11:36.000000,PAYING,PAY CURR
57819,John Garcia,"141 Elm Street, Sligo",2025-02-27T12:34:23.000000,OTHER,ARCHIVED
67687,Maria Martinez,"196 Riverside Drive, Belfast",2025-02-27T15:40:10.000000,PAYING,PAY CURR
87813,Olivia Johnson,"55 Hillcrest Road, Galway",2025-02-27T16:31:00.000000,COLLECTIONS,PAY OVER
40659,Sophia Rodriguez,"173 Sunset Boulevard, Kilkenny",2025-02-27T17:02:19.000000,OTHER,ARCHIVED
25073,John Davis,"156 Elm Street, Galway",2025-02-27T17:28:00.000000,SETTLED,SETTLED
16628,Sarah Rodriguez,"164 Pine Road, Galway",2025-02-27T18:49:03.000000,COLLECTIONS,CANCEL2
87394,Daniel Smith,"142 Sunset Boulevard, Waterford",2025-02-27T20:22:08.000000,COLLECTIONS,CANCEL2
93774,James Jones,"97 Elm Street, Waterford",2025-02-27T20:23:01.000000,SETTLED,SETTLED
30817,Daniel Johnson,"134 Hillcrest Road, Limerick",2025-02-27T20:28:48.000000,LEGAL,HOLD FO
96772,Laura Brown,"127 Oak Street, Dublin",2025-02-27T22:35:31.000000,LEGAL,LEG_TIT
37628,Maria Johnson,"30 Pine Road, Cork",2025-02-27T23:33:17.000000,TRACE,GONEAWAY
32832,Sophia Davis,"68 Sunset Boulevard, Limerick",2025-02-28T06:34:35.000000,COLLECTIONS,CASSIST2
40659,Sophia Rodriguez,"173 Sunset Boulevard, Kilkenny",2025-02-28T06:55:58.000000,LEGAL,LEG VERIF 1
46545,David Davis,"101 Sunset Boulevard, Waterford",2025-02-28T10:02:09.000000,TRACE,GONEAWAY
68126,Olivia Davis,"162 Maple Avenue, Limerick",2025-02-28T13:02:56.000000,COLLECTIONS,CANCEL4
34002,James Johnson,"200 Oak Street, Waterford",2025-02-28T17:38:48.000000,TRACE,GONEAWAY
14961,John Davis,"179 Riverside Drive, Dublin",2025-02-28T23:23:12.000000,SETTLED,SETTLED
54765,Daniel Johnson,"88 Maple Avenue, Galway",2025-03-01T06:34:33.000000,OTHER,ARCHIVED
26696,Sarah Rodriguez,"73 Maple Avenue, Kilkenny",2025-03-01T07:00:32.000000,LEGAL,LEG VERIF 2
52017,Maria Wilson,"152 Riverside Drive, Sligo",2025-03-01T14:02:47.000000,TRACE,GONEAWAY
67443,Sarah Brown,"134 Cedar Lane, Galway",2025-03-01T19:46:20.000000,PAYING,PAY PROP
91710,Olivia Williams,"53 Sunset Boulevard, Limerick",2025-03-01T21:22:28.000000,OTHER,ARCHIVED
91001,Maria Martinez,"127 Maple Avenue, Waterford",2025-03-01T23:04:17.000000,PAYING,PAY PROP
77395,Olivia Jones,"178 Riverside Drive, Kilkenny",2025-03-01T23:24:54.000000,PAYING,PAY PROP
65559,Sophia Miller,"7 Maple Avenue, Kilkenny",2025-03-01T23:58:28.000000,SETTLED,SETTLED
42747,Sarah Brown,"179 Hillcrest Road, Waterford",2025-03-02T00:29:18.000000,SETTLED,SETTLED
10180,Olivia Davis,"3 Elm Street, Limerick",2025-03-02T02:08:06.000000,OTHER,ARCHIVED
51089,Laura Garcia,"41 Maple Avenue, Galway",2025-03-02T03:37:35.000000,PAYING,PAY PROP
26168,Maria Williams,"120 Cedar Lane, Belfast",2025-03-02T03:59:56.000000,OTHER,ARCHIVED
25000,Maria Martinez,"48 Elm Street, Galway",2025-03-02T08:20:59.000000,TRACE,GONEAWAY
87394,Daniel Smith,"142 Sunset Boulevard, Waterford",2025-03-02T10:25:30.000000,TRACE,GONEAWAY
59344,Olivia Jones,"160 Sunset Boulevard, Limerick",2025-03-02T12:04:59.000000,LEGAL,LEG VERIF 1
29623,James Smith,"134 Riverside Drive, Waterford",2025-03-02T12:08:32.000000,TRACE,GONEAWAY
27543,John Jones,"90 Elm Street, Kilkenny",2025-03-02T13:11:47.000000,INSOLVENCY,INS2
96425,Sophia Martinez,"142 Elm Street, Galway",2025-03-02T17:49:06.000000,COLLECTIONS,TELSOLUTIONS4
54885,Olivia Williams,"53 Riverside Drive, Galway",2025-03-02T18:21:07.000000,SETTLED,SETTLED
62377,Olivia Brown,"156 Pine Road, Sligo",2025-03-02T18:57:36.000000,COLLECTIONS,CASSIST2
65156,Sarah Smith,"138 Elm Street, Galway",2025-03-02T19:09:58.000000,TRACE,GONEAWAY
36459,Sarah Williams,"52 Oak Street, Belfast",2025-03-03T02:34:20.000000,SETTLED,SETTLED
17948,Alex Martinez,"128 Riverside Drive, Kilkenny",2025-03-03T05:10:35.000000,OTHER,ARCHIVED
12247,Laura Smith,"200 Pine Road, Dublin",2025-03-04T02:13:41.000000,OTHER,ARCHIVED
64246,Laura Smith,"182 Riverside Drive, Galway",2025-03-04T03:43:09.000000,LEGAL,LEG_NOT
66755,Laura Martinez,"93 Elm Street, Sligo",2025-03-04T10:14:50.000000,LEGAL,LEG_NOT
79212,Sophia Rodriguez,"177 Oak Street, Belfast",2025-03-04T10:46:50.000000,LEGAL,LEG_TIT
59940,James Smith,"74 Elm Street, Kilkenny",2025-03-04T13:58:58.000000,INSOLVENCY,INS4
13883,David Smith,"74 Sunset Boulevard, Cork",2025-03-04T14:59:09.000000,COLLECTIONS,CANCEL2
54549,Olivia Miller,"41 Hillcrest Road, Kilkenny",2025-03-04T15:09:43.000000,COLLECTIONS,TELSOLUTIONS1
86556,Michael Brown,"113 Elm Street, Kilkenny",2025-03-04T17:51:34.000000,OTHER,ARCHIVED
21453,John Garcia,"90 Sunset Boulevard, Waterford",2025-03-04T19:39:39.000000,SETTLED,SETTLED
87813,Olivia Johnson,"55 Hillcrest Road, Galway",2025-03-04T21:44:36.000000,TRACE,GONEAWAY
46662,Michael Johnson,"87 Elm Street, Kilkenny",2025-03-04T23:09:30.000000,PAYING,PAY CURR
47801,John Johnson,"44 Cedar Lane, Dublin",2025-03-04T23:29:38.000000,PAYING,PAY PROP
82735,James Smith,"105 Riverside Drive, Limerick",2025-03-05T00:33:56.000000,COLLECTIONS,TELSOLUTIONS1
86494,Laura Jones,"188 Sunset Boulevard, Dublin",2025-03-05T01:00:45.000000,LEGAL,LEG_NOT
76500,John Garcia,"176 Sunset Boulevard, Cork",2025-03-05T02:45:13.000000,COLLECTIONS,PRIME
55200,Maria Johnson,"134 Elm Street, Galway",2025-03-05T05:44:09.000000,PAYING,PAY PROP
94606,Sophia Davis,"154 Elm Street, Waterford",2025-03-05T06:02:39.000000,TRACE,GONEAWAY
19372,Michael Johnson,"33 Maple Avenue, Belfast",2025-03-05T09:49:33.000000,COLLECTIONS,PRIME
82487,Daniel Miller,"195 Riverside Drive, Belfast",2025-03-05T10:24:16.000000,SETTLED,SETTLED
19675,James Davis,"154 Hillcrest Road, Dublin",2025-03-05T14:05:41.000000,INSOLVENCY,INS2
92829,Michael Jones,"2 Sunset Boulevard, Kilkenny",2025-03-05T14:40:19.000000,PAYING,PAY CURR
62595,Sarah Davis,"25 Pine Road, Sligo",2025-03-05T14:49:42.000000,SETTLED,SETTLED
88060,David Johnson,"107 Pine Road, Waterford",2025-03-05T15:33:05.000000,TRACE,GONEAWAY
73332,Laura Miller,"138 Elm Street, Galway",2025-03-05T15:47:16.000000,COLLECTIONS,TELSOLUTIONS4
89946,John Brown,"125 Maple Avenue, Cork",2025-03-05T17:22:17.000000,LEGAL,HOLD FO
33687,Michael Wilson,"175 Pine Road, Belfast",2025-03-05T19:34:22.000000,LEGAL,LEG_TIT
59399,Michael Jones,"5 Hillcrest Road, Kilkenny",2025-03-05T21:32:41.000000,TRACE,GONEAWAY
62595,Sarah Davis,"25 Pine Road, Sligo",2025-03-05T21:47:41.000000,INSOLVENCY,INS1
23780,David Williams,"197 Hillcrest Road, Cork",2025-03-05T21:55:47.000000,INSOLVENCY,INS1
41979,Daniel Williams,"168 Elm Street, Cork",2025-03-05T22:58:53.000000,PAYING,PAY PROP
61934,Sarah Johnson,"36 Maple Avenue, Cork",2025-03-05T23:22:01.000000,SETTLED,SETTLED
29623,James Smith,"134 Riverside Drive, Waterford",2025-03-05T23:46:28.000000,INSOLVENCY,INS4
67701,Alex Brown,"116 Maple Avenue, Waterford",2025-03-06T09:19:03.000000,INSOLVENCY,INS2
89946,John Brown,"125 Maple Avenue, Cork",2025-03-06T11:26:01.000000,INSOLVENCY,INS3
21453,John Garcia,"90 Sunset Boulevard, Waterford",2025-03-07T00:15:24.000000,OTHER,ARCHIVED
94606,Sophia Davis,"154 Elm Street, Waterford",2025-03-07T02:40:10.000000,OTHER,ARCHIVED
52087,Maria Brown,"120 Hillcrest Road, Belfast",2025-03-07T04:21:02.000000,OTHER,ARCHIVED
35401,John Miller,"164 Sunset Boulevard, Belfast",2025-03-07T22:12:19.000000,TRACE,GONEAWAY
68436,Emma Johnson,"189 Oak Street, Cork",2025-03-08T02:43:54.000000,TRACE,GONEAWAY
62345,Laura Miller,"189 Cedar Lane, Cork",2025-03-08T04:40:34.000000,PAYING,PAY CURR
60048,Sophia Williams,"132 Hillcrest Road, Waterford",2025-03-08T04:59:01.000000,PAYING,PAY CURR
89612,Daniel Jones,"194 Cedar Lane, Cork",2025-03-08T05:25:38.000000,INSOLVENCY,INS3
71914,Daniel Johnson,"76 Riverside Drive, Belfast",2025-03-08T05:38:50.000000,SETTLED,SETTLED
90467,Laura Williams,"8 Maple Avenue, Galway",2025-03-08T05:46:26.000000,TRACE,GONEAWAY
46545,David Davis,"101 Sunset Boulevard, Waterford",2025-03-08T09:05:49.000000,COLLECTIONS,CANCEL4
66158,Emma Martinez,"99 Cedar Lane, Waterford",2025-03-08T09:27:29.000000,LEGAL,LEG_NOT
61582,David Garcia,"77 Riverside Drive, Belfast",2025-03-08T12:15:30.000000,COLLECTIONS,TELSOLUTIONS4
14961,John Davis,"179 Riverside Drive, Dublin",2025-03-08T13:10:24.000000,LEGAL,LEG_TIT
95274,Laura Jones,"120 Maple Avenue, Kilkenny",2025-03-08T14:52:30.000000,SETTLED,SETTLED
95274,Laura Jones,"120 Maple Avenue, Kilkenny",2025-03-08T15:26:56.000000,OTHER,ARCHIVED
12247,Laura Smith,"200 Pine Road, Dublin",2025-03-08T15:59:50.000000,INSOLVENCY,INSP
15680,John Miller,"125 Sunset Boulevard, Sligo",2025-03-08T17:37:50.000000,SETTLED,SETTLED
79521,Sophia Jones,"196 Sunset Boulevard, Cork",2025-03-08T18:35:55.000000,INSOLVENCY,INS3
28442,Emma Rodriguez,"145 Elm Street, Dublin",2025-03-08T20:25:39.000000,COLLECTIONS,CANCEL2
69791,Michael Rodriguez,"160 Maple Avenue, Belfast",2025-03-08T20:59:29.000000,TRACE,GONEAWAY
55558,James Wilson,"110 Sunset Boulevard, Sligo",2025-03-08T21:19:11.000000,PAYING,PAY CURR
40540,Daniel Martinez,"168 Pine Road, Cork",2025-03-08T22:58:09.000000,INSOLVENCY,INSP
15004,Sarah Martinez,"4 Hillcrest Road, Limerick",2025-03-08T23:11:40.000000,PAYING,PAY CURR
33347,David Jones,"157 Sunset Boulevard, Sligo",2025-03-09T00:16:13.000000,SETTLED,SETTLED
44476,David Martinez,"26 Cedar Lane, Cork",2025-03-09T01:39:04.000000,SETTLED,SETTLED
30496,John Wilson,"28 Riverside Drive, Galway",2025-03-09T02:14:06.000000,COLLECTIONS,CANCEL2
77262,Daniel Garcia,"46 Sunset Boulevard, Limerick",2025-03-09T03:57:35.000000,COLLECTIONS,TELSOLUTIONS1
34629,Alex Martinez,"67 Sunset Boulevard, Galway",2025-03-09T04:32:14.000000,TRACE,GONEAWAY
60199,Sophia Brown,"114 Sunset Boulevard, Limerick",2025-03-09T07:15:36.000000,COLLECTIONS,PRIME
30746,Alex Miller,"32 Oak Street, Cork",2025-03-09T09:08:16.000000,TRACE,GONEAWAY
89082,Michael Smith,"188 Hillcrest Road, Belfast",2025-03-09T12:33:15.000000,COLLECTIONS,TELSOLUTIONS4
86015,Sarah Miller,"151 Sunset Boulevard, Kilkenny",2025-03-09T16:16:38.000000,LEGAL,LEG VERIF 1
38899,Laura Smith,"119 Sunset Boulevard, Waterford",2025-03-09T17:35:06.000000,TRACE,GONEAWAY
30817,Daniel Johnson,"134 Hillcrest Road, Limerick",2025-03-09T21:14:16.000000,COLLECTIONS,TELSOLUTIONS4
37744,Sophia Miller,"115 Oak Street, Limerick",2025-03-09T21:27:32.000000,COLLECTIONS,PRIME_D
39453,James Smith,"166 Cedar Lane, Limerick",2025-03-09T23:28:11.000000,SETTLED,SETTLED
99694,Sophia Rodriguez,"10 Elm Street, Belfast",2025-03-10T01:01:39.000000,LEGAL,LEG_NOT
14567,Sophia Davis,"52 Elm Street, Belfast",2025-03-10T01:08:14.000000,INSOLVENCY,INS1
49999,James Miller,"47 Riverside Drive, Limerick",2025-03-10T01:08:26.000000,OTHER,ARCHIVED
34002,James Johnson,"200 Oak Street, Waterford",2025-03-10T05:28:46.000000,OTHER,ARCHIVED
13206,Michael Brown,"71 Hillcrest Road, Sligo",2025-03-10T05:59:20.000000,INSOLVENCY,INS3
21399,David Williams,"41 Pine Road, Sligo",2025-03-10T06:38:10.000000,TRACE,GONEAWAY
91712,Maria Martinez,"181 Maple Avenue, Dublin",2025-03-10T10:40:59.000000,TRACE,GONEAWAY
89176,Sarah Johnson,"105 Cedar Lane, Galway",2025-03-10T19:58:52.000000,OTHER,ARCHIVED
46588,Laura Miller,"68 Cedar Lane, Dublin",2025-03-11T14:30:05.000000,LEGAL,LEG_TIT
89176,Sarah Johnson,"105 Cedar Lane, Galway",2025-03-11T16:26:07.000000,SETTLED,SETTLED
92829,Michael Jones,"2 Sunset Boulevard, Kilkenny",2025-03-12T01:18:02.000000,PAYING,PAY CURR
16628,Sarah Rodriguez,"164 Pine Road, Galway",2025-03-12T03:14:10.000000,OTHER,ARCHIVED
14184,Olivia Jones,"24 Oak Street, Dublin",2025-03-13T03:08:10.000000,SETTLED,SETTLED
89176,Sarah Johnson,"105 Cedar Lane, Galway",2025-03-13T03:16:32.000000,INSOLVENCY,INSP
77395,Olivia Jones,"178 Riverside Drive, Kilkenny",2025-03-13T06:17:27.000000,COLLECTIONS,TELSOLUTIONS4
85466,David Williams,"131 Cedar Lane, Dublin",2025-03-13T08:45:09.000000,PAYING,PAY PROP
77917,Laura Miller,"68 Hillcrest Road, Sligo",2025-03-13T10:57:33.000000,INSOLVENCY,INS3
25000,Maria Martinez,"48 Elm Street, Galway",2025-03-13T11:26:31.000000,COLLECTIONS,TELSOLUTIONS1
33347,David Jones,"157 Sunset Boulevard, Sligo",2025-03-13T11:44:51.000000,COLLECTIONS,PAY OVER
13787,Laura Wilson,"88 Elm Street, Cork",2025-03-13T12:14:26.000000,INSOLVENCY,INS2
34223,Sophia Davis,"55 Riverside Drive, Belfast",2025-03-13T12:22:06.000000,LEGAL,LEG VERIF 1
31527,Sarah Garcia,"145 Oak Street, Kilkenny",2025-03-13T16:27:05.000000,PAYING,PAY CURR
29210,David Brown,"69 Oak Street, Kilkenny",2025-03-13T17:37:05.000000,LEGAL,LEG VERIF 2
40987,Sophia Martinez,"72 Pine Road, Cork",2025-03-13T18:30:01.000000,COLLECTIONS,PAY OVER
59344,Olivia Jones,"160 Sunset Boulevard, Limerick",2025-03-13T19:17:15.000000,OTHER,ARCHIVED
31172,Olivia Smith,"102 Sunset Boulevard, Dublin",2025-03-13T19:32:43.000000,PAYING,PAY CURR
32687,Michael Wilson,"97 Cedar Lane, Dublin",2025-03-13T23:11:57.000000,TRACE,GONEAWAY
62692,Maria Miller,"186 Maple Avenue, Sligo",2025-03-13T23:41:26.000000,LEGAL,LEG_NOT
25726,Olivia Davis,"144 Riverside Drive, Galway",2025-03-14T00:45:53.000000,TRACE,GONEAWAY
92221,David Garcia,"125 Sunset Boulevard, Sligo",2025-03-14T03:36:46.000000,LEGAL,LEG VERIF 2
31233,Daniel Wilson,"55 Maple Avenue, Waterford",2025-03-14T05:01:50.000000,INSOLVENCY,INS3
13206,Michael Brown,"71 Hillcrest Road, Sligo",2025-03-14T09:51:49.000000,TRACE,GONEAWAY
91173,Sarah Wilson,"18 Pine Road, Cork",2025-03-14T09:52:45.000000,LEGAL,HOLD FO
74228,Sarah Martinez,"44 Sunset Boulevard, Sligo",2025-03-14T11:29:02.000000,INSOLVENCY,INS4
28442,Emma Rodriguez,"145 Elm Street, Dublin",2025-03-14T13:18:06.000000,SETTLED,SETTLED
30531,Sarah Garcia,"107 Sunset Boulevard, Waterford",2025-03-14T21:55:53.000000,OTHER,ARCHIVED
72278,Laura Davis,"100 Cedar Lane, Limerick",2025-03-14T22:05:58.000000,TRACE,GONEAWAY
86347,Michael Johnson,"31 Pine Road, Galway",2025-03-14T22:25:16.000000,PAYING,PAY CURR
82735,James Smith,"105 Riverside Drive, Limerick",2025-03-14T23:16:11.000000,TRACE,GONEAWAY
39453,James Smith,"166 Cedar Lane, Limerick",2025-03-15T04:34:07.000000,INSOLVENCY,INS1
63848,Emma Williams,"57 Oak Street, Limerick",2025-03-16T01:57:17.000000,OTHER,ARCHIVED
16198,Laura Williams,"167 Elm Street, Limerick",2025-03-16T03:47:16.000000,COLLECTIONS,PRIME
89176,Sarah Johnson,"105 Cedar Lane, Galway",2025-03-16T05:13:22.000000,COLLECTIONS,PRIME
66158,Emma Martinez,"99 Cedar Lane, Waterford",2025-03-16T05:51:47.000000,TRACE,GONEAWAY
48388,Alex Smith,"63 Hillcrest Road, Limerick",2025-03-16T06:43:37.000000,SETTLED,SETTLED
39175,Laura Wilson,"123 Elm Street, Kilkenny",2025-03-16T08:48:45.000000,COLLECTIONS,TELSOLUTIONS1
11449,Daniel Miller,"6 Hillcrest Road, Waterford",2025-03-16T10:09:08.000000,OTHER,ARCHIVED
41740,John Johnson,"78 Cedar Lane, Dublin",2025-03-16T10:32:26.000000,LEGAL,HOLD FO
97989,David Williams,"177 Pine Road, Kilkenny",2025-03-16T11:23:07.000000,PAYING,PAY PROP
13484,Maria Davis,"129 Cedar Lane, Galway",2025-03-16T17:32:30.000000,PAYING,PAY PROP
62836,Sarah Brown,"85 Pine Road, Sligo",2025-03-16T18:24:10.000000,SETTLED,SETTLED
42247,Alex Jones,"21 Cedar Lane, Waterford",2025-03-16T23:25:15.000000,TRACE,GONEAWAY
47103,Daniel Davis,"33 Pine Road, Sligo",2025-03-17T00:47:50.000000,INSOLVENCY,INS2
52137,David Brown,"158 Cedar Lane, Sligo",2025-03-17T00:49:53.000000,LEGAL,HOLD FO
78078,John Miller,"48 Riverside Drive, Limerick",2025-03-17T01:53:46.000000,COLLECTIONS,PRIME
92221,David Garcia,"125 Sunset Boulevard, Sligo",2025-03-17T02:42:41.000000,PAYING,PAY CURR
90869,David Jones,"143 Sunset Boulevard, Waterford",2025-03-17T02:59:47.000000,PAYING,PAY PROP
27789,Laura Johnson,"199 Riverside Drive, Limerick",2025-03-17T04:05:16.000000,PAYING,PAY CURR
51216,Olivia Martinez,"180 Pine Road, Waterford",2025-03-17T04:05:50.000000,TRACE,GONEAWAY
81469,Sarah Johnson,"130 Elm Street, Belfast",2025-03-17T06:19:34.000000,COLLECTIONS,PAY OVER
48606,John Martinez,"33 Elm Street, Waterford",2025-03-17T08:15:55.000000,PAYING,PAY CURR
85922,John Rodriguez,"94 Pine Road, Sligo",2025-03-17T09:11:58.000000,PAYING,PAY CURR
25635,David Martinez,"75 Maple Avenue, Galway",2025-03-17T09:27:26.000000,COLLECTIONS,PAY OVER
57791,James Miller,"118 Hillcrest Road, Sligo",2025-03-17T10:11:44.000000,INSOLVENCY,INSP
93809,Sophia Brown,"68 Riverside Drive, Dublin",2025-03-17T10:27:15.000000,LEGAL,LEG VERIF 1
68126,Olivia Davis,"162 Maple Avenue, Limerick",2025-03-17T12:51:12.000000,OTHER,ARCHIVED
85922,John Rodriguez,"94 Pine Road, Sligo",2025-03-17T15:56:55.000000,TRACE,GONEAWAY
94706,Alex Davis,"55 Elm Street, Galway",2025-03-17T16:06:35.000000,INSOLVENCY,INS1
50973,Emma Miller,"128 Maple Avenue, Galway",2025-03-17T18:48:45.000000,PAYING,PAY PROP
25000,Maria Martinez,"48 Elm Street, Galway",2025-03-17T21:12:05.000000,LEGAL,LEG_TIT
35861,David Johnson,"103 Cedar Lane, Galway",2025-03-17T23:30:59.000000,OTHER,ARCHIVED
10506,David Jones,"106 Pine Road, Waterford",2025-03-18T02:58:59.000000,LEGAL,LEG VERIF 2
63099,Alex Martinez,"170 Elm Street, Kilkenny",2025-03-18T03:37:41.000000,INSOLVENCY,INSP
81469,Sarah Johnson,"130 Elm Street, Belfast",2025-03-18T05:58:52.000000,COLLECTIONS,PRIME_D
13989,Sophia Rodriguez,"95 Cedar Lane, Dublin",2025-03-18T11:24:05.000000,PAYING,PAY CURR
95232,John Rodriguez,"124 Sunset Boulevard, Limerick",2025-03-18T12:32:14.000000,INSOLVENCY,INS3
58434,James Rodriguez,"134 Maple Avenue, Belfast",2025-03-18T12:40:36.000000,PAYING,PAY CURR
76500,John Garcia,"176 Sunset Boulevard, Cork",2025-03-18T12:51:13.000000,TRACE,GONEAWAY
59940,James Smith,"74 Elm Street, Kilkenny",2025-03-18T13:00:29.000000,LEGAL,LEG_NOT
23382,David Garcia,"142 Hillcrest Road, Galway",2025-03-18T17:18:50.000000,COLLECTIONS,PRIME
13664,Emma Wilson,"1 Cedar Lane, Galway",2025-03-18T18:32:59.000000,PAYING,PAY CURR
61582,David Garcia,"77 Riverside Drive, Belfast",2025-03-19T01:04:06.000000,OTHER,ARCHIVED
45539,James Johnson,"88 Maple Avenue, Sligo",2025-03-19T02:16:58.000000,TRACE,GONEAWAY
37781,David Wilson,"105 Riverside Drive, Belfast",2025-03-19T02:44:23.000000,PAYING,PAY CURR
18838,Alex Martinez,"163 Elm Street, Limerick",2025-03-19T02:45:15.000000,TRACE,GONEAWAY
66755,Laura Martinez,"93 Elm Street, Sligo",2025-03-19T03:46:36.000000,OTHER,ARCHIVED
85466,David Williams,"131 Cedar Lane, Dublin",2025-03-19T04:21:04.000000,LEGAL,LEG_NOT
65864,Maria Brown,"197 Hillcrest Road, Dublin",2025-03-19T06:23:47.000000,SETTLED,SETTLED
73556,Emma Rodriguez,"154 Oak Street, Belfast",2025-03-19T06:37:14.000000,SETTLED,SETTLED
60840,James Miller,"74 Riverside Drive, Limerick",2025-03-19T07:02:12.000000,INSOLVENCY,INS2
45495,Michael Smith,"140 Elm Street, Kilkenny",2025-03-19T09:06:53.000000,SETTLED,SETTLED
24815,Laura Garcia,"134 Riverside Drive, Kilkenny",2025-03-19T09:36:41.000000,COLLECTIONS,CASSIST2
89637,Olivia Smith,"50 Cedar Lane, Dublin",2025-03-19T09:55:07.000000,COLLECTIONS,PRIME
74228,Sarah Martinez,"44 Sunset Boulevard, Sligo",2025-03-19T10:11:00.000000,INSOLVENCY,INS2
29836,John Johnson,"74 Sunset Boulevard, Waterford",2025-03-19T12:51:20.000000,SETTLED,SETTLED
40856,Alex Rodriguez,"39 Elm Street, Sligo",2025-03-19T13:42:39.000000,LEGAL,LEG VERIF 2
13356,James Jones,"85 Cedar Lane, Cork",2025-03-19T14:32:16.000000,SETTLED,SETTLED
17320,Maria Martinez,"117 Sunset Boulevard, Belfast",2025-03-19T18:36:28.000000,PAYING,PAY PROP
14184,Olivia Jones,"24 Oak Street, Dublin",2025-03-19T21:03:15.000000,SETTLED,SETTLED
10474,John Rodriguez,"95 Elm Street, Cork",2025-03-19T23:07:42.000000,OTHER,ARCHIVED
13206,Michael Brown,"71 Hillcrest Road, Sligo",2025-03-19T23:56:32.000000,LEGAL,LEG_TIT
27800,Olivia Davis,"28 Sunset Boulevard, Waterford",2025-03-20T02:53:09.000000,PAYING,PAY PROP
32687,Michael Wilson,"97 Cedar Lane, Dublin",2025-03-20T03:58:18.000000,SETTLED,SETTLED
61934,Sarah Johnson,"36 Maple Avenue, Cork",2025-03-20T05:12:29.000000,SETTLED,SETTLED
79792,David Smith,"72 Elm Street, Kilkenny",2025-03-20T10:54:11.000000,INSOLVENCY,INS3
58064,Emma Williams,"123 Elm Street, Waterford",2025-03-20T11:55:46.000000,TRACE,GONEAWAY
43108,Maria Martinez,"109 Sunset Boulevard, Kilkenny",2025-03-20T12:45:39.000000,SETTLED,SETTLED
25635,David Martinez,"75 Maple Avenue, Galway",2025-03-20T15:49:14.000000,LEGAL,LEG_NOT
59344,Olivia Jones,"160 Sunset Boulevard, Limerick",2025-03-20T16:43:56.000000,PAYING,PAY PROP
49171,John Martinez,"172 Hillcrest Road, Dublin",2025-03-20T18:20:22.000000,TRACE,GONEAWAY
91710,Olivia Williams,"53 Sunset Boulevard, Limerick",2025-03-20T19:02:38.000000,INSOLVENCY,INS4
41740,John Johnson,"78 Cedar Lane, Dublin",2025-03-23T00:07:55.000000,PAYING,PAY CURR
97918,Daniel Smith,"123 Riverside Drive, Sligo",2025-03-23T00:56:51.000000,INSOLVENCY,INS2
35919,Olivia Rodriguez,"168 Elm Street, Belfast",2025-03-23T01:13:29.000000,TRACE,GONEAWAY
37988,Olivia Martinez,"80 Sunset Boulevard, Belfast",2025-03-23T02:23:31.000000,PAYING,PAY CURR
70180,Michael Garcia,"19 Oak Street, Galway",2025-03-23T03:22:36.000000,SETTLED,SETTLED
78633,James Davis,"20 Maple Avenue, Waterford",2025-03-23T09:53:09.000000,PAYING,PAY CURR
94193,David Rodriguez,"28 Cedar Lane, Sligo",2025-03-23T11:33:10.000000,INSOLVENCY,INS1
93496,Emma Miller,"55 Sunset Boulevard, Sligo",2025-03-23T11:52:34.000000,INSOLVENCY,INS4
13664,Emma Wilson,"1 Cedar Lane, Galway",2025-03-23T15:03:20.000000,COLLECTIONS,PRIME
62495,Olivia Miller,"154 Elm Street, Limerick",2025-03-23T15:38:46.000000,INSOLVENCY,INSP
44476,David Martinez,"26 Cedar Lane, Cork",2025-03-23T16:17:37.000000,INSOLVENCY,INS4
58892,Maria Johnson,"192 Cedar Lane, Dublin",2025-03-23T17:52:50.000000,PAYING,PAY PROP
55558,James Wilson,"110 Sunset Boulevard, Sligo",2025-03-23T22:14:05.000000,PAYING,PAY PROP
55030,Olivia Martinez,"8 Elm Street, Sligo",2025-03-24T02:54:16.000000,LEGAL,HOLD FO
90725,David Williams,"35 Oak Street, Cork",2025-03-24T02:57:39.000000,LEGAL,LEG_NOT
32832,Sophia Davis,"68 Sunset Boulevard, Limerick",2025-03-24T03:14:57.000000,SETTLED,SETTLED
32687,Michael Wilson,"97 Cedar Lane, Dublin",2025-03-24T09:13:21.000000,OTHER,ARCHIVED
93257,Daniel Williams,"50 Riverside Drive, Sligo",2025-03-24T15:02:25.000000,LEGAL,LEG_TIT
16913,Laura Smith,"142 Riverside Drive, Cork",2025-03-24T17:13:45.000000,LEGAL,HOLD FO
38899,Laura Smith,"119 Sunset Boulevard, Waterford",2025-03-24T18:24:19.000000,LEGAL,LEG VERIF 2
97661,Laura Williams,"148 Oak Street, Limerick",2025-03-24T20:21:04.000000,PAYING,PAY PROP
38921,David Rodriguez,"132 Pine Road, Belfast",2025-03-25T01:10:26.000000,COLLECTIONS,CANCEL2
24815,Laura Garcia,"134 Riverside Drive, Kilkenny",2025-03-25T01:16:46.000000,PAYING,PAY CURR
21418,Sarah Miller,"81 Riverside Drive, Galway",2025-03-25T02:56:46.000000,SETTLED,SETTLED
30531,Sarah Garcia,"107 Sunset Boulevard, Waterford",2025-03-25T04:45:37.000000,LEGAL,LEG_TIT
13416,Emma Wilson,"58 Pine Road, Dublin",2025-03-25T05:36:37.000000,LEGAL,LEG VERIF 2
70629,Michael Rodriguez,"172 Oak Street, Belfast",2025-03-25T06:00:20.000000,INSOLVENCY,INS4
47450,Olivia Smith,"2 Cedar Lane, Limerick",2025-03-25T18:11:23.000000,PAYING,PAY PROP
94706,Alex Davis,"55 Elm Street, Galway",2025-03-25T18:51:52.000000,COLLECTIONS,CANCEL4
95599,Michael Wilson,"70 Maple Avenue, Sligo",2025-03-25T19:11:29.000000,INSOLVENCY,INS3
82526,John Davis,"136 Riverside Drive, Galway",2025-03-25T19:29:22.000000,OTHER,ARCHIVED
87921,Alex Brown,"3 Hillcrest Road, Galway",2025-03-25T19:53:09.000000,INSOLVENCY,INSP
16077,Alex Jones,"35 Riverside Drive, Waterford",2025-03-25T19:59:27.000000,TRACE,GONEAWAY
86086,Laura Garcia,"68 Pine Road, Sligo",2025-03-25T20:19:30.000000,LEGAL,LEG_NOT
83785,Sophia Martinez,"141 Hillcrest Road, Cork",2025-03-25T21:11:28.000000,TRACE,GONEAWAY
37781,David Wilson,"105 Riverside Drive, Belfast",2025-03-25T22:29:14.000000,INSOLVENCY,INS1
66463,John Wilson,"104 Sunset Boulevard, Kilkenny",2025-03-26T03:21:08.000000,PAYING,PAY CURR
89176,Sarah Johnson,"105 Cedar Lane, Galway",2025-03-26T04:02:42.000000,LEGAL,LEG VERIF 2
50515,Sarah Miller,"153 Pine Road, Limerick",2025-03-26T06:37:05.000000,SETTLED,SETTLED
87921,Alex Brown,"3 Hillcrest Road, Galway",2025-03-26T08:54:13.000000,PAYING,PAY CURR
74894,Emma Garcia,"190 Sunset Boulevard, Belfast",2025-03-26T11:09:03.000000,PAYING,PAY PROP
60001,Alex Brown,"57 Cedar Lane, Kilkenny",2025-03-26T12:44:39.000000,SETTLED,SETTLED
30817,Daniel Johnson,"134 Hillcrest Road, Limerick",2025-03-26T17:50:10.000000,PAYING,PAY CURR
57726,John Davis,"22 Cedar Lane, Belfast",2025-03-26T17:58:59.000000,PAYING,PAY PROP
34002,James Johnson,"200 Oak Street, Waterford",2025-03-26T18:09:58.000000,PAYING,PAY CURR
21698,Emma Miller,"48 Cedar Lane, Dublin",2025-03-26T21:43:05.000000,SETTLED,SETTLED
58120,Alex Jones,"138 Riverside Drive, Kilkenny",2025-03-26T22:36:33.000000,PAYING,PAY CURR
91142,Michael Rodriguez,"159 Pine Road, Waterford",2025-03-27T00:47:16.000000,COLLECTIONS,CASSIST2
90540,Maria Brown,"8 Maple Avenue, Galway",2025-03-27T01:15:17.000000,LEGAL,LEG VERIF 2
95324,Emma Brown,"136 Cedar Lane, Sligo",2025-03-27T01:28:29.000000,OTHER,ARCHIVED
85173,Emma Martinez,"141 Sunset Boulevard, Cork",2025-03-27T03:03:20.000000,INSOLVENCY,INS4
54123,Olivia Rodriguez,"79 Pine Road, Limerick",2025-03-27T05:13:34.000000,OTHER,ARCHIVED
72758,Emma Brown,"197 Oak Street, Dublin",2025-03-27T08:33:49.000000,COLLECTIONS,PRIME_D
95948,James Davis,"45 Riverside Drive, Cork",2025-03-27T10:30:27.000000,PAYING,PAY CURR
48388,Alex Smith,"63 Hillcrest Road, Limerick",2025-03-27T10:35:18.000000,SETTLED,SETTLED
85241,Emma Brown,"57 Maple Avenue, Kilkenny",2025-03-27T10:39:40.000000,LEGAL,LEG VERIF 1
10180,Olivia Davis,"3 Elm Street, Limerick",2025-03-27T11:07:00.000000,OTHER,ARCHIVED
46986,James Martinez,"81 Hillcrest Road, Belfast",2025-03-27T11:35:15.000000,TRACE,GONEAWAY
80893,Alex Wilson,"36 Cedar Lane, Sligo",2025-03-27T11:52:52.000000,PAYING,PAY PROP
59399,Michael Jones,"5 Hillcrest Road, Kilkenny",2025-03-27T12:54:44.000000,INSOLVENCY,INS3
50515,Sarah Miller,"153 Pine Road, Limerick",2025-03-27T14:39:18.000000,TRACE,GONEAWAY
97661,Laura Williams,"148 Oak Street, Limerick",2025-03-27T14:49:30.000000,SETTLED,SETTLED
68436,Emma Johnson,"189 Oak Street, Cork",2025-03-27T17:12:37.000000,OTHER,ARCHIVED
86013,Daniel Smith,"124 Sunset Boulevard, Belfast",2025-03-27T17:13:13.000000,COLLECTIONS,TELSOLUTIONS1
10585,Michael Davis,"71 Riverside Drive, Belfast",2025-03-27T21:43:13.000000,PAYING,PAY CURR
95948,James Davis,"45 Riverside Drive, Cork",2025-03-27T22:04:27.000000,COLLECTIONS,PAY OVER
45495,Michael Smith,"140 Elm Street, Kilkenny",2025-03-28T03:00:35.000000,TRACE,GONEAWAY
66216,Sophia Smith,"182 Pine Road, Limerick",2025-03-28T03:33:41.000000,OTHER,ARCHIVED
60840,James Miller,"74 Riverside Drive, Limerick",2025-03-28T04:24:48.000000,PAYING,PAY CURR
66463,John Wilson,"104 Sunset Boulevard, Kilkenny",2025-03-28T09:33:43.000000,OTHER,ARCHIVED
91173,Sarah Wilson,"18 Pine Road, Cork",2025-03-28T16:44:30.000000,PAYING,PAY CURR
14567,Sophia Davis,"52 Elm Street, Belfast",2025-03-28T18:49:59.000000,COLLECTIONS,TELSOLUTIONS4
57663,John Johnson,"101 Oak Street, Belfast",2025-03-29T03:26:11.000000,OTHER,ARCHIVED
62836,Sarah Brown,"85 Pine Road, Sligo",2025-03-29T04:02:47.000000,INSOLVENCY,INS1
85557,James Smith,"69 Oak Street, Kilkenny",2025-03-29T04:11:35.000000,PAYING,PAY PROP
13124,David Rodriguez,"90 Elm Street, Waterford",2025-03-29T06:44:12.000000,SETTLED,SETTLED
57074,James Jones,"76 Sunset Boulevard, Dublin",2025-03-29T08:06:34.000000,INSOLVENCY,INS4
58244,Emma Wilson,"6 Hillcrest Road, Limerick",2025-03-29T09:05:52.000000,PAYING,PAY CURR
30943,Sarah Brown,"85 Sunset Boulevard, Dublin",2025-03-29T11:24:38.000000,COLLECTIONS,PAY OVER
85441,John Garcia,"125 Hillcrest Road, Sligo",2025-03-29T12:48:54.000000,SETTLED,SETTLED
21698,Emma Miller,"48 Cedar Lane, Dublin",2025-03-29T13:41:55.000000,TRACE,GONEAWAY
84118,Michael Jones,"56 Maple Avenue, Waterford",2025-03-29T14:10:56.000000,PAYING,PAY CURR
62595,Sarah Davis,"25 Pine Road, Sligo",2025-03-29T14:29:01.000000,COLLECTIONS,TELSOLUTIONS4
66463,John Wilson,"104 Sunset Boulevard, Kilkenny",2025-03-29T16:07:16.000000,OTHER,ARCHIVED
49823,Alex Jones,"1 Maple Avenue, Belfast",2025-03-29T17:50:46.000000,COLLECTIONS,PRIME
60001,Alex Brown,"57 Cedar Lane, Kilkenny",2025-03-29T18:00:51.000000,OTHER,ARCHIVED
39453,James Smith,"166 Cedar Lane, Limerick",2025-03-29T18:21:19.000000,INSOLVENCY,INSP
30496,John Wilson,"28 Riverside Drive, Galway",2025-03-29T21:44:37.000000,OTHER,ARCHIVED
19675,James Davis,"154 Hillcrest Road, Dublin",2025-03-29T21:51:31.000000,TRACE,GONEAWAY
64070,Laura Davis,"42 Elm Street, Galway",2025-03-29T22:15:41.000000,LEGAL,LEG_NOT
89082,Michael Smith,"188 Hillcrest Road, Belfast",2025-03-30T04:31:54.000000,SETTLED,SETTLED
26918,Alex Miller,"81 Hillcrest Road, Belfast",2025-03-30T05:49:38.000000,COLLECTIONS,TELSOLUTIONS1
85241,Emma Brown,"57 Maple Avenue, Kilkenny",2025-03-30T08:34:34.000000,TRACE,GONEAWAY
47808,James Garcia,"200 Elm Street, Belfast",2025-03-30T12:12:48.000000,LEGAL,LEG_NOT
52137,David Brown,"158 Cedar Lane, Sligo",2025-03-30T13:18:58.000000,COLLECTIONS,CASSIST2
14961,John Davis,"179 Riverside Drive, Dublin",2025-03-30T13:20:48.000000,LEGAL,HOLD FO
81029,Michael Garcia,"163 Elm Street, Waterford",2025-03-30T17:33:06.000000,TRACE,GONEAWAY
73980,Laura Martinez,"92 Cedar Lane, Limerick",2025-03-30T22:55:05.000000,SETTLED,SETTLED
29623,James Smith,"134 Riverside Drive, Waterford",2025-03-31T04:19:28.000000,OTHER,ARCHIVED
66106,Michael Davis,"56 Pine Road, Galway",2025-03-31T04:24:59.000000,SETTLED,SETTLED
77521,Michael Martinez,"104 Sunset Boulevard, Galway",2025-03-31T06:29:11.000000,SETTLED,SETTLED
41740,John Johnson,"78 Cedar Lane, Dublin",2025-03-31T06:57:32.000000,LEGAL,LEG_NOT
22047,James Jones,"37 Sunset Boulevard, Belfast",2025-03-31T08:12:11.000000,PAYING,PAY CURR
37988,Olivia Martinez,"80 Sunset Boulevard, Belfast",2025-03-31T11:29:10.000000,PAYING,PAY CURR
34002,James Johnson,"200 Oak Street, Waterford",2025-03-31T12:13:24.000000,TRACE,GONEAWAY
98298,Sarah Williams,"118 Elm Street, Cork",2025-03-31T12:36:13.000000,OTHER,ARCHIVED
70629,Michael Rodriguez,"172 Oak Street, Belfast",2025-03-31T13:37:28.000000,COLLECTIONS,CANCEL2
68484,Michael Wilson,"53 Elm Street, Kilkenny",2025-03-31T14:37:58.000000,INSOLVENCY,INS3
77356,Daniel Martinez,"158 Oak Street, Sligo",2025-03-31T17:46:50.000000,COLLECTIONS,PRIME_D
14184,Olivia Jones,"24 Oak Street, Dublin",2025-03-31T21:05:02.000000,TRACE,GONEAWAY
96772,Laura Brown,"127 Oak Street, Dublin",2025-03-31T22:23:19.000000,LEGAL,LEG_TIT
78633,James Davis,"20 Maple Avenue, Waterford",2025-04-01T01:06:20.000000,PAYING,PAY CURR
89612,Daniel Jones,"194 Cedar Lane, Cork",2025-04-01T02:46:56.000000,COLLECTIONS,CASSIST2
19523,Michael Wilson,"179 Elm Street, Sligo",2025-04-01T03:09:18.000000,SETTLED,SETTLED
46494,Laura Johnson,"178 Cedar Lane, Sligo",2025-04-01T03:09:38.000000,COLLECTIONS,PAY OVER
88706,Laura Williams,"49 Elm Street, Kilkenny",2025-04-01T04:49:19.000000,COLLECTIONS,CANCEL4
14117,Sophia Jones,"44 Cedar Lane, Dublin",2025-04-01T08:19:06.000000,SETTLED,SETTLED
52697,Sarah Davis,"39 Hillcrest Road, Sligo",2025-04-01T16:28:04.000000,TRACE,GONEAWAY
47933,Emma Brown,"79 Elm Street, Kilkenny",2025-04-01T17:15:35.000000,INSOLVENCY,INS4
21489,Daniel Jones,"50 Riverside Drive, Galway",2025-04-01T20:52:41.000000,LEGAL,LEG_TIT
94956,Alex Jones,"144 Riverside Drive, Limerick",2025-04-01T22:10:48.000000,PAYING,PAY CURR
15248,Maria Martinez,"86 Elm Street, Belfast",2025-04-01T22:39:12.000000,PAYING,PAY PROP
93774,James Jones,"97 Elm Street, Waterford",2025-04-02T03:36:37.000000,OTHER,ARCHIVED
40659,Sophia Rodriguez,"173 Sunset Boulevard, Kilkenny",2025-04-02T04:46:02.000000,PAYING,PAY PROP
63285,Sarah Williams,"159 Oak Street, Cork",2025-04-02T13:25:40.000000,PAYING,PAY CURR
63368,John Johnson,"56 Elm Street, Limerick",2025-04-02T13:29:25.000000,SETTLED,SETTLED
83776,Maria Smith,"105 Pine Road, Kilkenny",2025-04-02T13:43:28.000000,COLLECTIONS,PRIME
84211,John Garcia,"23 Maple Avenue, Dublin",2025-04-02T15:29:05.000000,COLLECTIONS,PRIME
27497,John Garcia,"165 Maple Avenue, Limerick",2025-04-02T15:42:03.000000,LEGAL,LEG VERIF 1
59502,Emma Garcia,"105 Hillcrest Road, Cork",2025-04-02T20:05:26.000000,TRACE,GONEAWAY
48880,Alex Martinez,"85 Pine Road, Kilkenny",2025-04-03T16:52:25.000000,TRACE,GONEAWAY
94956,Alex Jones,"144 Riverside Drive, Limerick",2025-04-03T20:18:16.000000,COLLECTIONS,TELSOLUTIONS4
86693,James Jones,"164 Cedar Lane, Kilkenny",2025-04-03T23:16:28.000000,TRACE,GONEAWAY
63538,Alex Brown,"134 Hillcrest Road, Cork",2025-04-04T00:42:16.000000,SETTLED,SETTLED
57663,John Johnson,"101 Oak Street, Belfast",2025-04-04T11:27:59.000000,PAYING,PAY PROP
27482,Sophia Smith,"93 Elm Street, Dublin",2025-04-04T14:43:51.000000,COLLECTIONS,CANCEL4
37628,Maria Johnson,"30 Pine Road, Cork",2025-04-04T15:41:53.000000,OTHER,ARCHIVED
34223,Sophia Davis,"55 Riverside Drive, Belfast",2025-04-04T21:54:24.000000,INSOLVENCY,INS3
95948,James Davis,"45 Riverside Drive, Cork",2025-04-04T23:42:39.000000,INSOLVENCY,INS4
84211,John Garcia,"23 Maple Avenue, Dublin",2025-04-05T03:11:28.000000,TRACE,GONEAWAY
57663,John Johnson,"101 Oak Street, Belfast",2025-04-05T05:46:13.000000,INSOLVENCY,INS2
21698,Emma Miller,"48 Cedar Lane, Dublin",2025-04-05T07:26:08.000000,TRACE,GONEAWAY
31527,Sarah Garcia,"145 Oak Street, Kilkenny",2025-04-05T10:36:51.000000,TRACE,GONEAWAY
21707,Michael Rodriguez,"81 Pine Road, Dublin",2025-04-05T15:15:24.000000,OTHER,ARCHIVED
49999,James Miller,"47 Riverside Drive, Limerick",2025-04-05T18:48:15.000000,SETTLED,SETTLED
44060,Sarah Davis,"151 Cedar Lane, Kilkenny",2025-04-05T18:51:15.000000,INSOLVENCY,INS1
94193,David Rodriguez,"28 Cedar Lane, Sligo",2025-04-06T01:28:36.000000,INSOLVENCY,INS1
22367,Maria Martinez,"51 Elm Street, Dublin",2025-04-06T03:34:42.000000,OTHER,ARCHIVED
16628,Sarah Rodriguez,"164 Pine Road, Galway",2025-04-06T04:20:07.000000,INSOLVENCY,INS2
87921,Alex Brown,"3 Hillcrest Road, Galway",2025-04-06T06:32:26.000000,COLLECTIONS,PAY OVER
40540,Daniel Martinez,"168 Pine Road, Cork",2025-04-06T10:06:48.000000,TRACE,GONEAWAY
13356,James Jones,"85 Cedar Lane, Cork",2025-04-06T10:42:02.000000,OTHER,ARCHIVED
71242,James Davis,"9 Hillcrest Road, Kilkenny",2025-04-06T11:44:22.000000,PAYING,PAY CURR
25633,Daniel Williams,"32 Sunset Boulevard, Sligo",2025-04-06T13:56:26.000000,COLLECTIONS,CASSIST2
39966,Alex Johnson,"2 Riverside Drive, Limerick",2025-04-06T16:17:02.000000,OTHER,ARCHIVED
65559,Sophia Miller,"7 Maple Avenue, Kilkenny",2025-04-06T23:55:59.000000,INSOLVENCY,INSP
59399,Michael Jones,"5 Hillcrest Road, Kilkenny",2025-04-07T00:29:32.000000,COLLECTIONS,TELSOLUTIONS1
41546,David Williams,"178 Sunset Boulevard, Cork",2025-04-07T00:45:16.000000,OTHER,ARCHIVED
40659,Sophia Rodriguez,"173 Sunset Boulevard, Kilkenny",2025-04-07T04:28:27.000000,LEGAL,HOLD FO
77426,Alex Miller,"136 Elm Street, Dublin",2025-04-07T05:55:11.000000,TRACE,GONEAWAY
20457,Maria Jones,"172 Elm Street, Sligo",2025-04-07T06:38:25.000000,OTHER,ARCHIVED
36291,David Davis,"39 Elm Street, Dublin",2025-04-07T07:39:53.000000,TRACE,GONEAWAY
95230,Sophia Rodriguez,"48 Sunset Boulevard, Limerick",2025-04-07T07:52:52.000000,PAYING,PAY CURR
91331,Olivia Rodriguez,"24 Cedar Lane, Dublin",2025-04-07T08:45:43.000000,INSOLVENCY,INS1
72758,Emma Brown,"197 Oak Street, Dublin",2025-04-07T10:06:15.000000,TRACE,GONEAWAY
68861,Emma Rodriguez,"115 Sunset Boulevard, Cork",2025-04-07T13:19:11.000000,LEGAL,LEG VERIF 2
31658,Alex Wilson,"73 Riverside Drive, Cork",2025-04-07T14:55:19.000000,INSOLVENCY,INS1
89082,Michael Smith,"188 Hillcrest Road, Belfast",2025-04-07T16:12:06.000000,TRACE,GONEAWAY
36459,Sarah Williams,"52 Oak Street, Belfast",2025-04-07T16:15:24.000000,PAYING,PAY CURR
47103,Daniel Davis,"33 Pine Road, Sligo",2025-04-07T18:38:12.000000,PAYING,PAY PROP
78633,James Davis,"20 Maple Avenue, Waterford",2025-04-08T00:14:19.000000,TRACE,GONEAWAY
68484,Michael Wilson,"53 Elm Street, Kilkenny",2025-04-08T07:32:23.000000,INSOLVENCY,INSP
51246,Sarah Williams,"142 Oak Street, Limerick",2025-04-08T07:49:50.000000,LEGAL,LEG_TIT
48388,Alex Smith,"63 Hillcrest Road, Limerick",2025-04-08T08:53:41.000000,COLLECTIONS,TELSOLUTIONS4
73634,Daniel Johnson,"43 Hillcrest Road, Waterford",2025-04-08T10:19:23.000000,COLLECTIONS,TELSOLUTIONS4
55044,Emma Wilson,"74 Riverside Drive, Galway",2025-04-08T12:24:58.000000,INSOLVENCY,INS4
44502,Maria Williams,"27 Elm Street, Kilkenny",2025-04-08T13:55:02.000000,LEGAL,LEG VERIF 1
13989,Sophia Rodriguez,"95 Cedar Lane, Dublin",2025-04-08T14:18:06.000000,COLLECTIONS,PAY OVER
17670,Daniel Smith,"186 Hillcrest Road, Cork",2025-04-08T15:05:35.000000,OTHER,ARCHIVED
39643,Emma Davis,"33 Elm Street, Cork",2025-04-08T16:45:58.000000,OTHER,ARCHIVED
54718,Emma Davis,"115 Oak Street, Sligo",2025-04-08T16:54:54.000000,COLLECTIONS,CANCEL4
20233,Michael Davis,"60 Riverside Drive, Belfast",2025-04-08T17:55:05.000000,COLLECTIONS,PRIME_D
86086,Laura Garcia,"68 Pine Road, Sligo",2025-04-08T19:01:35.000000,LEGAL,HOLD FO
29836,John Johnson,"74 Sunset Boulevard, Waterford",2025-04-08T19:47:47.000000,TRACE,GONEAWAY
38621,John Wilson,"37 Maple Avenue, Dublin",2025-04-08T21:29:55.000000,TRACE,GONEAWAY
66755,Laura Martinez,"93 Elm Street, Sligo",2025-04-08T22:48:23.000000,TRACE,GONEAWAY
29593,Laura Jones,"9 Cedar Lane, Dublin",2025-04-09T01:29:58.000000,INSOLVENCY,INSP
47984,Sarah Brown,"111 Riverside Drive, Kilkenny",2025-04-09T03:22:56.000000,PAYING,PAY PROP
57791,James Miller,"118 Hillcrest Road, Sligo",2025-04-09T06:39:59.000000,TRACE,GONEAWAY
54341,Michael Davis,"164 Maple Avenue, Belfast",2025-04-09T06:48:53.000000,PAYING,PAY PROP
17232,Laura Wilson,"71 Cedar Lane, Waterford",2025-04-09T08:28:49.000000,TRACE,GONEAWAY
60001,Alex Brown,"57 Cedar Lane, Kilkenny",2025-04-09T08:57:43.000000,TRACE,GONEAWAY
61934,Sarah Johnson,"36 Maple Avenue, Cork",2025-04-09T16:20:11.000000,INSOLVENCY,INS2
42371,David Williams,"102 Elm Street, Belfast",2025-04-09T16:55:45.000000,SETTLED,SETTLED
62692,Maria Miller,"186 Maple Avenue, Sligo",2025-04-09T17:08:12.000000,COLLECTIONS,TELSOLUTIONS4
23982,James Jones,"81 Pine Road, Kilkenny",2025-04-09T17:45:35.000000,LEGAL,HOLD FO
74428,Laura Martinez,"15 Cedar Lane, Kilkenny",2025-04-09T19:07:17.000000,PAYING,PAY CURR
46986,James Martinez,"81 Hillcrest Road, Belfast",2025-04-09T22:30:09.000000,TRACE,GONEAWAY
27543,John Jones,"90 Elm Street, Kilkenny",2025-04-09T22:32:36.000000,PAYING,PAY CURR
52017,Maria Wilson,"152 Riverside Drive, Sligo",2025-04-12T00:40:03.000000,OTHER,ARCHIVED
52436,Michael Rodriguez,"82 Elm Street, Waterford",2025-04-12T03:59:16.000000,SETTLED,SETTLED
95157,Emma Jones,"67 Elm Street, Galway",2025-04-12T05:40:48.000000,TRACE,GONEAWAY
10869,John Williams,"5 Hillcrest Road, Dublin",2025-04-12T07:55:01.000000,COLLECTIONS,PRIME_D
29593,Laura Jones,"9 Cedar Lane, Dublin",2025-04-12T14:23:21.000000,COLLECTIONS,PRIME_D
42371,David Williams,"102 Elm Street, Belfast",2025-04-12T14:44:00.000000,SETTLED,SETTLED
73980,Laura Martinez,"92 Cedar Lane, Limerick",2025-04-12T18:33:29.000000,SETTLED,SETTLED
42494,Olivia Rodriguez,"146 Pine Road, Waterford",2025-04-12T18:40:32.000000,LEGAL,HOLD FO
78987,Maria Smith,"55 Oak Street, Limerick",2025-04-12T20:32:30.000000,PAYING,PAY PROP
37628,Maria Johnson,"30 Pine Road, Cork",2025-04-12T22:36:11.000000,COLLECTIONS,PRIME
45495,Michael Smith,"140 Elm Street, Kilkenny",2025-04-13T03:01:12.000000,PAYING,PAY PROP
60048,Sophia Williams,"132 Hillcrest Road, Waterford",2025-04-13T03:21:04.000000,TRACE,GONEAWAY
16077,Alex Jones,"35 Riverside Drive, Waterford",2025-04-13T06:36:45.000000,COLLECTIONS,CANCEL4
49823,Alex Jones,"1 Maple Avenue, Belfast",2025-04-13T07:12:18.000000,TRACE,GONEAWAY
98172,Emma Williams,"110 Cedar Lane, Limerick",2025-04-13T07:59:50.000000,PAYING,PAY PROP
95157,Emma Jones,"67 Elm Street, Galway",2025-04-13T08:39:54.000000,COLLECTIONS,CASSIST2
95599,Michael Wilson,"70 Maple Avenue, Sligo",2025-04-13T09:16:29.000000,COLLECTIONS,PRIME
98298,Sarah Williams,"118 Elm Street, Cork",2025-04-13T10:46:29.000000,TRACE,GONEAWAY
52087,Maria Brown,"120 Hillcrest Road, Belfast",2025-04-13T14:51:17.000000,OTHER,ARCHIVED
62495,Olivia Miller,"154 Elm Street, Limerick",2025-04-13T16:23:13.000000,TRACE,GONEAWAY
89178,Daniel Garcia,"76 Cedar Lane, Galway",2025-04-13T19:01:51.000000,LEGAL,LEG_NOT
40079,Sarah Wilson,"112 Elm Street, Belfast",2025-04-13T20:09:49.000000,COLLECTIONS,CASSIST2
15004,Sarah Martinez,"4 Hillcrest Road, Limerick",2025-04-13T20:35:52.000000,SETTLED,SETTLED
71914,Daniel Johnson,"76 Riverside Drive, Belfast",2025-04-13T23:40:04.000000,OTHER,ARCHIVED
26168,Maria Williams,"120 Cedar Lane, Belfast",2025-04-14T17:24:37.000000,INSOLVENCY,INS1
66158,Emma Martinez,"99 Cedar Lane, Waterford",2025-04-15T01:22:11.000000,PAYING,PAY PROP
92669,John Davis,"72 Pine Road, Kilkenny",2025-04-15T02:48:09.000000,SETTLED,SETTLED
69313,Alex Davis,"143 Riverside Drive, Cork",2025-04-15T03:03:19.000000,PAYING,PAY CURR
70629,Michael Rodriguez,"172 Oak Street, Belfast",2025-04-15T04:13:35.000000,INSOLVENCY,INSP
30496,John Wilson,"28 Riverside Drive, Galway",2025-04-15T05:21:32.000000,LEGAL,LEG VERIF 2
44476,David Martinez,"26 Cedar Lane, Cork",2025-04-15T05:44:22.000000,OTHER,ARCHIVED
19372,Michael Johnson,"33 Maple Avenue, Belfast",2025-04-15T10:04:38.000000,LEGAL,HOLD FO
44502,Maria Williams,"27 Elm Street, Kilkenny",2025-04-15T11:00:15.000000,SETTLED,SETTLED
13484,Maria Davis,"129 Cedar Lane, Galway",2025-04-15T11:22:50.000000,INSOLVENCY,INS3
37798,Sarah Wilson,"54 Elm Street, Cork",2025-04-15T12:58:20.000000,COLLECTIONS,TELSOLUTIONS1
44289,Michael Miller,"68 Riverside Drive, Galway",2025-04-15T13:13:33.000000,INSOLVENCY,INS2
54549,Olivia Miller,"41 Hillcrest Road, Kilkenny",2025-04-15T13:47:00.000000,INSOLVENCY,INSP
17821,Daniel Williams,"88 Cedar Lane, Limerick",2025-04-15T15:09:25.000000,OTHER,ARCHIVED
14184,Olivia Jones,"24 Oak Street, Dublin",2025-04-15T16:43:01.000000,TRACE,GONEAWAY
47532,Sophia Jones,"89 Riverside Drive, Sligo",2025-04-15T17:36:19.000000,SETTLED,SETTLED
69791,Michael Rodriguez,"160 Maple Avenue, Belfast",2025-04-15T19:22:51.000000,PAYING,PAY CURR
62836,Sarah Brown,"85 Pine Road, Sligo",2025-04-15T19:44:31.000000,SETTLED,SETTLED
35504,Daniel Garcia,"53 Cedar Lane, Kilkenny",2025-04-15T20:59:04.000000,OTHER,ARCHIVED
40198,Alex Williams,"6 Maple Avenue, Kilkenny",2025-04-15T23:22:49.000000,LEGAL,HOLD FO
15248,Maria Martinez,"86 Elm Street, Belfast",2025-04-16T21:15:41.000000,COLLECTIONS,PAY OVER
77917,Laura Miller,"68 Hillcrest Road, Sligo",2025-04-17T00:20:01.000000,INSOLVENCY,INS3
18486,Olivia Rodriguez,"20 Oak Street, Dublin",2025-04-17T00:53:58.000000,LEGAL,HOLD FO
69313,Alex Davis,"143 Riverside Drive, Cork",2025-04-17T02:54:36.000000,SETTLED,SETTLED
37628,Maria Johnson,"30 Pine Road, Cork",2025-04-17T03:11:31.000000,LEGAL,HOLD FO
94956,Alex Jones,"144 Riverside Drive, Limerick",2025-04-17T03:33:09.000000,INSOLVENCY,INSP
78633,James Davis,"20 Maple Avenue, Waterford",2025-04-17T04:01:59.000000,LEGAL,HOLD FO
88716,Emma Rodriguez,"113 Cedar Lane, Galway",2025-04-17T04:20:13.000000,SETTLED,SETTLED
52087,Maria Brown,"120 Hillcrest Road, Belfast",2025-04-17T05:17:36.000000,PAYING,PAY PROP
18838,Alex Martinez,"163 Elm Street, Limerick",2025-04-17T05:51:11.000000,COLLECTIONS,PAY OVER
66755,Laura Martinez,"93 Elm Street, Sligo",2025-04-17T08:03:13.000000,COLLECTIONS,PRIME_D
23382,David Garcia,"142 Hillcrest Road, Galway",2025-04-17T09:53:44.000000,SETTLED,SETTLED
25000,Maria Martinez,"48 Elm Street, Galway",2025-04-17T10:03:03.000000,LEGAL,LEG_NOT
90467,Laura Williams,"8 Maple Avenue, Galway",2025-04-17T10:43:29.000000,COLLECTIONS,PRIME_D
16198,Laura Williams,"167 Elm Street, Limerick",2025-04-17T12:43:56.000000,LEGAL,LEG_NOT
28382,Daniel Miller,"64 Maple Avenue, Kilkenny",2025-04-17T17:10:55.000000,LEGAL,LEG_NOT
55992,John Miller,"18 Sunset Boulevard, Galway",2025-04-17T19:30:54.000000,LEGAL,LEG VERIF 2
39175,Laura Wilson,"123 Elm Street, Kilkenny",2025-04-17T20:12:22.000000,SETTLED,SETTLED
17948,Alex Martinez,"128 Riverside Drive, Kilkenny",2025-04-17T22:09:12.000000,PAYING,PAY CURR
17821,Daniel Williams,"88 Cedar Lane, Limerick",2025-04-17T23:41:16.000000,OTHER,ARCHIVED
52087,Maria Brown,"120 Hillcrest Road, Belfast",2025-04-18T04:11:36.000000,LEGAL,LEG_NOT
19523,Michael Wilson,"179 Elm Street, Sligo",2025-04-18T14:51:47.000000,PAYING,PAY CURR
93890,Maria Smith,"163 Riverside Drive, Cork",2025-04-18T19:44:13.000000,INSOLVENCY,INS2
82095,Sophia Johnson,"114 Riverside Drive, Galway",2025-04-21T02:22:32.000000,PAYING,PAY CURR
46588,Laura Miller,"68 Cedar Lane, Dublin",2025-04-21T09:57:42.000000,PAYING,PAY CURR
57819,John Garcia,"141 Elm Street, Sligo",2025-04-21T10:31:31.000000,INSOLVENCY,INSP
90213,Laura Smith,"33 Riverside Drive, Kilkenny",2025-04-21T11:17:19.000000,LEGAL,HOLD FO
70180,Michael Garcia,"19 Oak Street, Galway",2025-04-21T12:57:56.000000,COLLECTIONS,CANCEL2
39453,James Smith,"166 Cedar Lane, Limerick",2025-04-21T13:02:29.000000,LEGAL,LEG VERIF 2
40079,Sarah Wilson,"112 Elm Street, Belfast",2025-04-21T14:37:18.000000,TRACE,GONEAWAY
77145,Michael Williams,"7 Cedar Lane, Cork",2025-04-21T15:09:19.000000,COLLECTIONS,CANCEL2
85466,David Williams,"131 Cedar Lane, Dublin",2025-04-21T20:54:45.000000,SETTLED,SETTLED
29836,John Johnson,"74 Sunset Boulevard, Waterford",2025-04-21T23:41:41.000000,OTHER,ARCHIVED
82324,David Smith,"60 Maple Avenue, Limerick",2025-04-22T01:25:21.000000,LEGAL,LEG VERIF 2
62106,Laura Brown,"183 Riverside Drive, Galway",2025-04-22T01:55:36.000000,OTHER,ARCHIVED
44289,Michael Miller,"68 Riverside Drive, Galway",2025-04-22T08:31:36.000000,COLLECTIONS,PAY OVER
17993,Alex Smith,"170 Sunset Boulevard, Belfast",2025-04-22T08:41:44.000000,INSOLVENCY,INS2
86013,Daniel Smith,"124 Sunset Boulevard, Belfast",2025-04-22T11:39:10.000000,OTHER,ARCHIVED
62377,Olivia Brown,"156 Pine Road, Sligo",2025-04-22T12:54:11.000000,INSOLVENCY,INS1
48606,John Martinez,"33 Elm Street, Waterford",2025-04-22T14:36:08.000000,SETTLED,SETTLED
17948,Alex Martinez,"128 Riverside Drive, Kilkenny",2025-04-22T15:32:56.000000,LEGAL,LEG_NOT
78528,Laura Rodriguez,"120 Pine Road, Belfast",2025-04-22T16:53:41.000000,LEGAL,LEG VERIF 2
58984,Daniel Brown,"123 Pine Road, Cork",2025-04-22T18:01:04.000000,INSOLVENCY,INSP
58473,Sophia Brown,"162 Elm Street, Galway",2025-04-22T19:52:47.000000,PAYING,PAY PROP
55200,Maria Johnson,"134 Elm Street, Galway",2025-04-22T22:45:55.000000,COLLECTIONS,CANCEL2
31463,Sarah Garcia,"113 Hillcrest Road, Galway",2025-04-22T22:50:59.000000,OTHER,ARCHIVED
45393,Emma Wilson,"84 Sunset Boulevard, Galway",2025-04-22T23:01:22.000000,SETTLED,SETTLED
87813,Olivia Johnson,"55 Hillcrest Road, Galway",2025-04-22T23:03:47.000000,OTHER,ARCHIVED
77013,Emma Garcia,"137 Sunset Boulevard, Waterford",2025-04-23T00:12:59.000000,INSOLVENCY,INS4
26742,Laura Miller,"18 Maple Avenue, Waterford",2025-04-23T03:09:24.000000,LEGAL,LEG_NOT
82324,David Smith,"60 Maple Avenue, Limerick",2025-04-23T07:01:50.000000,LEGAL,LEG_TIT
14006,James Johnson,"124 Maple Avenue, Galway",2025-04-23T10:25:51.000000,PAYING,PAY PROP
97132,Sophia Jones,"183 Oak Street, Belfast",2025-04-23T10:52:05.000000,LEGAL,LEG_TIT
39966,Alex Johnson,"2 Riverside Drive, Limerick",2025-04-23T11:24:33.000000,PAYING,PAY CURR
13883,David Smith,"74 Sunset Boulevard, Cork",2025-04-23T22:12:06.000000,LEGAL,LEG_TIT
82324,David Smith,"60 Maple Avenue, Limerick",2025-04-24T01:13:15.000000,LEGAL,LEG_NOT
22047,James Jones,"37 Sunset Boulevard, Belfast",2025-04-24T11:10:35.000000,COLLECTIONS,CANCEL2
61550,Maria Brown,"98 Riverside Drive, Galway",2025-04-24T11:50:19.000000,PAYING,PAY CURR
70629,Michael Rodriguez,"172 Oak Street, Belfast",2025-04-24T17:36:58.000000,SETTLED,SETTLED
60199,Sophia Brown,"114 Sunset Boulevard, Limerick",2025-04-25T00:01:30.000000,INSOLVENCY,INS1
15757,Sophia Williams,"79 Sunset Boulevard, Dublin",2025-04-25T00:42:26.000000,SETTLED,SETTLED
98794,Sarah Martinez,"10 Maple Avenue, Cork",2025-04-25T05:18:51.000000,OTHER,ARCHIVED
42252,Sophia Johnson,"150 Sunset Boulevard, Kilkenny",2025-04-25T05:47:52.000000,COLLECTIONS,PRIME
37988,Olivia Martinez,"80 Sunset Boulevard, Belfast",2025-04-25T09:18:22.000000,INSOLVENCY,INS2
87432,John Martinez,"107 Pine Road, Dublin",2025-04-25T11:36:36.000000,SETTLED,SETTLED
79279,James Martinez,"190 Oak Street, Galway",2025-04-25T12:00:31.000000,OTHER,ARCHIVED
13356,James Jones,"85 Cedar Lane, Cork",2025-04-25T12:07:41.000000,COLLECTIONS,PAY OVER
61582,David Garcia,"77 Riverside Drive, Belfast",2025-04-25T13:25:17.000000,TRACE,GONEAWAY
32552,Sophia Smith,"145 Cedar Lane, Cork",2025-04-25T13:59:41.000000,INSOLVENCY,INSP
39116,Olivia Johnson,"62 Oak Street, Cork",2025-04-25T14:04:50.000000,COLLECTIONS,PAY OVER
75042,Sophia Jones,"52 Cedar Lane, Limerick",2025-04-25T14:39:17.000000,TRACE,GONEAWAY
32252,Michael Brown,"111 Elm Street, Belfast",2025-04-25T15:16:51.000000,COLLECTIONS,PRIME_D
11916,John Miller,"42 Cedar Lane, Kilkenny",2025-04-25T18:08:35.000000,SETTLED,SETTLED
84211,John Garcia,"23 Maple Avenue, Dublin",2025-04-25T19:19:42.000000,PAYING,PAY PROP
18838,Alex Martinez,"163 Elm Street, Limerick",2025-04-26T01:07:55.000000,TRACE,GONEAWAY
32552,Sophia Smith,"145 Cedar Lane, Cork",2025-04-26T03:17:06.000000,INSOLVENCY,INSP
46662,Michael Johnson,"87 Elm Street, Kilkenny",2025-04-26T03:53:31.000000,OTHER,ARCHIVED
61708,John Davis,"142 Elm Street, Dublin",2025-04-26T04:02:12.000000,SETTLED,SETTLED
66216,Sophia Smith,"182 Pine Road, Limerick",2025-04-26T05:35:38.000000,LEGAL,LEG VERIF 1
98909,Michael Rodriguez,"83 Maple Avenue, Limerick",2025-04-26T05:52:01.000000,PAYING,PAY PROP
55558,James Wilson,"110 Sunset Boulevard, Sligo",2025-04-26T07:12:18.000000,COLLECTIONS,PAY OVER
85922,John Rodriguez,"94 Pine Road, Sligo",2025-04-26T09:03:22.000000,OTHER,ARCHIVED
90725,David Williams,"35 Oak Street, Cork",2025-04-26T15:24:47.000000,LEGAL,LEG VERIF 1
97280,Maria Wilson,"104 Oak Street, Galway",2025-04-26T16:53:24.000000,LEGAL,LEG VERIF 1
98254,Sarah Rodriguez,"3 Pine Road, Sligo",2025-04-26T19:16:01.000000,INSOLVENCY,INS3
98298,Sarah Williams,"118 Elm Street, Cork",2025-04-26T19:32:26.000000,TRACE,GONEAWAY
14117,Sophia Jones,"44 Cedar Lane, Dublin",2025-04-26T20:05:23.000000,TRACE,GONEAWAY
90869,David Jones,"143 Sunset Boulevard, Waterford",2025-04-26T23:08:04.000000,COLLECTIONS,TELSOLUTIONS4
86086,Laura Garcia,"68 Pine Road, Sligo",2025-04-27T00:28:04.000000,INSOLVENCY,INSP
91712,Maria Martinez,"181 Maple Avenue, Dublin",2025-04-27T02:48:09.000000,OTHER,ARCHIVED
25073,John Davis,"156 Elm Street, Galway",2025-04-27T02:51:26.000000,COLLECTIONS,PAY OVER
54765,Daniel Johnson,"88 Maple Avenue, Galway",2025-04-27T05:05:58.000000,LEGAL,LEG_TIT
98794,Sarah Martinez,"10 Maple Avenue, Cork",2025-04-27T06:13:48.000000,LEGAL,LEG_TIT
21707,Michael Rodriguez,"81 Pine Road, Dublin",2025-04-27T08:24:14.000000,SETTLED,SETTLED
58244,Emma Wilson,"6 Hillcrest Road, Limerick",2025-04-27T10:22:57.000000,INSOLVENCY,INS4
40540,Daniel Martinez,"168 Pine Road, Cork",2025-04-27T11:48:19.000000,COLLECTIONS,PAY OVER
82007,Sarah Williams,"99 Oak Street, Cork",2025-04-27T11:49:50.000000,PAYING,PAY CURR
52017,Maria Wilson,"152 Riverside Drive, Sligo",2025-04-27T14:49:06.000000,OTHER,ARCHIVED
35504,Daniel Garcia,"53 Cedar Lane, Kilkenny",2025-04-27T17:08:21.000000,LEGAL,HOLD FO
86013,Daniel Smith,"124 Sunset Boulevard, Belfast",2025-04-27T21:49:28.000000,SETTLED,SETTLED
72838,Laura Martinez,"18 Elm Street, Waterford",2025-04-27T22:56:08.000000,INSOLVENCY,INS3
35504,Daniel Garcia,"53 Cedar Lane, Kilkenny",2025-04-27T23:46:13.000000,PAYING,PAY CURR
71914,Daniel Johnson,"76 Riverside Drive, Belfast",2025-04-28T03:27:05.000000,SETTLED,SETTLED
41740,John Johnson,"78 Cedar Lane, Dublin",2025-04-28T03:33:29.000000,LEGAL,LEG_NOT
97661,Laura Williams,"148 Oak Street, Limerick",2025-04-28T06:04:42.000000,LEGAL,LEG VERIF 2
52436,Michael Rodriguez,"82 Elm Street, Waterford",2025-04-28T06:15:39.000000,PAYING,PAY PROP
44289,Michael Miller,"68 Riverside Drive, Galway",2025-04-28T08:24:53.000000,OTHER,ARCHIVED
27620,Daniel Wilson,"79 Sunset Boulevard, Sligo",2025-04-28T09:07:01.000000,SETTLED,SETTLED
77013,Emma Garcia,"137 Sunset Boulevard, Waterford",2025-04-28T09:24:49.000000,INSOLVENCY,INS4
93809,Sophia Brown,"68 Riverside Drive, Dublin",2025-04-28T09:30:58.000000,TRACE,GONEAWAY
46992,James Williams,"15 Cedar Lane, Dublin",2025-04-28T10:52:08.000000,LEGAL,LEG VERIF 2
67396,Maria Johnson,"32 Riverside Drive, Sligo",2025-04-28T11:04:29.000000,LEGAL,LEG VERIF 1
69313,Alex Davis,"143 Riverside Drive, Cork",2025-04-28T14:17:04.000000,SETTLED,SETTLED
77917,Laura Miller,"68 Hillcrest Road, Sligo",2025-04-28T15:08:25.000000,PAYING,PAY PROP
95997,Michael Martinez,"118 Elm Street, Waterford",2025-04-28T16:46:44.000000,TRACE,GONEAWAY
77395,Olivia Jones,"178 Riverside Drive, Kilkenny",2025-04-28T20:47:32.000000,SETTLED,SETTLED
26168,Maria Williams,"120 Cedar Lane, Belfast",2025-04-28T23:10:08.000000,PAYING,PAY PROP
23982,James Jones,"81 Pine Road, Kilkenny",2025-04-28T23:53:17.000000,PAYING,PAY CURR
30531,Sarah Garcia,"107 Sunset Boulevard, Waterford",2025-04-29T00:42:35.000000,SETTLED,SETTLED
62495,Olivia Miller,"154 Elm Street, Limerick",2025-04-29T01:14:55.000000,SETTLED,SETTLED
93809,Sophia Brown,"68 Riverside Drive, Dublin",2025-04-29T01:55:45.000000,PAYING,PAY PROP
96772,Laura Brown,"127 Oak Street, Dublin",2025-04-29T02:46:50.000000,SETTLED,SETTLED
13206,Michael Brown,"71 Hillcrest Road, Sligo",2025-04-29T03:07:11.000000,TRACE,GONEAWAY
17821,Daniel Williams,"88 Cedar Lane, Limerick",2025-04-29T03:20:20.000000,PAYING,PAY PROP
90725,David Williams,"35 Oak Street, Cork",2025-04-29T05:35:38.000000,TRACE,GONEAWAY
60840,James Miller,"74 Riverside Drive, Limerick",2025-04-29T05:46:07.000000,INSOLVENCY,INS3
91712,Maria Martinez,"181 Maple Avenue, Dublin",2025-04-29T06:32:55.000000,OTHER,ARCHIVED
54341,Michael Davis,"164 Maple Avenue, Belfast",2025-04-29T06:55:26.000000,LEGAL,LEG VERIF 1
81634,David Jones,"195 Hillcrest Road, Dublin",2025-04-29T08:34:51.000000,INSOLVENCY,INS1
47984,Sarah Brown,"111 Riverside Drive, Kilkenny",2025-04-29T11:49:05.000000,TRACE,GONEAWAY
13206,Michael Brown,"71 Hillcrest Road, Sligo",2025-04-29T12:43:13.000000,OTHER,ARCHIVED
34629,Alex Martinez,"67 Sunset Boulevard, Galway",2025-04-29T19:56:37.000000,PAYING,PAY CURR
21489,Daniel Jones,"50 Riverside Drive, Galway",2025-04-29T20:26:18.000000,SETTLED,SETTLED
71242,James Davis,"9 Hillcrest Road, Kilkenny",2025-04-30T03:12:15.000000,PAYING,PAY PROP
90467,Laura Williams,"8 Maple Avenue, Galway",2025-04-30T03:12:46.000000,COLLECTIONS,CASSIST2
77145,Michael Williams,"7 Cedar Lane, Cork",2025-04-30T07:16:14.000000,PAYING,PAY CURR
15248,Maria Martinez,"86 Elm Street, Belfast",2025-04-30T18:17:23.000000,LEGAL,HOLD FO
77426,Alex Miller,"136 Elm Street, Dublin",2025-04-30T18:46:24.000000,SETTLED,SETTLED
32552,Sophia Smith,"145 Cedar Lane, Cork",2025-04-30T19:08:08.000000,OTHER,ARCHIVED
31933,David Williams,"15 Elm Street, Cork",2025-04-30T20:42:48.000000,SETTLED,SETTLED
23780,David Williams,"197 Hillcrest Road, Cork",2025-04-30T23:05:18.000000,TRACE,GONEAWAY
86086,Laura Garcia,"68 Pine Road, Sligo",2025-05-01T00:01:14.000000,OTHER,ARCHIVED
26514,Sophia Smith,"135 Sunset Boulevard, Limerick",2025-05-01T02:36:00.000000,SETTLED,SETTLED
84455,Daniel Smith,"118 Maple Avenue, Galway",2025-05-01T03:28:53.000000,COLLECTIONS,CASSIST2
59639,Emma Miller,"19 Riverside Drive, Dublin",2025-05-01T11:12:04.000000,OTHER,ARCHIVED
30943,Sarah Brown,"85 Sunset Boulevard, Dublin",2025-05-01T12:31:36.000000,OTHER,ARCHIVED
67396,Maria Johnson,"32 Riverside Drive, Sligo",2025-05-01T13:18:47.000000,PAYING,PAY CURR
88706,Laura Williams,"49 Elm Street, Kilkenny",2025-05-01T13:23:55.000000,LEGAL,HOLD FO
48880,Alex Martinez,"85 Pine Road, Kilkenny",2025-05-01T13:37:53.000000,SETTLED,SETTLED
91435,David Smith,"2 Sunset Boulevard, Dublin",2025-05-01T15:36:56.000000,PAYING,PAY CURR
81634,David Jones,"195 Hillcrest Road, Dublin",2025-05-01T17:36:53.000000,TRACE,GONEAWAY
29593,Laura Jones,"9 Cedar Lane, Dublin",2025-05-01T19:49:49.000000,SETTLED,SETTLED
71125,John Brown,"136 Maple Avenue, Kilkenny",2025-05-01T20:02:58.000000,PAYING,PAY PROP
47532,Sophia Jones,"89 Riverside Drive, Sligo",2025-05-01T22:51:11.000000,SETTLED,SETTLED
62106,Laura Brown,"183 Riverside Drive, Galway",2025-05-02T02:41:32.000000,TRACE,GONEAWAY
48606,John Martinez,"33 Elm Street, Waterford",2025-05-02T09:16:32.000000,LEGAL,LEG_NOT
34083,Michael Davis,"37 Hillcrest Road, Cork",2025-05-02T11:43:29.000000,TRACE,GONEAWAY
54275,Alex Jones,"90 Oak Street, Sligo",2025-05-02T18:14:23.000000,SETTLED,SETTLED
28382,Daniel Miller,"64 Maple Avenue, Kilkenny",2025-05-03T01:20:37.000000,SETTLED,SETTLED
97918,Daniel Smith,"123 Riverside Drive, Sligo",2025-05-03T02:28:57.000000,LEGAL,LEG VERIF 2
88716,Emma Rodriguez,"113 Cedar Lane, Galway",2025-05-03T03:11:04.000000,LEGAL,LEG VERIF 1
82269,Maria Martinez,"175 Oak Street, Galway",2025-05-03T04:16:51.000000,COLLECTIONS,PRIME
32998,James Wilson,"1 Elm Street, Galway",2025-05-03T06:42:11.000000,OTHER,ARCHIVED
16198,Laura Williams,"167 Elm Street, Limerick",2025-05-03T09:34:41.000000,LEGAL,LEG VERIF 1
97730,Olivia Smith,"186 Sunset Boulevard, Limerick",2025-05-03T10:52:18.000000,TRACE,GONEAWAY
62595,Sarah Davis,"25 Pine Road, Sligo",2025-05-03T11:09:19.000000,COLLECTIONS,PRIME_D
37988,Olivia Martinez,"80 Sunset Boulevard, Belfast",2025-05-03T18:15:35.000000,TRACE,GONEAWAY
85241,Emma Brown,"57 Maple Avenue, Kilkenny",2025-05-03T20:08:43.000000,OTHER,ARCHIVED
36313,David Smith,"102 Sunset Boulevard, Sligo",2025-05-03T20:16:15.000000,INSOLVENCY,INS4
20457,Maria Jones,"172 Elm Street, Sligo",2025-05-03T21:20:30.000000,INSOLVENCY,INS4
12247,Laura Smith,"200 Pine Road, Dublin",2025-05-03T21:20:48.000000,PAYING,PAY CURR
52697,Sarah Davis,"39 Hillcrest Road, Sligo",2025-05-03T22:23:16.000000,COLLECTIONS,TELSOLUTIONS4
11916,John Miller,"42 Cedar Lane, Kilkenny",2025-05-04T02:01:31.000000,OTHER,ARCHIVED
55047,James Martinez,"78 Pine Road, Waterford",2025-05-04T03:49:57.000000,COLLECTIONS,CANCEL2
46545,David Davis,"101 Sunset Boulevard, Waterford",2025-05-04T04:54:14.000000,INSOLVENCY,INS4
88333,Olivia Brown,"145 Riverside Drive, Belfast",2025-05-04T05:58:54.000000,SETTLED,SETTLED
10869,John Williams,"5 Hillcrest Road, Dublin",2025-05-04T06:32:49.000000,PAYING,PAY PROP
80451,Sophia Wilson,"3 Hillcrest Road, Cork",2025-05-04T06:38:20.000000,LEGAL,HOLD FO
47801,John Johnson,"44 Cedar Lane, Dublin",2025-05-04T06:50:14.000000,LEGAL,HOLD FO
67504,Sophia Martinez,"130 Pine Road, Dublin",2025-05-04T10:16:44.000000,PAYING,PAY PROP
95324,Emma Brown,"136 Cedar Lane, Sligo",2025-05-04T11:32:30.000000,OTHER,ARCHIVED
70219,John Johnson,"59 Maple Avenue, Sligo",2025-05-04T12:17:22.000000,TRACE,GONEAWAY
54765,Daniel Johnson,"88 Maple Avenue, Galway",2025-05-04T13:04:52.000000,TRACE,GONEAWAY
44476,David Martinez,"26 Cedar Lane, Cork",2025-05-04T14:30:09.000000,TRACE,GONEAWAY
48880,Alex Martinez,"85 Pine Road, Kilkenny",2025-05-04T15:46:08.000000,SETTLED,SETTLED
41546,David Williams,"178 Sunset Boulevard, Cork",2025-05-04T17:33:09.000000,OTHER,ARCHIVED
78528,Laura Rodriguez,"120 Pine Road, Belfast",2025-05-04T17:39:00.000000,COLLECTIONS,CASSIST2
26514,Sophia Smith,"135 Sunset Boulevard, Limerick",2025-05-05T00:31:02.000000,COLLECTIONS,CASSIST2
39629,Michael Jones,"178 Cedar Lane, Sligo",2025-05-05T02:59:21.000000,SETTLED,SETTLED
54885,Olivia Williams,"53 Riverside Drive, Galway",2025-05-05T03:30:15.000000,PAYING,PAY PROP
81675,Alex Smith,"53 Maple Avenue, Kilkenny",2025-05-05T04:32:32.000000,TRACE,GONEAWAY
39643,Emma Davis,"33 Elm Street, Cork",2025-05-05T04:44:54.000000,COLLECTIONS,PRIME_D
66755,Laura Martinez,"93 Elm Street, Sligo",2025-05-05T04:53:44.000000,INSOLVENCY,INS1
34650,Daniel Miller,"37 Elm Street, Belfast",2025-05-05T06:15:27.000000,PAYING,PAY CURR
74670,Laura Rodriguez,"189 Maple Avenue, Galway",2025-05-05T10:19:52.000000,LEGAL,LEG VERIF 2
63368,John Johnson,"56 Elm Street, Limerick",2025-05-05T13:20:10.000000,COLLECTIONS,TELSOLUTIONS4
72758,Emma Brown,"197 Oak Street, Dublin",2025-05-05T13:37:59.000000,INSOLVENCY,INSP
45571,Emma Martinez,"93 Cedar Lane, Limerick",2025-05-05T14:11:53.000000,COLLECTIONS,CASSIST2
40198,Alex Williams,"6 Maple Avenue, Kilkenny",2025-05-05T16:09:25.000000,TRACE,GONEAWAY
66138,John Jones,"170 Hillcrest Road, Sligo",2025-05-05T17:14:23.000000,INSOLVENCY,INS3
21415,David Jones,"172 Maple Avenue, Kilkenny",2025-05-05T17:37:46.000000,OTHER,ARCHIVED
63285,Sarah Williams,"159 Oak Street, Cork",2025-05-05T18:08:19.000000,TRACE,GONEAWAY
30746,Alex Miller,"32 Oak Street, Cork",2025-05-05T18:57:13.000000,PAYING,PAY CURR
25633,Daniel Williams,"32 Sunset Boulevard, Sligo",2025-05-05T20:42:15.000000,LEGAL,LEG_TIT
60001,Alex Brown,"57 Cedar Lane, Kilkenny",2025-05-05T23:12:18.000000,INSOLVENCY,INS3
90540,Maria Brown,"8 Maple Avenue, Galway",2025-05-06T00:13:20.000000,PAYING,PAY PROP
46992,James Williams,"15 Cedar Lane, Dublin",2025-05-06T00:26:43.000000,INSOLVENCY,INS4
94606,Sophia Davis,"154 Elm Street, Waterford",2025-05-06T01:19:56.000000,COLLECTIONS,CANCEL2
82526,John Davis,"136 Riverside Drive, Galway",2025-05-06T03:59:46.000000,LEGAL,HOLD FO
66755,Laura Martinez,"93 Elm Street, Sligo",2025-05-06T04:19:30.000000,LEGAL,LEG_NOT
31527,Sarah Garcia,"145 Oak Street, Kilkenny",2025-05-06T06:06:54.000000,OTHER,ARCHIVED
94706,Alex Davis,"55 Elm Street, Galway",2025-05-06T10:30:52.000000,COLLECTIONS,CANCEL2
91402,Alex Rodriguez,"161 Hillcrest Road, Dublin",2025-05-06T13:59:01.000000,PAYING,PAY PROP
37781,David Wilson,"105 Riverside Drive, Belfast",2025-05-06T14:25:26.000000,OTHER,ARCHIVED
77395,Olivia Jones,"178 Riverside Drive, Kilkenny",2025-05-06T16:36:01.000000,COLLECTIONS,PRIME
53131,Emma Garcia,"41 Elm Street, Sligo",2025-05-06T16:45:09.000000,OTHER,ARCHIVED
73332,Laura Miller,"138 Elm Street, Galway",2025-05-06T23:53:03.000000,OTHER,ARCHIVED
47450,Olivia Smith,"2 Cedar Lane, Limerick",2025-05-07T11:03:31.000000,PAYING,PAY CURR
28504,Maria Jones,"169 Oak Street, Sligo",2025-05-07T14:36:59.000000,PAYING,PAY CURR
95232,John Rodriguez,"124 Sunset Boulevard, Limerick",2025-05-07T19:15:08.000000,PAYING,PAY PROP
33687,Michael Wilson,"175 Pine Road, Belfast",2025-05-07T22:04:22.000000,OTHER,ARCHIVED
10585,Michael Davis,"71 Riverside Drive, Belfast",2025-05-08T05:34:16.000000,COLLECTIONS,TELSOLUTIONS4
18486,Olivia Rodriguez,"20 Oak Street, Dublin",2025-05-08T10:56:21.000000,COLLECTIONS,TELSOLUTIONS1
88716,Emma Rodriguez,"113 Cedar Lane, Galway",2025-05-08T12:32:06.000000,LEGAL,LEG VERIF 2
13484,Maria Davis,"129 Cedar Lane, Galway",2025-05-08T13:08:53.000000,COLLECTIONS,TELSOLUTIONS4
89946,John Brown,"125 Maple Avenue, Cork",2025-05-08T13:24:37.000000,LEGAL,LEG VERIF 1
91658,Olivia Davis,"106 Cedar Lane, Sligo",2025-05-08T14:19:32.000000,LEGAL,LEG_NOT
39629,Michael Jones,"178 Cedar Lane, Sligo",2025-05-08T14:39:18.000000,PAYING,PAY CURR
28442,Emma Rodriguez,"145 Elm Street, Dublin",2025-05-08T21:36:40.000000,COLLECTIONS,TELSOLUTIONS4
32687,Michael Wilson,"97 Cedar Lane, Dublin",2025-05-09T00:29:24.000000,COLLECTIONS,TELSOLUTIONS4
55200,Maria Johnson,"134 Elm Street, Galway",2025-05-09T01:48:15.000000,INSOLVENCY,INS4
93496,Emma Miller,"55 Sunset Boulevard, Sligo",2025-05-09T02:44:03.000000,LEGAL,LEG VERIF 2
26232,Daniel Davis,"106 Pine Road, Belfast",2025-05-09T03:50:27.000000,COLLECTIONS,CANCEL4
52697,Sarah Davis,"39 Hillcrest Road, Sligo",2025-05-09T04:39:55.000000,COLLECTIONS,PRIME
54549,Olivia Miller,"41 Hillcrest Road, Kilkenny",2025-05-09T05:39:57.000000,TRACE,GONEAWAY
35227,Emma Brown,"44 Hillcrest Road, Sligo",2025-05-09T07:05:00.000000,INSOLVENCY,INS1
45153,Sophia Davis,"16 Maple Avenue, Kilkenny",2025-05-09T07:27:15.000000,INSOLVENCY,INS3
77262,Daniel Garcia,"46 Sunset Boulevard, Limerick",2025-05-09T08:27:42.000000,SETTLED,SETTLED
97280,Maria Wilson,"104 Oak Street, Galway",2025-05-09T09:54:55.000000,OTHER,ARCHIVED
70180,Michael Garcia,"19 Oak Street, Galway",2025-05-09T11:56:56.000000,COLLECTIONS,CANCEL4
91402,Alex Rodriguez,"161 Hillcrest Road, Dublin",2025-05-09T15:16:47.000000,COLLECTIONS,CANCEL4
26066,James Jones,"161 Pine Road, Waterford",2025-05-09T15:17:39.000000,TRACE,GONEAWAY
84211,John Garcia,"23 Maple Avenue, Dublin",2025-05-09T18:21:19.000000,COLLECTIONS,CANCEL2
39313,John Jones,"90 Riverside Drive, Waterford",2025-05-09T19:59:07.000000,COLLECTIONS,TELSOLUTIONS1
14961,John Davis,"179 Riverside Drive, Dublin",2025-05-09T20:06:01.000000,SETTLED,SETTLED
43314,Michael Miller,"13 Elm Street, Belfast",2025-05-09T21:42:45.000000,LEGAL,LEG_NOT
20507,Olivia Rodriguez,"17 Maple Avenue, Dublin",2025-05-09T21:44:43.000000,TRACE,GONEAWAY
92829,Michael Jones,"2 Sunset Boulevard, Kilkenny",2025-05-10T03:58:36.000000,OTHER,ARCHIVED
26232,Daniel Davis,"106 Pine Road, Belfast",2025-05-10T05:34:45.000000,SETTLED,SETTLED
30496,John Wilson,"28 Riverside Drive, Galway",2025-05-10T07:53:43.000000,LEGAL,LEG_NOT
13484,Maria Davis,"129 Cedar Lane, Galway",2025-05-10T08:50:54.000000,COLLECTIONS,CANCEL4
53016,Laura Johnson,"197 Oak Street, Belfast",2025-05-10T15:03:38.000000,PAYING,PAY PROP
67687,Maria Martinez,"196 Riverside Drive, Belfast",2025-05-10T20:23:04.000000,OTHER,ARCHIVED
26066,James Jones,"161 Pine Road, Waterford",2025-05-10T22:25:54.000000,INSOLVENCY,INS3
21489,Daniel Jones,"50 Riverside Drive, Galway",2025-05-11T08:24:26.000000,TRACE,GONEAWAY
20307,James Williams,"149 Riverside Drive, Limerick",2025-05-11T09:22:57.000000,COLLECTIONS,PRIME
98849,Laura Wilson,"152 Oak Street, Cork",2025-05-11T11:38:43.000000,OTHER,ARCHIVED
29600,Daniel Martinez,"184 Elm Street, Limerick",2025-05-11T11:49:27.000000,SETTLED,SETTLED
74428,Laura Martinez,"15 Cedar Lane, Kilkenny",2025-05-11T12:08:41.000000,INSOLVENCY,INS4
15004,Sarah Martinez,"4 Hillcrest Road, Limerick",2025-05-11T12:51:40.000000,OTHER,ARCHIVED
39175,Laura Wilson,"123 Elm Street, Kilkenny",2025-05-11T17:27:05.000000,TRACE,GONEAWAY
70219,John Johnson,"59 Maple Avenue, Sligo",2025-05-11T17:51:19.000000,COLLECTIONS,CASSIST2
77426,Alex Miller,"136 Elm Street, Dublin",2025-05-11T19:10:25.000000,OTHER,ARCHIVED
57417,Daniel Smith,"175 Hillcrest Road, Limerick",2025-05-11T22:09:19.000000,COLLECTIONS,CANCEL2
82324,David Smith,"60 Maple Avenue, Limerick",2025-05-11T22:49:07.000000,SETTLED,SETTLED
29836,John Johnson,"74 Sunset Boulevard, Waterford",2025-05-12T02:58:04.000000,PAYING,PAY PROP
72838,Laura Martinez,"18 Elm Street, Waterford",2025-05-12T04:15:20.000000,PAYING,PAY CURR
30746,Alex Miller,"32 Oak Street, Cork",2025-05-12T08:28:30.000000,COLLECTIONS,PRIME
88213,David Williams,"8 Pine Road, Kilkenny",2025-05-12T09:29:27.000000,OTHER,ARCHIVED
57074,James Jones,"76 Sunset Boulevard, Dublin",2025-05-12T09:31:31.000000,SETTLED,SETTLED
59940,James Smith,"74 Elm Street, Kilkenny",2025-05-12T12:43:58.000000,LEGAL,LEG_TIT
19675,James Davis,"154 Hillcrest Road, Dublin",2025-05-12T17:43:17.000000,SETTLED,SETTLED
88333,Olivia Brown,"145 Riverside Drive, Belfast",2025-05-12T17:57:08.000000,SETTLED,SETTLED
88716,Emma Rodriguez,"113 Cedar Lane, Galway",2025-05-12T18:07:47.000000,COLLECTIONS,TELSOLUTIONS1
32687,Michael Wilson,"97 Cedar Lane, Dublin",2025-05-13T16:31:38.000000,TRACE,GONEAWAY
67687,Maria Martinez,"196 Riverside Drive, Belfast",2025-05-13T21:34:47.000000,COLLECTIONS,CANCEL4
58473,Sophia Brown,"162 Elm Street, Galway",2025-05-14T02:14:08.000000,COLLECTIONS,TELSOLUTIONS1
13989,Sophia Rodriguez,"95 Cedar Lane, Dublin",2025-05-14T05:46:09.000000,PAYING,PAY CURR
76500,John Garcia,"176 Sunset Boulevard, Cork",2025-05-14T05:49:52.000000,LEGAL,LEG_TIT
40733,Daniel Miller,"77 Cedar Lane, Belfast",2025-05-14T07:37:41.000000,COLLECTIONS,CANCEL2
74428,Laura Martinez,"15 Cedar Lane, Kilkenny",2025-05-14T07:56:55.000000,COLLECTIONS,PAY OVER
59502,Emma Garcia,"105 Hillcrest Road, Cork",2025-05-14T08:22:07.000000,TRACE,GONEAWAY
64246,Laura Smith,"182 Riverside Drive, Galway",2025-05-14T13:40:59.000000,SETTLED,SETTLED
15757,Sophia Williams,"79 Sunset Boulevard, Dublin",2025-05-14T15:05:57.000000,TRACE,GONEAWAY
96772,Laura Brown,"127 Oak Street, Dublin",2025-05-14T16:23:04.000000,LEGAL,LEG VERIF 1
39643,Emma Davis,"33 Elm Street, Cork",2025-05-14T16:51:25.000000,INSOLVENCY,INS2
95274,Laura Jones,"120 Maple Avenue, Kilkenny",2025-05-14T17:02:55.000000,SETTLED,SETTLED
91099,John Brown,"171 Elm Street, Belfast",2025-05-14T18:10:25.000000,TRACE,GONEAWAY
40987,Sophia Martinez,"72 Pine Road, Cork",2025-05-14T18:30:43.000000,OTHER,ARCHIVED
24213,Alex Williams,"139 Elm Street, Belfast",2025-05-14T20:46:17.000000,TRACE,GONEAWAY
59639,Emma Miller,"19 Riverside Drive, Dublin",2025-05-14T23:34:12.000000,SETTLED,SETTLED
48786,Sophia Martinez,"56 Hillcrest Road, Dublin",2025-05-14T23:50:27.000000,OTHER,ARCHIVED
38899,Laura Smith,"119 Sunset Boulevard, Waterford",2025-05-15T00:42:13.000000,SETTLED,SETTLED
35919,Olivia Rodriguez,"168 Elm Street, Belfast",2025-05-15T05:05:32.000000,PAYING,PAY PROP
66755,Laura Martinez,"93 Elm Street, Sligo",2025-05-15T09:15:49.000000,TRACE,GONEAWAY
66787,Alex Rodriguez,"26 Elm Street, Sligo",2025-05-15T09:30:00.000000,OTHER,ARCHIVED
63848,Emma Williams,"57 Oak Street, Limerick",2025-05-15T10:20:57.000000,LEGAL,LEG_TIT
43882,David Smith,"20 Sunset Boulevard, Belfast",2025-05-15T11:02:26.000000,SETTLED,SETTLED
46545,David Davis,"101 Sunset Boulevard, Waterford",2025-05-15T11:46:41.000000,OTHER,ARCHIVED
46545,David Davis,"101 Sunset Boulevard, Waterford",2025-05-15T13:00:57.000000,SETTLED,SETTLED
35227,Emma Brown,"44 Hillcrest Road, Sligo",2025-05-15T13:50:02.000000,LEGAL,LEG_TIT
52137,David Brown,"158 Cedar Lane, Sligo",2025-05-15T14:46:50.000000,COLLECTIONS,PRIME
57417,Daniel Smith,"175 Hillcrest Road, Limerick",2025-05-15T16:43:55.000000,SETTLED,SETTLED
59940,James Smith,"74 Elm Street, Kilkenny",2025-05-15T17:26:11.000000,LEGAL,LEG_TIT
87394,Daniel Smith,"142 Sunset Boulevard, Waterford",2025-05-15T18:05:26.000000,OTHER,ARCHIVED
96772,Laura Brown,"127 Oak Street, Dublin",2025-05-15T18:21:13.000000,INSOLVENCY,INS2
91001,Maria Martinez,"127 Maple Avenue, Waterford",2025-05-15T22:36:04.000000,OTHER,ARCHIVED
69791,Michael Rodriguez,"160 Maple Avenue, Belfast",2025-05-15T23:49:13.000000,TRACE,GONEAWAY
34108,Laura Jones,"183 Pine Road, Galway",2025-05-16T05:47:19.000000,TRACE,GONEAWAY
27800,Olivia Davis,"28 Sunset Boulevard, Waterford",2025-05-16T06:22:06.000000,INSOLVENCY,INS4
79521,Sophia Jones,"196 Sunset Boulevard, Cork",2025-05-16T07:18:45.000000,COLLECTIONS,PRIME_D
77395,Olivia Jones,"178 Riverside Drive, Kilkenny",2025-05-16T07:40:27.000000,PAYING,PAY PROP
20307,James Williams,"149 Riverside Drive, Limerick",2025-05-16T14:53:54.000000,COLLECTIONS,PAY OVER
10585,Michael Davis,"71 Riverside Drive, Belfast",2025-05-17T01:53:30.000000,SETTLED,SETTLED
45571,Emma Martinez,"93 Cedar Lane, Limerick",2025-05-17T04:28:33.000000,TRACE,GONEAWAY
28442,Emma Rodriguez,"145 Elm Street, Dublin",2025-05-17T04:39:32.000000,COLLECTIONS,CASSIST2
18838,Alex Martinez,"163 Elm Street, Limerick",2025-05-17T09:01:23.000000,COLLECTIONS,TELSOLUTIONS1
61550,Maria Brown,"98 Riverside Drive, Galway",2025-05-17T09:41:40.000000,OTHER,ARCHIVED
35919,Olivia Rodriguez,"168 Elm Street, Belfast",2025-05-17T11:42:00.000000,TRACE,GONEAWAY
53131,Emma Garcia,"41 Elm Street, Sligo",2025-05-17T17:11:11.000000,INSOLVENCY,INS3
73980,Laura Martinez,"92 Cedar Lane, Limerick",2025-05-17T18:46:31.000000,COLLECTIONS,TELSOLUTIONS4
73980,Laura Martinez,"92 Cedar Lane, Limerick",2025-05-17T18:57:23.000000,SETTLED,SETTLED
19413,Sophia Jones,"52 Sunset Boulevard, Limerick",2025-05-17T23:21:19.000000,TRACE,GONEAWAY
63848,Emma Williams,"57 Oak Street, Limerick",2025-05-18T09:13:55.000000,LEGAL,LEG VERIF 1
83785,Sophia Martinez,"141 Hillcrest Road, Cork",2025-05-19T17:34:37.000000,SETTLED,SETTLED
36810,Maria Martinez,"81 Riverside Drive, Belfast",2025-05-20T04:03:49.000000,COLLECTIONS,CASSIST2
91435,David Smith,"2 Sunset Boulevard, Dublin",2025-05-20T06:30:29.000000,PAYING,PAY PROP
51089,Laura Garcia,"41 Maple Avenue, Galway",2025-05-20T08:39:15.000000,TRACE,GONEAWAY
38921,David Rodriguez,"132 Pine Road, Belfast",2025-05-20T09:10:22.000000,INSOLVENCY,INSP
11356,Maria Williams,"147 Oak Street, Galway",2025-05-20T09:15:34.000000,INSOLVENCY,INS4
14671,Michael Rodriguez,"133 Pine Road, Sligo",2025-05-20T09:46:49.000000,SETTLED,SETTLED
91099,John Brown,"171 Elm Street, Belfast",2025-05-20T13:30:56.000000,INSOLVENCY,INSP
95948,James Davis,"45 Riverside Drive, Cork",2025-05-20T23:38:23.000000,COLLECTIONS,PRIME_D
84118,Michael Jones,"56 Maple Avenue, Waterford",2025-05-21T02:42:40.000000,COLLECTIONS,PRIME_D
27800,Olivia Davis,"28 Sunset Boulevard, Waterford",2025-05-21T19:09:50.000000,SETTLED,SETTLED
78528,Laura Rodriguez,"120 Pine Road, Belfast",2025-05-22T00:43:58.000000,TRACE,GONEAWAY
86013,Daniel Smith,"124 Sunset Boulevard, Belfast",2025-05-22T00:52:48.000000,TRACE,GONEAWAY
91331,Olivia Rodriguez,"24 Cedar Lane, Dublin",2025-05-22T01:13:22.000000,PAYING,PAY CURR
32832,Sophia Davis,"68 Sunset Boulevard, Limerick",2025-05-22T02:26:50.000000,OTHER,ARCHIVED
32998,James Wilson,"1 Elm Street, Galway",2025-05-22T04:29:16.000000,LEGAL,LEG_NOT
17880,Emma Davis,"52 Pine Road, Cork",2025-05-22T05:51:53.000000,COLLECTIONS,CANCEL4
17880,Emma Davis,"52 Pine Road, Cork",2025-05-22T06:02:45.000000,COLLECTIONS,CANCEL4
98794,Sarah Martinez,"10 Maple Avenue, Cork",2025-05-22T06:51:30.000000,PAYING,PAY CURR
59344,Olivia Jones,"160 Sunset Boulevard, Limerick",2025-05-22T07:25:08.000000,LEGAL,LEG VERIF 1
86347,Michael Johnson,"31 Pine Road, Galway",2025-05-22T08:54:43.000000,PAYING,PAY PROP
10585,Michael Davis,"71 Riverside Drive, Belfast",2025-05-22T10:20:48.000000,PAYING,PAY PROP
54123,Olivia Rodriguez,"79 Pine Road, Limerick",2025-05-22T10:51:29.000000,SETTLED,SETTLED
95232,John Rodriguez,"124 Sunset Boulevard, Limerick",2025-05-22T11:20:38.000000,OTHER,ARCHIVED
83943,David Wilson,"188 Cedar Lane, Belfast",2025-05-22T12:37:12.000000,COLLECTIONS,PAY OVER
94714,Sophia Brown,"85 Cedar Lane, Dublin",2025-05-22T13:33:16.000000,SETTLED,SETTLED
71125,John Brown,"136 Maple Avenue, Kilkenny",2025-05-22T14:53:10.000000,TRACE,GONEAWAY
46992,James Williams,"15 Cedar Lane, Dublin",2025-05-22T19:52:04.000000,TRACE,GONEAWAY
90869,David Jones,"143 Sunset Boulevard, Waterford",2025-05-22T20:27:15.000000,PAYING,PAY PROP
10585,Michael Davis,"71 Riverside Drive, Belfast",2025-05-22T21:22:43.000000,TRACE,GONEAWAY
84256,Sarah Brown,"185 Elm Street, Waterford",2025-05-23T00:35:23.000000,TRACE,GONEAWAY
32283,James Johnson,"41 Pine Road, Cork",2025-05-23T01:15:59.000000,PAYING,PAY CURR
87432,John Martinez,"107 Pine Road, Dublin",2025-05-23T01:25:22.000000,SETTLED,SETTLED
92669,John Davis,"72 Pine Road, Kilkenny",2025-05-23T07:09:27.000000,SETTLED,SETTLED
55992,John Miller,"18 Sunset Boulevard, Galway",2025-05-23T08:37:14.000000,PAYING,PAY CURR
63099,Alex Martinez,"170 Elm Street, Kilkenny",2025-05-23T10:08:38.000000,SETTLED,SETTLED
98254,Sarah Rodriguez,"3 Pine Road, Sligo",2025-05-23T10:42:08.000000,INSOLVENCY,INS2
74670,Laura Rodriguez,"189 Maple Avenue, Galway",2025-05-23T10:54:46.000000,PAYING,PAY CURR
45539,James Johnson,"88 Maple Avenue, Sligo",2025-05-23T12:44:25.000000,SETTLED,SETTLED
48354,Michael Smith,"186 Sunset Boulevard, Kilkenny",2025-05-23T14:49:28.000000,INSOLVENCY,INS3
13416,Emma Wilson,"58 Pine Road, Dublin",2025-05-23T15:07:19.000000,SETTLED,SETTLED
66158,Emma Martinez,"99 Cedar Lane, Waterford",2025-05-23T15:09:47.000000,OTHER,ARCHIVED
68484,Michael Wilson,"53 Elm Street, Kilkenny",2025-05-23T15:58:37.000000,INSOLVENCY,INS1
26066,James Jones,"161 Pine Road, Waterford",2025-05-23T18:25:25.000000,OTHER,ARCHIVED
13416,Emma Wilson,"58 Pine Road, Dublin",2025-05-23T21:01:59.000000,INSOLVENCY,INS1
98254,Sarah Rodriguez,"3 Pine Road, Sligo",2025-05-23T21:14:44.000000,LEGAL,LEG VERIF 2
78633,James Davis,"20 Maple Avenue, Waterford",2025-05-23T21:37:41.000000,TRACE,GONEAWAY
13484,Maria Davis,"129 Cedar Lane, Galway",2025-05-23T22:45:12.000000,TRACE,GONEAWAY
92669,John Davis,"72 Pine Road, Kilkenny",2025-05-24T02:58:31.000000,OTHER,ARCHIVED
47933,Emma Brown,"79 Elm Street, Kilkenny",2025-05-24T03:35:44.000000,PAYING,PAY PROP
39776,Maria Davis,"113 Maple Avenue, Kilkenny",2025-05-24T04:28:07.000000,OTHER,ARCHIVED
94714,Sophia Brown,"85 Cedar Lane, Dublin",2025-05-24T05:42:27.000000,TRACE,GONEAWAY
81675,Alex Smith,"53 Maple Avenue, Kilkenny",2025-05-24T05:53:30.000000,PAYING,PAY PROP
21399,David Williams,"41 Pine Road, Sligo",2025-05-24T06:38:29.000000,LEGAL,LEG VERIF 1
71242,James Davis,"9 Hillcrest Road, Kilkenny",2025-05-24T06:55:36.000000,LEGAL,LEG VERIF 1
74670,Laura Rodriguez,"189 Maple Avenue, Galway",2025-05-24T06:56:23.000000,COLLECTIONS,PAY OVER
28504,Maria Jones,"169 Oak Street, Sligo",2025-05-24T07:17:21.000000,PAYING,PAY CURR
36313,David Smith,"102 Sunset Boulevard, Sligo",2025-05-24T09:58:04.000000,INSOLVENCY,INS4
19099,Michael Smith,"93 Pine Road, Waterford",2025-05-24T10:55:35.000000,TRACE,GONEAWAY
96772,Laura Brown,"127 Oak Street, Dublin",2025-05-24T12:14:28.000000,SETTLED,SETTLED
34650,Daniel Miller,"37 Elm Street, Belfast",2025-05-24T13:19:20.000000,LEGAL,HOLD FO
37988,Olivia Martinez,"80 Sunset Boulevard, Belfast",2025-05-24T13:40:22.000000,SETTLED,SETTLED
77262,Daniel Garcia,"46 Sunset Boulevard, Limerick",2025-05-24T14:47:09.000000,COLLECTIONS,PRIME_D
70437,Olivia Miller,"185 Oak Street, Belfast",2025-05-24T16:35:44.000000,INSOLVENCY,INS4
58064,Emma Williams,"123 Elm Street, Waterford",2025-05-24T16:43:57.000000,COLLECTIONS,CANCEL2
42252,Sophia Johnson,"150 Sunset Boulevard, Kilkenny",2025-05-24T17:02:28.000000,LEGAL,LEG VERIF 2
81634,David Jones,"195 Hillcrest Road, Dublin",2025-05-24T17:06:55.000000,INSOLVENCY,INS3
86556,Michael Brown,"113 Elm Street, Kilkenny",2025-05-24T22:07:10.000000,COLLECTIONS,PRIME_D
75042,Sophia Jones,"52 Cedar Lane, Limerick",2025-05-25T00:37:55.000000,TRACE,GONEAWAY
19675,James Davis,"154 Hillcrest Road, Dublin",2025-05-25T01:19:52.000000,OTHER,ARCHIVED
94638,David Wilson,"139 Cedar Lane, Cork",2025-05-25T01:24:38.000000,INSOLVENCY,INS4
25733,David Brown,"63 Sunset Boulevard, Kilkenny",2025-05-25T04:30:39.000000,COLLECTIONS,PRIME_D
21707,Michael Rodriguez,"81 Pine Road, Dublin",2025-05-25T07:38:05.000000,PAYING,PAY PROP
37798,Sarah Wilson,"54 Elm Street, Cork",2025-05-25T09:49:28.000000,LEGAL,LEG_TIT
79279,James Martinez,"190 Oak Street, Galway",2025-05-25T12:07:23.000000,TRACE,GONEAWAY
84845,Sarah Rodriguez,"89 Riverside Drive, Waterford",2025-05-25T12:30:13.000000,LEGAL,LEG VERIF 2
25073,John Davis,"156 Elm Street, Galway",2025-05-25T15:02:29.000000,COLLECTIONS,PRIME
71048,Maria Brown,"124 Maple Avenue, Belfast",2025-05-25T16:13:56.000000,PAYING,PAY CURR
87921,Alex Brown,"3 Hillcrest Road, Galway",2025-05-25T16:31:29.000000,COLLECTIONS,TELSOLUTIONS1
88060,David Johnson,"107 Pine Road, Waterford",2025-05-25T19:22:46.000000,INSOLVENCY,INS4
16198,Laura Williams,"167 Elm Street, Limerick",2025-05-25T19:32:20.000000,PAYING,PAY CURR
79212,Sophia Rodriguez,"177 Oak Street, Belfast",2025-05-25T23:41:48.000000,SETTLED,SETTLED
70219,John Johnson,"59 Maple Avenue, Sligo",2025-05-26T00:12:37.000000,SETTLED,SETTLED
78987,Maria Smith,"55 Oak Street, Limerick",2025-05-26T00:23:26.000000,SETTLED,SETTLED
29623,James Smith,"134 Riverside Drive, Waterford",2025-05-26T00:48:10.000000,PAYING,PAY PROP
28442,Emma Rodriguez,"145 Elm Street, Dublin",2025-05-26T01:58:41.000000,OTHER,ARCHIVED
98909,Michael Rodriguez,"83 Maple Avenue, Limerick",2025-05-26T08:11:06.000000,COLLECTIONS,CASSIST2
84455,Daniel Smith,"118 Maple Avenue, Galway",2025-05-26T12:34:28.000000,SETTLED,SETTLED
70437,Olivia Miller,"185 Oak Street, Belfast",2025-05-26T14:50:59.000000,PAYING,PAY CURR
89176,Sarah Johnson,"105 Cedar Lane, Galway",2025-05-26T18:07:08.000000,TRACE,GONEAWAY
54341,Michael Davis,"164 Maple Avenue, Belfast",2025-05-26T18:13:04.000000,LEGAL,HOLD FO
31172,Olivia Smith,"102 Sunset Boulevard, Dublin",2025-05-26T23:58:18.000000,PAYING,PAY CURR
60001,Alex Brown,"57 Cedar Lane, Kilkenny",2025-05-28T00:12:17.000000,INSOLVENCY,INS3
75723,Olivia Williams,"141 Pine Road, Waterford",2025-05-28T01:04:27.000000,LEGAL,LEG_NOT
53017,Daniel Smith,"120 Hillcrest Road, Belfast",2025-05-28T03:57:20.000000,INSOLVENCY,INS2
94956,Alex Jones,"144 Riverside Drive, Limerick",2025-05-28T05:41:19.000000,PAYING,PAY PROP
46369,Emma Jones,"85 Sunset Boulevard, Sligo",2025-05-28T10:07:24.000000,INSOLVENCY,INS4
10180,Olivia Davis,"3 Elm Street, Limerick",2025-05-28T10:19:46.000000,OTHER,ARCHIVED
46494,Laura Johnson,"178 Cedar Lane, Sligo",2025-05-28T10:44:16.000000,OTHER,ARCHIVED
93890,Maria Smith,"163 Riverside Drive, Cork",2025-05-28T12:03:03.000000,LEGAL,LEG_TIT
36291,David Davis,"39 Elm Street, Dublin",2025-05-28T12:04:27.000000,PAYING,PAY PROP
51246,Sarah Williams,"142 Oak Street, Limerick",2025-05-28T12:13:56.000000,SETTLED,SETTLED
19086,Laura Brown,"88 Cedar Lane, Sligo",2025-05-28T13:29:02.000000,LEGAL,LEG VERIF 1
42747,Sarah Brown,"179 Hillcrest Road, Waterford",2025-05-28T16:34:29.000000,INSOLVENCY,INSP
74228,Sarah Martinez,"44 Sunset Boulevard, Sligo",2025-05-28T19:51:48.000000,PAYING,PAY PROP
55992,John Miller,"18 Sunset Boulevard, Galway",2025-05-28T23:48:49.000000,COLLECTIONS,TELSOLUTIONS4
10869,John Williams,"5 Hillcrest Road, Dublin",2025-05-29T00:31:14.000000,SETTLED,SETTLED
13861,David Smith,"185 Maple Avenue, Dublin",2025-05-29T04:55:51.000000,TRACE,GONEAWAY
61550,Maria Brown,"98 Riverside Drive, Galway",2025-05-29T08:50:03.000000,COLLECTIONS,CANCEL4
11336,Emma Smith,"64 Pine Road, Sligo",2025-05-29T09:35:41.000000,SETTLED,SETTLED
47103,Daniel Davis,"33 Pine Road, Sligo",2025-05-29T16:07:48.000000,INSOLVENCY,INS4
20307,James Williams,"149 Riverside Drive, Limerick",2025-05-30T01:04:39.000000,TRACE,GONEAWAY
55030,Olivia Martinez,"8 Elm Street, Sligo",2025-05-30T04:00:27.000000,TRACE,GONEAWAY
46155,Sophia Smith,"130 Cedar Lane, Galway",2025-05-30T07:31:45.000000,OTHER,ARCHIVED
80451,Sophia Wilson,"3 Hillcrest Road, Cork",2025-05-30T07:39:55.000000,COLLECTIONS,PRIME
13787,Laura Wilson,"88 Elm Street, Cork",2025-05-30T07:53:52.000000,INSOLVENCY,INS2
16198,Laura Williams,"167 Elm Street, Limerick",2025-05-30T08:45:54.000000,TRACE,GONEAWAY
29210,David Brown,"69 Oak Street, Kilkenny",2025-05-30T08:51:06.000000,PAYING,PAY PROP
91331,Olivia Rodriguez,"24 Cedar Lane, Dublin",2025-05-30T10:57:34.000000,SETTLED,SETTLED
59791,Emma Martinez,"93 Elm Street, Cork",2025-05-30T13:30:37.000000,INSOLVENCY,INS3
94706,Alex Davis,"55 Elm Street, Galway",2025-05-30T17:11:28.000000,LEGAL,LEG VERIF 1
52087,Maria Brown,"120 Hillcrest Road, Belfast",2025-05-30T18:32:01.000000,LEGAL,LEG VERIF 2
85173,Emma Martinez,"141 Sunset Boulevard, Cork",2025-05-30T19:24:26.000000,SETTLED,SETTLED
34177,Sarah Jones,"63 Hillcrest Road, Limerick",2025-05-30T19:45:19.000000,TRACE,GONEAWAY
95324,Emma Brown,"136 Cedar Lane, Sligo",2025-05-30T20:17:41.000000,TRACE,GONEAWAY
54549,Olivia Miller,"41 Hillcrest Road, Kilkenny",2025-05-30T22:19:17.000000,LEGAL,HOLD FO
46986,James Martinez,"81 Hillcrest Road, Belfast",2025-05-30T22:44:51.000000,LEGAL,LEG_NOT
33687,Michael Wilson,"175 Pine Road, Belfast",2025-05-31T01:21:26.000000,LEGAL,HOLD FO
25000,Maria Martinez,"48 Elm Street, Galway",2025-05-31T02:37:12.000000,COLLECTIONS,TELSOLUTIONS4
69833,Laura Garcia,"200 Hillcrest Road, Kilkenny",2025-05-31T04:43:22.000000,SETTLED,SETTLED
29593,Laura Jones,"9 Cedar Lane, Dublin",2025-05-31T09:46:06.000000,COLLECTIONS,CASSIST2
34108,Laura Jones,"183 Pine Road, Galway",2025-05-31T12:30:52.000000,COLLECTIONS,PRIME
57819,John Garcia,"141 Elm Street, Sligo",2025-05-31T12:46:09.000000,LEGAL,LEG_TIT
52017,Maria Wilson,"152 Riverside Drive, Sligo",2025-05-31T16:03:18.000000,PAYING,PAY PROP
10474,John Rodriguez,"95 Elm Street, Cork",2025-05-31T16:18:15.000000,INSOLVENCY,INS1
94928,John Williams,"19 Pine Road, Belfast",2025-05-31T17:21:11.000000,COLLECTIONS,PRIME_D
79521,Sophia Jones,"196 Sunset Boulevard, Cork",2025-05-31T19:04:50.000000,OTHER,ARCHIVED
65559,Sophia Miller,"7 Maple Avenue, Kilkenny",2025-05-31T19:52:16.000000,PAYING,PAY PROP
17320,Maria Martinez,"117 Sunset Boulevard, Belfast",2025-05-31T21:04:27.000000,SETTLED,SETTLED
19099,Michael Smith,"93 Pine Road, Waterford",2025-06-01T00:12:10.000000,PAYING,PAY PROP
86013,Daniel Smith,"124 Sunset Boulevard, Belfast",2025-06-01T00:50:09.000000,COLLECTIONS,PAY OVER
32832,Sophia Davis,"68 Sunset Boulevard, Limerick",2025-06-01T00:50:57.000000,TRACE,GONEAWAY
84640,Olivia Smith,"131 Pine Road, Sligo",2025-06-01T00:58:46.000000,INSOLVENCY,INS4
72340,John Rodriguez,"58 Pine Road, Belfast",2025-06-01T01:16:05.000000,PAYING,PAY CURR
31463,Sarah Garcia,"113 Hillcrest Road, Galway",2025-06-01T01:38:43.000000,OTHER,ARCHIVED
64070,Laura Davis,"42 Elm Street, Galway",2025-06-01T02:18:55.000000,COLLECTIONS,TELSOLUTIONS4
40733,Daniel Miller,"77 Cedar Lane, Belfast",2025-06-01T05:25:47.000000,OTHER,ARCHIVED
49999,James Miller,"47 Riverside Drive, Limerick",2025-06-01T07:47:49.000000,COLLECTIONS,TELSOLUTIONS1
77356,Daniel Martinez,"158 Oak Street, Sligo",2025-06-01T09:17:58.000000,COLLECTIONS,CANCEL2
57726,John Davis,"22 Cedar Lane, Belfast",2025-06-01T10:47:50.000000,PAYING,PAY PROP
95232,John Rodriguez,"124 Sunset Boulevard, Limerick",2025-06-01T12:38:21.000000,SETTLED,SETTLED
40198,Alex Williams,"6 Maple Avenue, Kilkenny",2025-06-01T14:30:19.000000,LEGAL,LEG_TIT
57819,John Garcia,"141 Elm Street, Sligo",2025-06-01T19:54:41.000000,LEGAL,LEG_TIT
29836,John Johnson,"74 Sunset Boulevard, Waterford",2025-06-01T21:07:35.000000,SETTLED,SETTLED
85557,James Smith,"69 Oak Street, Kilkenny",2025-06-01T22:20:20.000000,INSOLVENCY,INSP
59502,Emma Garcia,"105 Hillcrest Road, Cork",2025-06-02T01:38:57.000000,SETTLED,SETTLED
14006,James Johnson,"124 Maple Avenue, Galway",2025-06-02T07:44:29.000000,INSOLVENCY,INS1
87813,Olivia Johnson,"55 Hillcrest Road, Galway",2025-06-04T00:33:24.000000,LEGAL,LEG VERIF 2
35861,David Johnson,"103 Cedar Lane, Galway",2025-06-04T00:52:07.000000,INSOLVENCY,INSP
15757,Sophia Williams,"79 Sunset Boulevard, Dublin",2025-06-04T01:50:23.000000,TRACE,GONEAWAY
36810,Maria Martinez,"81 Riverside Drive, Belfast",2025-06-04T02:33:53.000000,TRACE,GONEAWAY
60001,Alex Brown,"57 Cedar Lane, Kilkenny",2025-06-04T03:52:51.000000,INSOLVENCY,INSP
78416,Laura Wilson,"31 Hillcrest Road, Limerick",2025-06-05T00:23:51.000000,TRACE,GONEAWAY
33347,David Jones,"157 Sunset Boulevard, Sligo",2025-06-05T08:47:30.000000,OTHER,ARCHIVED
10869,John Williams,"5 Hillcrest Road, Dublin",2025-06-05T13:27:24.000000,SETTLED,SETTLED
79212,Sophia Rodriguez,"177 Oak Street, Belfast",2025-06-05T13:58:59.000000,COLLECTIONS,PRIME
98794,Sarah Martinez,"10 Maple Avenue, Cork",2025-06-06T01:13:45.000000,LEGAL,LEG_TIT
85241,Emma Brown,"57 Maple Avenue, Kilkenny",2025-06-06T02:16:44.000000,TRACE,GONEAWAY
85441,John Garcia,"125 Hillcrest Road, Sligo",2025-06-06T04:29:11.000000,COLLECTIONS,TELSOLUTIONS1
26514,Sophia Smith,"135 Sunset Boulevard, Limerick",2025-06-06T04:50:02.000000,LEGAL,HOLD FO
60840,James Miller,"74 Riverside Drive, Limerick",2025-06-06T05:38:22.000000,COLLECTIONS,CANCEL4
32687,Michael Wilson,"97 Cedar Lane, Dublin",2025-06-06T07:10:57.000000,PAYING,PAY PROP
47532,Sophia Jones,"89 Riverside Drive, Sligo",2025-06-06T09:04:38.000000,COLLECTIONS,PAY OVER
13416,Emma Wilson,"58 Pine Road, Dublin",2025-06-06T09:18:40.000000,COLLECTIONS,CASSIST2
57417,Daniel Smith,"175 Hillcrest Road, Limerick",2025-06-06T09:22:26.000000,PAYING,PAY CURR
65773,James Miller,"140 Riverside Drive, Kilkenny",2025-06-06T12:04:26.000000,COLLECTIONS,PRIME
29210,David Brown,"69 Oak Street, Kilkenny",2025-06-06T15:44:50.000000,INSOLVENCY,INS2
98849,Laura Wilson,"152 Oak Street, Cork",2025-06-06T15:52:13.000000,LEGAL,HOLD FO
34002,James Johnson,"200 Oak Street, Waterford",2025-06-06T16:19:11.000000,LEGAL,LEG VERIF 1
45548,Maria Wilson,"163 Maple Avenue, Dublin",2025-06-06T16:32:13.000000,SETTLED,SETTLED
67701,Alex Brown,"116 Maple Avenue, Waterford",2025-06-06T16:57:38.000000,COLLECTIONS,PRIME_D
91558,Sophia Rodriguez,"139 Riverside Drive, Galway",2025-06-06T16:58:30.000000,COLLECTIONS,CASSIST2
65156,Sarah Smith,"138 Elm Street, Galway",2025-06-06T18:02:39.000000,INSOLVENCY,INSP
85441,John Garcia,"125 Hillcrest Road, Sligo",2025-06-07T00:37:10.000000,OTHER,ARCHIVED
82487,Daniel Miller,"195 Riverside Drive, Belfast",2025-06-07T01:42:56.000000,LEGAL,LEG VERIF 2
70629,Michael Rodriguez,"172 Oak Street, Belfast",2025-06-07T08:19:05.000000,PAYING,PAY CURR
11449,Daniel Miller,"6 Hillcrest Road, Waterford",2025-06-07T09:17:41.000000,PAYING,PAY CURR
21698,Emma Miller,"48 Cedar Lane, Dublin",2025-06-07T10:20:20.000000,INSOLVENCY,INS2
59505,Daniel Wilson,"113 Pine Road, Limerick",2025-06-07T10:57:43.000000,LEGAL,HOLD FO
34083,Michael Davis,"37 Hillcrest Road, Cork",2025-06-07T11:38:46.000000,OTHER,ARCHIVED
53017,Daniel Smith,"120 Hillcrest Road, Belfast",2025-06-07T14:09:06.000000,COLLECTIONS,PRIME
63538,Alex Brown,"134 Hillcrest Road, Cork",2025-06-07T16:58:00.000000,COLLECTIONS,PRIME
88716,Emma Rodriguez,"113 Cedar Lane, Galway",2025-06-07T17:19:02.000000,PAYING,PAY PROP
29600,Daniel Martinez,"184 Elm Street, Limerick",2025-06-07T17:22:22.000000,PAYING,PAY PROP
99694,Sophia Rodriguez,"10 Elm Street, Belfast",2025-06-07T18:49:23.000000,COLLECTIONS,CANCEL4
40079,Sarah Wilson,"112 Elm Street, Belfast",2025-06-07T19:08:03.000000,OTHER,ARCHIVED
63368,John Johnson,"56 Elm Street, Limerick",2025-06-07T20:24:26.000000,LEGAL,HOLD FO
85922,John Rodriguez,"94 Pine Road, Sligo",2025-06-07T20:28:15.000000,PAYING,PAY PROP
63223,Daniel Smith,"39 Oak Street, Kilkenny",2025-06-07T20:54:01.000000,PAYING,PAY PROP
46155,Sophia Smith,"130 Cedar Lane, Galway",2025-06-07T21:33:36.000000,INSOLVENCY,INS1
75723,Olivia Williams,"141 Pine Road, Waterford",2025-06-08T01:06:20.000000,COLLECTIONS,TELSOLUTIONS1
73556,Emma Rodriguez,"154 Oak Street, Belfast",2025-06-08T02:00:26.000000,TRACE,GONEAWAY
61279,Maria Smith,"51 Maple Avenue, Dublin",2025-06-08T06:51:34.000000,TRACE,GONEAWAY
78633,James Davis,"20 Maple Avenue, Waterford",2025-06-08T07:44:52.000000,INSOLVENCY,INS2
59399,Michael Jones,"5 Hillcrest Road, Kilkenny",2025-06-08T08:44:08.000000,INSOLVENCY,INS2
98909,Michael Rodriguez,"83 Maple Avenue, Limerick",2025-06-08T12:27:23.000000,INSOLVENCY,INS2
50515,Sarah Miller,"153 Pine Road, Limerick",2025-06-08T14:14:27.000000,SETTLED,SETTLED
91678,Laura Garcia,"104 Cedar Lane, Waterford",2025-06-08T22:48:20.000000,OTHER,ARCHIVED
85043,Sarah Rodriguez,"103 Cedar Lane, Cork",2025-06-09T04:10:27.000000,SETTLED,SETTLED
34629,Alex Martinez,"67 Sunset Boulevard, Galway",2025-06-09T06:25:49.000000,INSOLVENCY,INS4
92255,Sophia Martinez,"67 Maple Avenue, Sligo",2025-06-09T07:20:34.000000,INSOLVENCY,INS4
98254,Sarah Rodriguez,"3 Pine Road, Sligo",2025-06-09T10:55:45.000000,OTHER,ARCHIVED
98794,Sarah Martinez,"10 Maple Avenue, Cork",2025-06-09T13:21:24.000000,LEGAL,LEG_NOT
59505,Daniel Wilson,"113 Pine Road, Limerick",2025-06-09T14:15:26.000000,LEGAL,HOLD FO
13356,James Jones,"85 Cedar Lane, Cork",2025-06-09T15:01:11.000000,LEGAL,LEG VERIF 1
69833,Laura Garcia,"200 Hillcrest Road, Kilkenny",2025-06-09T20:11:44.000000,INSOLVENCY,INS1
59399,Michael Jones,"5 Hillcrest Road, Kilkenny",2025-06-09T20:38:42.000000,COLLECTIONS,TELSOLUTIONS1
35919,Olivia Rodriguez,"168 Elm Street, Belfast",2025-06-09T21:36:52.000000,OTHER,ARCHIVED
63223,Daniel Smith,"39 Oak Street, Kilkenny",2025-06-09T21:42:01.000000,INSOLVENCY,INSP
10388,Laura Garcia,"58 Elm Street, Dublin",2025-06-10T03:33:15.000000,PAYING,PAY CURR
44286,Sophia Davis,"160 Cedar Lane, Cork",2025-06-10T08:53:47.000000,COLLECTIONS,CANCEL4
28504,Maria Jones,"169 Oak Street, Sligo",2025-06-10T16:27:11.000000,COLLECTIONS,TELSOLUTIONS4
45495,Michael Smith,"140 Elm Street, Kilkenny",2025-06-10T23:06:32.000000,COLLECTIONS,PAY OVER
21453,John Garcia,"90 Sunset Boulevard, Waterford",2025-06-11T02:40:33.000000,OTHER,ARCHIVED
10180,Olivia Davis,"3 Elm Street, Limerick",2025-06-11T03:48:35.000000,OTHER,ARCHIVED
21415,David Jones,"172 Maple Avenue, Kilkenny",2025-06-11T04:13:24.000000,PAYING,PAY CURR
28382,Daniel Miller,"64 Maple Avenue, Kilkenny",2025-06-11T05:30:31.000000,TRACE,GONEAWAY
48388,Alex Smith,"63 Hillcrest Road, Limerick",2025-06-11T08:29:02.000000,OTHER,ARCHIVED
17346,Daniel Wilson,"37 Riverside Drive, Limerick",2025-06-11T09:04:38.000000,COLLECTIONS,TELSOLUTIONS1
35401,John Miller,"164 Sunset Boulevard, Belfast",2025-06-11T10:38:30.000000,OTHER,ARCHIVED
59502,Emma Garcia,"105 Hillcrest Road, Cork",2025-06-11T11:42:33.000000,SETTLED,SETTLED
10474,John Rodriguez,"95 Elm Street, Cork",2025-06-11T11:59:07.000000,PAYING,PAY PROP
34177,Sarah Jones,"63 Hillcrest Road, Limerick",2025-06-11T15:30:26.000000,COLLECTIONS,TELSOLUTIONS4
68436,Emma Johnson,"189 Oak Street, Cork",2025-06-11T16:06:07.000000,OTHER,ARCHIVED
94751,Emma Rodriguez,"158 Maple Avenue, Kilkenny",2025-06-11T16:10:52.000000,COLLECTIONS,TELSOLUTIONS1
40198,Alex Williams,"6 Maple Avenue, Kilkenny",2025-06-11T16:17:30.000000,COLLECTIONS,PRIME
33347,David Jones,"157 Sunset Boulevard, Sligo",2025-06-11T16:58:48.000000,INSOLVENCY,INS1
50973,Emma Miller,"128 Maple Avenue, Galway",2025-06-11T18:17:23.000000,COLLECTIONS,CASSIST2
83785,Sophia Martinez,"141 Hillcrest Road, Cork",2025-06-11T19:28:27.000000,SETTLED,SETTLED
37744,Sophia Miller,"115 Oak Street, Limerick",2025-06-11T21:13:03.000000,TRACE,GONEAWAY
77426,Alex Miller,"136 Elm Street, Dublin",2025-06-11T22:46:11.000000,TRACE,GONEAWAY
15680,John Miller,"125 Sunset Boulevard, Sligo",2025-06-13T08:55:48.000000,INSOLVENCY,INS2
40733,Daniel Miller,"77 Cedar Lane, Belfast",2025-06-13T13:42:58.000000,INSOLVENCY,INS3
39643,Emma Davis,"33 Elm Street, Cork",2025-06-13T15:01:20.000000,COLLECTIONS,CANCEL4
40659,Sophia Rodriguez,"173 Sunset Boulevard, Kilkenny",2025-06-13T17:08:58.000000,PAYING,PAY PROP
19099,Michael Smith,"93 Pine Road, Waterford",2025-06-13T17:43:29.000000,INSOLVENCY,INS3
58120,Alex Jones,"138 Riverside Drive, Kilkenny",2025-06-13T18:37:53.000000,TRACE,GONEAWAY
21418,Sarah Miller,"81 Riverside Drive, Galway",2025-06-13T19:02:40.000000,PAYING,PAY CURR
62836,Sarah Brown,"85 Pine Road, Sligo",2025-06-13T23:07:45.000000,INSOLVENCY,INS4
13787,Laura Wilson,"88 Elm Street, Cork",2025-06-14T02:50:20.000000,INSOLVENCY,INSP
40987,Sophia Martinez,"72 Pine Road, Cork",2025-06-14T08:52:01.000000,COLLECTIONS,TELSOLUTIONS1
73732,Laura Williams,"139 Maple Avenue, Galway",2025-06-15T06:17:03.000000,TRACE,GONEAWAY
62595,Sarah Davis,"25 Pine Road, Sligo",2025-06-15T11:09:39.000000,OTHER,ARCHIVED
19099,Michael Smith,"93 Pine Road, Waterford",2025-06-15T13:33:06.000000,SETTLED,SETTLED
22367,Maria Martinez,"51 Elm Street, Dublin",2025-06-15T19:40:49.000000,SETTLED,SETTLED
41740,John Johnson,"78 Cedar Lane, Dublin",2025-06-16T00:13:49.000000,OTHER,ARCHIVED
93890,Maria Smith,"163 Riverside Drive, Cork",2025-06-16T01:53:40.000000,SETTLED,SETTLED
53131,Emma Garcia,"41 Elm Street, Sligo",2025-06-16T02:31:56.000000,COLLECTIONS,CANCEL4
22367,Maria Martinez,"51 Elm Street, Dublin",2025-06-16T02:47:47.000000,COLLECTIONS,TELSOLUTIONS1
96035,Laura Garcia,"59 Maple Avenue, Sligo",2025-06-16T03:53:24.000000,PAYING,PAY CURR
32687,Michael Wilson,"97 Cedar Lane, Dublin",2025-06-16T08:51:39.000000,COLLECTIONS,CASSIST2
82526,John Davis,"136 Riverside Drive, Galway",2025-06-16T09:50:44.000000,SETTLED,SETTLED
80893,Alex Wilson,"36 Cedar Lane, Sligo",2025-06-16T11:08:12.000000,TRACE,GONEAWAY
58473,Sophia Brown,"162 Elm Street, Galway",2025-06-16T11:53:00.000000,TRACE,GONEAWAY
23780,David Williams,"197 Hillcrest Road, Cork",2025-06-16T12:26:34.000000,TRACE,GONEAWAY
25073,John Davis,"156 Elm Street, Galway",2025-06-16T13:13:53.000000,LEGAL,LEG_TIT
70180,Michael Garcia,"19 Oak Street, Galway",2025-06-16T14:46:22.000000,SETTLED,SETTLED
83051,James Miller,"200 Hillcrest Road, Waterford",2025-06-16T15:51:26.000000,COLLECTIONS,PRIME_D
26742,Laura Miller,"18 Maple Avenue, Waterford",2025-06-16T18:12:16.000000,TRACE,GONEAWAY
40079,Sarah Wilson,"112 Elm Street, Belfast",2025-06-16T18:34:45.000000,LEGAL,LEG_NOT
45393,Emma Wilson,"84 Sunset Boulevard, Galway",2025-06-16T19:03:01.000000,OTHER,ARCHIVED
46992,James Williams,"15 Cedar Lane, Dublin",2025-06-16T19:13:51.000000,INSOLVENCY,INS1
81675,Alex Smith,"53 Maple Avenue, Kilkenny",2025-06-16T20:17:00.000000,LEGAL,LEG_TIT
52609,Sophia Brown,"53 Pine Road, Limerick",2025-06-16T22:28:41.000000,LEGAL,HOLD FO
42494,Olivia Rodriguez,"146 Pine Road, Waterford",2025-06-17T00:17:20.000000,OTHER,ARCHIVED
60048,Sophia Williams,"132 Hillcrest Road, Waterford",2025-06-17T03:35:38.000000,OTHER,ARCHIVED
95232,John Rodriguez,"124 Sunset Boulevard, Limerick",2025-06-17T07:59:17.000000,COLLECTIONS,CANCEL2
85557,James Smith,"69 Oak Street, Kilkenny",2025-06-17T08:09:26.000000,OTHER,ARCHIVED
84455,Daniel Smith,"118 Maple Avenue, Galway",2025-06-17T08:35:23.000000,SETTLED,SETTLED
17948,Alex Martinez,"128 Riverside Drive, Kilkenny",2025-06-17T17:16:00.000000,COLLECTIONS,CANCEL2
95274,Laura Jones,"120 Maple Avenue, Kilkenny",2025-06-17T18:16:59.000000,LEGAL,LEG_TIT
51089,Laura Garcia,"41 Maple Avenue, Galway",2025-06-17T18:23:30.000000,LEGAL,HOLD FO
62345,Laura Miller,"189 Cedar Lane, Cork",2025-06-17T19:40:24.000000,TRACE,GONEAWAY
78528,Laura Rodriguez,"120 Pine Road, Belfast",2025-06-17T21:18:45.000000,PAYING,PAY CURR
55044,Emma Wilson,"74 Riverside Drive, Galway",2025-06-17T22:14:27.000000,LEGAL,LEG_TIT
86013,Daniel Smith,"124 Sunset Boulevard, Belfast",2025-06-17T23:26:59.000000,SETTLED,SETTLED
40987,Sophia Martinez,"72 Pine Road, Cork",2025-06-18T10:49:45.000000,SETTLED,SETTLED
24213,Alex Williams,"139 Elm Street, Belfast",2025-06-18T23:52:16.000000,PAYING,PAY PROP
37798,Sarah Wilson,"54 Elm Street, Cork",2025-06-19T00:03:06.000000,PAYING,PAY PROP
79521,Sophia Jones,"196 Sunset Boulevard, Cork",2025-06-19T01:41:48.000000,INSOLVENCY,INS1
25633,Daniel Williams,"32 Sunset Boulevard, Sligo",2025-06-19T08:43:52.000000,COLLECTIONS,CANCEL4
21489,Daniel Jones,"50 Riverside Drive, Galway",2025-06-19T16:36:11.000000,SETTLED,SETTLED
62836,Sarah Brown,"85 Pine Road, Sligo",2025-06-19T17:09:33.000000,TRACE,GONEAWAY
88213,David Williams,"8 Pine Road, Kilkenny",2025-06-19T19:07:38.000000,LEGAL,LEG_NOT
74894,Emma Garcia,"190 Sunset Boulevard, Belfast",2025-06-19T19:41:14.000000,INSOLVENCY,INS2
52087,Maria Brown,"120 Hillcrest Road, Belfast",2025-06-19T20:37:02.000000,SETTLED,SETTLED
57791,James Miller,"118 Hillcrest Road, Sligo",2025-06-20T00:04:28.000000,INSOLVENCY,INS1
92889,John Martinez,"90 Cedar Lane, Waterford",2025-06-20T01:07:40.000000,SETTLED,SETTLED
89612,Daniel Jones,"194 Cedar Lane, Cork",2025-06-20T03:50:01.000000,TRACE,GONEAWAY
56961,John Brown,"83 Riverside Drive, Galway",2025-06-20T05:55:26.000000,PAYING,PAY PROP
31172,Olivia Smith,"102 Sunset Boulevard, Dublin",2025-06-20T07:26:30.000000,COLLECTIONS,CANCEL4
25000,Maria Martinez,"48 Elm Street, Galway",2025-06-20T07:53:07.000000,PAYING,PAY CURR
47857,James Garcia,"133 Cedar Lane, Dublin",2025-06-20T10:32:10.000000,TRACE,GONEAWAY
13787,Laura Wilson,"88 Elm Street, Cork",2025-06-20T10:40:35.000000,LEGAL,HOLD FO
63223,Daniel Smith,"39 Oak Street, Kilkenny",2025-06-20T15:20:36.000000,COLLECTIONS,CANCEL2
26096,Sarah Jones,"154 Elm Street, Sligo",2025-06-20T16:21:19.000000,INSOLVENCY,INS2
26742,Laura Miller,"18 Maple Avenue, Waterford",2025-06-20T17:33:06.000000,SETTLED,SETTLED
62692,Maria Miller,"186 Maple Avenue, Sligo",2025-06-20T18:22:21.000000,OTHER,ARCHIVED
20307,James Williams,"149 Riverside Drive, Limerick",2025-06-20T20:03:35.000000,OTHER,ARCHIVED
57726,John Davis,"22 Cedar Lane, Belfast",2025-06-20T20:32:27.000000,COLLECTIONS,CANCEL4
45571,Emma Martinez,"93 Cedar Lane, Limerick",2025-06-20T20:45:36.000000,LEGAL,HOLD FO
21489,Daniel Jones,"50 Riverside Drive, Galway",2025-06-21T02:03:25.000000,TRACE,GONEAWAY
35919,Olivia Rodriguez,"168 Elm Street, Belfast",2025-06-21T05:15:55.000000,COLLECTIONS,TELSOLUTIONS4
13787,Laura Wilson,"88 Elm Street, Cork",2025-06-21T12:16:30.000000,LEGAL,HOLD FO
32283,James Johnson,"41 Pine Road, Cork",2025-06-21T12:44:26.000000,INSOLVENCY,INSP
34083,Michael Davis,"37 Hillcrest Road, Cork",2025-06-21T17:52:51.000000,LEGAL,HOLD FO
71914,Daniel Johnson,"76 Riverside Drive, Belfast",2025-06-21T19:36:38.000000,INSOLVENCY,INS1
38921,David Rodriguez,"132 Pine Road, Belfast",2025-06-21T21:12:33.000000,PAYING,PAY CURR
58244,Emma Wilson,"6 Hillcrest Road, Limerick",2025-06-22T00:56:40.000000,TRACE,GONEAWAY
35919,Olivia Rodriguez,"168 Elm Street, Belfast",2025-06-22T02:04:59.000000,LEGAL,HOLD FO
79279,James Martinez,"190 Oak Street, Galway",2025-06-22T05:04:12.000000,TRACE,GONEAWAY
26232,Daniel Davis,"106 Pine Road, Belfast",2025-06-22T05:06:00.000000,OTHER,ARCHIVED
75723,Olivia Williams,"141 Pine Road, Waterford",2025-06-22T05:52:02.000000,PAYING,PAY PROP
62692,Maria Miller,"186 Maple Avenue, Sligo",2025-06-22T08:23:01.000000,TRACE,GONEAWAY
27223,Sophia Rodriguez,"165 Cedar Lane, Kilkenny",2025-06-22T08:39:43.000000,OTHER,ARCHIVED
91173,Sarah Wilson,"18 Pine Road, Cork",2025-06-22T08:46:05.000000,OTHER,ARCHIVED
13861,David Smith,"185 Maple Avenue, Dublin",2025-06-22T09:05:18.000000,TRACE,GONEAWAY
44476,David Martinez,"26 Cedar Lane, Cork",2025-06-22T09:35:55.000000,OTHER,ARCHIVED
44286,Sophia Davis,"160 Cedar Lane, Cork",2025-06-22T10:14:42.000000,LEGAL,HOLD FO
51246,Sarah Williams,"142 Oak Street, Limerick",2025-06-22T10:42:41.000000,TRACE,GONEAWAY
79521,Sophia Jones,"196 Sunset Boulevard, Cork",2025-06-22T12:58:11.000000,LEGAL,HOLD FO
45539,James Johnson,"88 Maple Avenue, Sligo",2025-06-22T17:54:58.000000,OTHER,ARCHIVED
91142,Michael Rodriguez,"159 Pine Road, Waterford",2025-06-22T23:02:55.000000,OTHER,ARCHIVED
99694,Sophia Rodriguez,"10 Elm Street, Belfast",2025-06-22T23:38:51.000000,SETTLED,SETTLED
83776,Maria Smith,"105 Pine Road, Kilkenny",2025-06-23T00:39:26.000000,LEGAL,HOLD FO
25726,Olivia Davis,"144 Riverside Drive, Galway",2025-06-23T02:06:27.000000,SETTLED,SETTLED
30531,Sarah Garcia,"107 Sunset Boulevard, Waterford",2025-06-23T05:45:03.000000,SETTLED,SETTLED
11352,Alex Johnson,"38 Hillcrest Road, Sligo",2025-06-23T06:21:37.000000,INSOLVENCY,INS1
75723,Olivia Williams,"141 Pine Road, Waterford",2025-06-23T06:43:26.000000,OTHER,ARCHIVED
74894,Emma Garcia,"190 Sunset Boulevard, Belfast",2025-06-23T10:33:43.000000,COLLECTIONS,CANCEL4
77917,Laura Miller,"68 Hillcrest Road, Sligo",2025-06-23T11:12:46.000000,PAYING,PAY PROP
39313,John Jones,"90 Riverside Drive, Waterford",2025-06-23T11:30:52.000000,LEGAL,LEG VERIF 2
48606,John Martinez,"33 Elm Street, Waterford",2025-06-23T13:16:16.000000,LEGAL,LEG VERIF 1
54341,Michael Davis,"164 Maple Avenue, Belfast",2025-06-23T14:37:27.000000,PAYING,PAY CURR
62106,Laura Brown,"183 Riverside Drive, Galway",2025-06-23T15:55:53.000000,INSOLVENCY,INS4
89178,Daniel Garcia,"76 Cedar Lane, Galway",2025-06-23T16:16:34.000000,OTHER,ARCHIVED
47801,John Johnson,"44 Cedar Lane, Dublin",2025-06-23T19:11:59.000000,LEGAL,LEG_TIT
75042,Sophia Jones,"52 Cedar Lane, Limerick",2025-06-23T19:56:39.000000,COLLECTIONS,PAY OVER
83051,James Miller,"200 Hillcrest Road, Waterford",2025-06-23T21:17:51.000000,SETTLED,SETTLED
31233,Daniel Wilson,"55 Maple Avenue, Waterford",2025-06-23T22:30:32.000000,INSOLVENCY,INSP
40079,Sarah Wilson,"112 Elm Street, Belfast",2025-06-23T22:46:07.000000,INSOLVENCY,INS3
19086,Laura Brown,"88 Cedar Lane, Sligo",2025-06-23T23:01:41.000000,INSOLVENCY,INS2
32998,James Wilson,"1 Elm Street, Galway",2025-06-24T00:56:23.000000,LEGAL,LEG_TIT
65864,Maria Brown,"197 Hillcrest Road, Dublin",2025-06-24T00:57:23.000000,TRACE,GONEAWAY
67701,Alex Brown,"116 Maple Avenue, Waterford",2025-06-24T03:25:53.000000,COLLECTIONS,PRIME
32252,Michael Brown,"111 Elm Street, Belfast",2025-06-24T04:36:06.000000,OTHER,ARCHIVED
52087,Maria Brown,"120 Hillcrest Road, Belfast",2025-06-24T06:22:29.000000,PAYING,PAY CURR
51596,James Rodriguez,"150 Oak Street, Sligo",2025-06-24T06:41:15.000000,INSOLVENCY,INS3
32252,Michael Brown,"111 Elm Street, Belfast",2025-06-24T11:18:30.000000,PAYING,PAY PROP
59791,Emma Martinez,"93 Elm Street, Cork",2025-06-24T11:52:10.000000,SETTLED,SETTLED
61279,Maria Smith,"51 Maple Avenue, Dublin",2025-06-24T13:12:45.000000,OTHER,ARCHIVED
95274,Laura Jones,"120 Maple Avenue, Kilkenny",2025-06-24T14:55:34.000000,INSOLVENCY,INS3
54718,Emma Davis,"115 Oak Street, Sligo",2025-06-24T16:06:13.000000,COLLECTIONS,CANCEL2
97918,Daniel Smith,"123 Riverside Drive, Sligo",2025-06-24T16:26:22.000000,SETTLED,SETTLED
48880,Alex Martinez,"85 Pine Road, Kilkenny",2025-06-24T16:31:52.000000,LEGAL,LEG_NOT
91142,Michael Rodriguez,"159 Pine Road, Waterford",2025-06-24T21:46:40.000000,OTHER,ARCHIVED
39453,James Smith,"166 Cedar Lane, Limerick",2025-06-25T00:40:03.000000,TRACE,GONEAWAY
76500,John Garcia,"176 Sunset Boulevard, Cork",2025-06-25T04:00:02.000000,OTHER,ARCHIVED
68861,Emma Rodriguez,"115 Sunset Boulevard, Cork",2025-06-25T05:11:04.000000,INSOLVENCY,INS2
82487,Daniel Miller,"195 Riverside Drive, Belfast",2025-06-25T06:49:54.000000,TRACE,GONEAWAY
76500,John Garcia,"176 Sunset Boulevard, Cork",2025-06-25T15:23:46.000000,COLLECTIONS,CANCEL4
58120,Alex Jones,"138 Riverside Drive, Kilkenny",2025-06-26T03:10:58.000000,COLLECTIONS,PAY OVER
60663,Maria Smith,"86 Hillcrest Road, Cork",2025-06-26T06:26:26.000000,OTHER,ARCHIVED
70219,John Johnson,"59 Maple Avenue, Sligo",2025-06-26T07:29:00.000000,PAYING,PAY CURR
43403,Laura Brown,"183 Hillcrest Road, Dublin",2025-06-26T09:09:29.000000,OTHER,ARCHIVED
39776,Maria Davis,"113 Maple Avenue, Kilkenny",2025-06-26T10:16:35.000000,TRACE,GONEAWAY
68484,Michael Wilson,"53 Elm Street, Kilkenny",2025-06-26T10:31:59.000000,TRACE,GONEAWAY
32252,Michael Brown,"111 Elm Street, Belfast",2025-06-26T10:35:14.000000,LEGAL,LEG VERIF 2
82324,David Smith,"60 Maple Avenue, Limerick",2025-06-26T11:34:51.000000,PAYING,PAY PROP
53131,Emma Garcia,"41 Elm Street, Sligo",2025-06-27T00:12:40.000000,SETTLED,SETTLED
68484,Michael Wilson,"53 Elm Street, Kilkenny",2025-06-27T05:13:11.000000,LEGAL,LEG_NOT
73556,Emma Rodriguez,"154 Oak Street, Belfast",2025-06-27T05:18:35.000000,SETTLED,SETTLED
30746,Alex Miller,"32 Oak Street, Cork",2025-06-27T05:25:31.000000,COLLECTIONS,CANCEL4
95274,Laura Jones,"120 Maple Avenue, Kilkenny",2025-06-27T07:30:03.000000,LEGAL,LEG_NOT
86693,James Jones,"164 Cedar Lane, Kilkenny",2025-06-27T14:02:42.000000,LEGAL,LEG_TIT
40540,Daniel Martinez,"168 Pine Road, Cork",2025-06-27T18:39:08.000000,TRACE,GONEAWAY
81634,David Jones,"195 Hillcrest Road, Dublin",2025-06-27T19:54:40.000000,LEGAL,LEG_TIT
54296,Alex Garcia,"135 Oak Street, Belfast",2025-06-27T23:39:07.000000,PAYING,PAY PROP
14117,Sophia Jones,"44 Cedar Lane, Dublin",2025-06-28T00:31:10.000000,SETTLED,SETTLED
84256,Sarah Brown,"185 Elm Street, Waterford",2025-06-28T03:33:32.000000,TRACE,GONEAWAY
58064,Emma Williams,"123 Elm Street, Waterford",2025-06-28T14:20:41.000000,TRACE,GONEAWAY
86693,James Jones,"164 Cedar Lane, Kilkenny",2025-06-28T14:57:03.000000,TRACE,GONEAWAY
31933,David Williams,"15 Elm Street, Cork",2025-06-29T00:13:14.000000,LEGAL,LEG_NOT
57417,Daniel Smith,"175 Hillcrest Road, Limerick",2025-06-29T00:53:02.000000,COLLECTIONS,TELSOLUTIONS4
57074,James Jones,"76 Sunset Boulevard, Dublin",2025-06-29T01:01:44.000000,COLLECTIONS,CANCEL2
83776,Maria Smith,"105 Pine Road, Kilkenny",2025-06-29T02:08:51.000000,TRACE,GONEAWAY
77262,Daniel Garcia,"46 Sunset Boulevard, Limerick",2025-06-29T04:09:25.000000,INSOLVENCY,INS1
13787,Laura Wilson,"88 Elm Street, Cork",2025-06-29T04:37:08.000000,SETTLED,SETTLED
42252,Sophia Johnson,"150 Sunset Boulevard, Kilkenny",2025-06-29T06:39:54.000000,TRACE,GONEAWAY
62692,Maria Miller,"186 Maple Avenue, Sligo",2025-06-29T06:50:25.000000,TRACE,GONEAWAY
58984,Daniel Brown,"123 Pine Road, Cork",2025-06-29T08:16:10.000000,PAYING,PAY CURR
13664,Emma Wilson,"1 Cedar Lane, Galway",2025-06-29T09:32:12.000000,COLLECTIONS,CASSIST2
66463,John Wilson,"104 Sunset Boulevard, Kilkenny",2025-06-29T12:55:53.000000,PAYING,PAY CURR
84455,Daniel Smith,"118 Maple Avenue, Galway",2025-06-29T13:33:46.000000,INSOLVENCY,INS2
32687,Michael Wilson,"97 Cedar Lane, Dublin",2025-06-29T15:30:27.000000,COLLECTIONS,TELSOLUTIONS1
48880,Alex Martinez,"85 Pine Road, Kilkenny",2025-06-29T17:48:27.000000,TRACE,GONEAWAY
31527,Sarah Garcia,"145 Oak Street, Kilkenny",2025-06-29T19:21:13.000000,SETTLED,SETTLED
13484,Maria Davis,"129 Cedar Lane, Galway",2025-06-29T20:24:57.000000,COLLECTIONS,PRIME
77356,Daniel Martinez,"158 Oak Street, Sligo",2025-06-29T21:47:01.000000,LEGAL,LEG_NOT
73634,Daniel Johnson,"43 Hillcrest Road, Waterford",2025-06-30T02:48:20.000000,PAYING,PAY PROP
73556,Emma Rodriguez,"154 Oak Street, Belfast",2025-06-30T08:34:01.000000,OTHER,ARCHIVED
46369,Emma Jones,"85 Sunset Boulevard, Sligo",2025-06-30T11:01:45.000000,PAYING,PAY PROP
16628,Sarah Rodriguez,"164 Pine Road, Galway",2025-06-30T12:30:51.000000,LEGAL,LEG_TIT
46545,David Davis,"101 Sunset Boulevard, Waterford",2025-06-30T13:45:31.000000,OTHER,ARCHIVED
74228,Sarah Martinez,"44 Sunset Boulevard, Sligo",2025-06-30T16:00:42.000000,LEGAL,LEG VERIF 1
85043,Sarah Rodriguez,"103 Cedar Lane, Cork",2025-06-30T16:56:18.000000,LEGAL,LEG VERIF 1
94956,Alex Jones,"144 Riverside Drive, Limerick",2025-06-30T21:55:00.000000,PAYING,PAY PROP
88716,Emma Rodriguez,"113 Cedar Lane, Galway",2025-06-30T23:19:16.000000,SETTLED,SETTLED
52609,Sophia Brown,"53 Pine Road, Limerick",2025-06-30T23:35:55.000000,COLLECTIONS,CANCEL4
50973,Emma Miller,"128 Maple Avenue, Galway",2025-07-01T01:10:10.000000,OTHER,ARCHIVED
49171,John Martinez,"172 Hillcrest Road, Dublin",2025-07-01T01:27:55.000000,OTHER,ARCHIVED
92889,John Martinez,"90 Cedar Lane, Waterford",2025-07-01T02:49:16.000000,OTHER,ARCHIVED
56961,John Brown,"83 Riverside Drive, Galway",2025-07-01T03:28:19.000000,OTHER,ARCHIVED
54549,Olivia Miller,"41 Hillcrest Road, Kilkenny",2025-07-01T14:04:12.000000,OTHER,ARCHIVED
35227,Emma Brown,"44 Hillcrest Road, Sligo",2025-07-01T14:52:43.000000,COLLECTIONS,PAY OVER
19413,Sophia Jones,"52 Sunset Boulevard, Limerick",2025-07-01T15:51:30.000000,OTHER,ARCHIVED
74104,Sarah Rodriguez,"106 Riverside Drive, Kilkenny",2025-07-01T15:54:38.000000,INSOLVENCY,INS1
85441,John Garcia,"125 Hillcrest Road, Sligo",2025-07-01T17:05:47.000000,TRACE,GONEAWAY
67701,Alex Brown,"116 Maple Avenue, Waterford",2025-07-01T21:20:35.000000,TRACE,GONEAWAY
54885,Olivia Williams,"53 Riverside Drive, Galway",2025-07-01T23:44:19.000000,COLLECTIONS,CANCEL4
39966,Alex Johnson,"2 Riverside Drive, Limerick",2025-07-02T00:12:26.000000,SETTLED,SETTLED
57819,John Garcia,"141 Elm Street, Sligo",2025-07-02T00:58:51.000000,COLLECTIONS,CANCEL4
59344,Olivia Jones,"160 Sunset Boulevard, Limerick",2025-07-02T02:58:34.000000,COLLECTIONS,PRIME
89637,Olivia Smith,"50 Cedar Lane, Dublin",2025-07-02T03:03:55.000000,TRACE,GONEAWAY
37628,Maria Johnson,"30 Pine Road, Cork",2025-07-02T04:30:53.000000,LEGAL,LEG VERIF 1
98298,Sarah Williams,"118 Elm Street, Cork",2025-07-02T04:33:23.000000,TRACE,GONEAWAY
65428,David Jones,"35 Hillcrest Road, Limerick",2025-07-02T04:49:45.000000,OTHER,ARCHIVED
59502,Emma Garcia,"105 Hillcrest Road, Cork",2025-07-02T05:49:31.000000,OTHER,ARCHIVED
79212,Sophia Rodriguez,"177 Oak Street, Belfast",2025-07-02T09:15:57.000000,LEGAL,LEG_NOT
18486,Olivia Rodriguez,"20 Oak Street, Dublin",2025-07-02T09:52:58.000000,COLLECTIONS,TELSOLUTIONS4
66158,Emma Martinez,"99 Cedar Lane, Waterford",2025-07-02T11:05:24.000000,COLLECTIONS,CASSIST2
85922,John Rodriguez,"94 Pine Road, Sligo",2025-07-02T11:32:32.000000,TRACE,GONEAWAY
53016,Laura Johnson,"197 Oak Street, Belfast",2025-07-02T12:00:14.000000,SETTLED,SETTLED
26096,Sarah Jones,"154 Elm Street, Sligo",2025-07-02T15:57:36.000000,PAYING,PAY PROP
77535,Michael Johnson,"25 Maple Avenue, Sligo",2025-07-02T16:18:09.000000,PAYING,PAY CURR
90213,Laura Smith,"33 Riverside Drive, Kilkenny",2025-07-02T16:42:46.000000,SETTLED,SETTLED
82269,Maria Martinez,"175 Oak Street, Galway",2025-07-02T16:58:01.000000,PAYING,PAY CURR
62595,Sarah Davis,"25 Pine Road, Sligo",2025-07-02T21:38:16.000000,INSOLVENCY,INS4
39453,James Smith,"166 Cedar Lane, Limerick",2025-07-02T22:50:23.000000,TRACE,GONEAWAY
51596,James Rodriguez,"150 Oak Street, Sligo",2025-07-03T08:46:06.000000,PAYING,PAY CURR
16198,Laura Williams,"167 Elm Street, Limerick",2025-07-03T14:34:27.000000,COLLECTIONS,TELSOLUTIONS4
47933,Emma Brown,"79 Elm Street, Kilkenny",2025-07-04T00:54:26.000000,TRACE,GONEAWAY
80893,Alex Wilson,"36 Cedar Lane, Sligo",2025-07-04T01:25:12.000000,COLLECTIONS,PAY OVER
37988,Olivia Martinez,"80 Sunset Boulevard, Belfast",2025-07-04T02:24:55.000000,SETTLED,SETTLED
57663,John Johnson,"101 Oak Street, Belfast",2025-07-04T03:45:32.000000,PAYING,PAY PROP
83785,Sophia Martinez,"141 Hillcrest Road, Cork",2025-07-04T04:14:40.000000,TRACE,GONEAWAY
78633,James Davis,"20 Maple Avenue, Waterford",2025-07-04T11:22:28.000000,OTHER,ARCHIVED
39629,Michael Jones,"178 Cedar Lane, Sligo",2025-07-04T13:52:14.000000,PAYING,PAY CURR
38921,David Rodriguez,"132 Pine Road, Belfast",2025-07-04T15:01:09.000000,COLLECTIONS,PRIME
27800,Olivia Davis,"28 Sunset Boulevard, Waterford",2025-07-04T16:02:45.000000,COLLECTIONS,CANCEL2
55044,Emma Wilson,"74 Riverside Drive, Galway",2025-07-04T17:05:07.000000,COLLECTIONS,CANCEL4
32998,James Wilson,"1 Elm Street, Galway",2025-07-04T19:43:14.000000,LEGAL,LEG VERIF 2
45153,Sophia Davis,"16 Maple Avenue, Kilkenny",2025-07-04T19:55:03.000000,OTHER,ARCHIVED
30943,Sarah Brown,"85 Sunset Boulevard, Dublin",2025-07-04T21:37:25.000000,COLLECTIONS,PRIME
67396,Maria Johnson,"32 Riverside Drive, Sligo",2025-07-04T22:01:41.000000,SETTLED,SETTLED
70437,Olivia Miller,"185 Oak Street, Belfast",2025-07-04T22:26:45.000000,COLLECTIONS,CASSIST2
21489,Daniel Jones,"50 Riverside Drive, Galway",2025-07-04T22:59:47.000000,SETTLED,SETTLED
86693,James Jones,"164 Cedar Lane, Kilkenny",2025-07-05T03:16:23.000000,OTHER,ARCHIVED
65156,Sarah Smith,"138 Elm Street, Galway",2025-07-05T04:31:04.000000,SETTLED,SETTLED
33687,Michael Wilson,"175 Pine Road, Belfast",2025-07-05T06:10:11.000000,COLLECTIONS,TELSOLUTIONS1
29593,Laura Jones,"9 Cedar Lane, Dublin",2025-07-05T08:39:38.000000,OTHER,ARCHIVED
54718,Emma Davis,"115 Oak Street, Sligo",2025-07-05T09:58:54.000000,PAYING,PAY PROP
13664,Emma Wilson,"1 Cedar Lane, Galway",2025-07-05T10:56:41.000000,TRACE,GONEAWAY
66216,Sophia Smith,"182 Pine Road, Limerick",2025-07-05T11:14:07.000000,OTHER,ARCHIVED
58120,Alex Jones,"138 Riverside Drive, Kilkenny",2025-07-05T12:11:07.000000,TRACE,GONEAWAY
27620,Daniel Wilson,"79 Sunset Boulevard, Sligo",2025-07-05T14:50:04.000000,INSOLVENCY,INS2
82269,Maria Martinez,"175 Oak Street, Galway",2025-07-05T21:17:25.000000,OTHER,ARCHIVED
58064,Emma Williams,"123 Elm Street, Waterford",2025-07-05T22:12:53.000000,TRACE,GONEAWAY
93257,Daniel Williams,"50 Riverside Drive, Sligo",2025-07-05T23:13:28.000000,LEGAL,LEG VERIF 1
27800,Olivia Davis,"28 Sunset Boulevard, Waterford",2025-07-06T02:16:17.000000,PAYING,PAY PROP
11449,Daniel Miller,"6 Hillcrest Road, Waterford",2025-07-06T03:17:09.000000,SETTLED,SETTLED
89612,Daniel Jones,"194 Cedar Lane, Cork",2025-07-06T05:24:19.000000,COLLECTIONS,CANCEL2
94638,David Wilson,"139 Cedar Lane, Cork",2025-07-06T07:21:58.000000,OTHER,ARCHIVED
49823,Alex Jones,"1 Maple Avenue, Belfast",2025-07-06T07:30:23.000000,COLLECTIONS,PAY OVER
84455,Daniel Smith,"118 Maple Avenue, Galway",2025-07-06T08:44:43.000000,SETTLED,SETTLED
49171,John Martinez,"172 Hillcrest Road, Dublin",2025-07-06T10:59:54.000000,INSOLVENCY,INS4
80893,Alex Wilson,"36 Cedar Lane, Sligo",2025-07-06T11:45:15.000000,OTHER,ARCHIVED
81634,David Jones,"195 Hillcrest Road, Dublin",2025-07-06T12:37:31.000000,OTHER,ARCHIVED
30531,Sarah Garcia,"107 Sunset Boulevard, Waterford",2025-07-06T13:16:07.000000,PAYING,PAY PROP
43108,Maria Martinez,"109 Sunset Boulevard, Kilkenny",2025-07-06T13:45:25.000000,OTHER,ARCHIVED
17232,Laura Wilson,"71 Cedar Lane, Waterford",2025-07-06T15:19:21.000000,INSOLVENCY,INS1
42371,David Williams,"102 Elm Street, Belfast",2025-07-06T16:30:47.000000,OTHER,ARCHIVED
91558,Sophia Rodriguez,"139 Riverside Drive, Galway",2025-07-06T18:19:47.000000,SETTLED,SETTLED
46545,David Davis,"101 Sunset Boulevard, Waterford",2025-07-06T18:52:09.000000,INSOLVENCY,INS1
85922,John Rodriguez,"94 Pine Road, Sligo",2025-07-06T19:03:52.000000,PAYING,PAY CURR
79521,Sophia Jones,"196 Sunset Boulevard, Cork",2025-07-06T20:27:34.000000,COLLECTIONS,PRIME
88654,Michael Rodriguez,"128 Oak Street, Kilkenny",2025-07-06T20:50:45.000000,TRACE,GONEAWAY
86543,Sophia Davis,"180 Hillcrest Road, Belfast",2025-07-06T23:37:44.000000,TRACE,GONEAWAY
17413,Emma Martinez,"195 Riverside Drive, Kilkenny",2025-07-07T02:56:32.000000,TRACE,GONEAWAY
65428,David Jones,"35 Hillcrest Road, Limerick",2025-07-07T05:29:35.000000,LEGAL,HOLD FO
97132,Sophia Jones,"183 Oak Street, Belfast",2025-07-07T18:52:02.000000,LEGAL,LEG_TIT
85466,David Williams,"131 Cedar Lane, Dublin",2025-07-07T21:01:40.000000,LEGAL,LEG_NOT
48606,John Martinez,"33 Elm Street, Waterford",2025-07-07T23:02:42.000000,PAYING,PAY CURR
43403,Laura Brown,"183 Hillcrest Road, Dublin",2025-07-08T01:30:38.000000,OTHER,ARCHIVED
21707,Michael Rodriguez,"81 Pine Road, Dublin",2025-07-08T05:55:29.000000,OTHER,ARCHIVED
48606,John Martinez,"33 Elm Street, Waterford",2025-07-08T06:02:53.000000,SETTLED,SETTLED
66138,John Jones,"170 Hillcrest Road, Sligo",2025-07-08T12:25:25.000000,COLLECTIONS,CANCEL2
27223,Sophia Rodriguez,"165 Cedar Lane, Kilkenny",2025-07-09T08:02:44.000000,PAYING,PAY PROP
89082,Michael Smith,"188 Hillcrest Road, Belfast",2025-07-09T09:55:51.000000,PAYING,PAY CURR
67443,Sarah Brown,"134 Cedar Lane, Galway",2025-07-09T12:01:43.000000,PAYING,PAY CURR
39116,Olivia Johnson,"62 Oak Street, Cork",2025-07-09T13:43:03.000000,PAYING,PAY PROP
46494,Laura Johnson,"178 Cedar Lane, Sligo",2025-07-09T13:50:06.000000,LEGAL,LEG_NOT
84845,Sarah Rodriguez,"89 Riverside Drive, Waterford",2025-07-09T16:01:13.000000,LEGAL,LEG_TIT
55044,Emma Wilson,"74 Riverside Drive, Galway",2025-07-09T18:46:50.000000,OTHER,ARCHIVED
58064,Emma Williams,"123 Elm Street, Waterford",2025-07-09T19:24:54.000000,SETTLED,SETTLED
39629,Michael Jones,"178 Cedar Lane, Sligo",2025-07-10T02:19:17.000000,SETTLED,SETTLED
47984,Sarah Brown,"111 Riverside Drive, Kilkenny",2025-07-10T02:28:05.000000,COLLECTIONS,TELSOLUTIONS4
69313,Alex Davis,"143 Riverside Drive, Cork",2025-07-10T10:30:35.000000,LEGAL,LEG_TIT
49999,James Miller,"47 Riverside Drive, Limerick",2025-07-10T14:15:04.000000,LEGAL,LEG VERIF 1
37988,Olivia Martinez,"80 Sunset Boulevard, Belfast",2025-07-10T17:40:06.000000,COLLECTIONS,TELSOLUTIONS1
30817,Daniel Johnson,"134 Hillcrest Road, Limerick",2025-07-10T20:49:06.000000,LEGAL,LEG_NOT
61279,Maria Smith,"51 Maple Avenue, Dublin",2025-07-11T04:35:00.000000,TRACE,GONEAWAY
27223,Sophia Rodriguez,"165 Cedar Lane, Kilkenny",2025-07-11T08:07:17.000000,COLLECTIONS,CANCEL4
61708,John Davis,"142 Elm Street, Dublin",2025-07-11T14:02:40.000000,INSOLVENCY,INSP
48786,Sophia Martinez,"56 Hillcrest Road, Dublin",2025-07-11T23:45:41.000000,TRACE,GONEAWAY
30746,Alex Miller,"32 Oak Street, Cork",2025-07-12T02:01:29.000000,OTHER,ARCHIVED
98172,Emma Williams,"110 Cedar Lane, Limerick",2025-07-12T03:03:03.000000,TRACE,GONEAWAY
33057,Olivia Jones,"21 Hillcrest Road, Cork",2025-07-12T03:05:41.000000,SETTLED,SETTLED
91658,Olivia Davis,"106 Cedar Lane, Sligo",2025-07-12T05:16:01.000000,LEGAL,LEG_TIT
46588,Laura Miller,"68 Cedar Lane, Dublin",2025-07-12T05:31:10.000000,COLLECTIONS,CANCEL2
37798,Sarah Wilson,"54 Elm Street, Cork",2025-07-12T07:01:54.000000,COLLECTIONS,TELSOLUTIONS4
26168,Maria Williams,"120 Cedar Lane, Belfast",2025-07-12T11:25:25.000000,PAYING,PAY CURR
69791,Michael Rodriguez,"160 Maple Avenue, Belfast",2025-07-12T13:02:19.000000,COLLECTIONS,PRIME
86646,Sarah Williams,"29 Hillcrest Road, Galway",2025-07-12T17:20:02.000000,TRACE,GONEAWAY
66463,John Wilson,"104 Sunset Boulevard, Kilkenny",2025-07-12T18:07:56.000000,SETTLED,SETTLED
59505,Daniel Wilson,"113 Pine Road, Limerick",2025-07-12T22:55:04.000000,SETTLED,SETTLED
20507,Olivia Rodriguez,"17 Maple Avenue, Dublin",2025-07-13T00:50:00.000000,LEGAL,LEG_TIT
37744,Sophia Miller,"115 Oak Street, Limerick",2025-07-13T02:21:38.000000,PAYING,PAY PROP
77262,Daniel Garcia,"46 Sunset Boulevard, Limerick",2025-07-13T02:25:58.000000,OTHER,ARCHIVED
89946,John Brown,"125 Maple Avenue, Cork",2025-07-13T03:26:13.000000,COLLECTIONS,CANCEL4
72838,Laura Martinez,"18 Elm Street, Waterford",2025-07-13T03:43:18.000000,COLLECTIONS,PRIME
26232,Daniel Davis,"106 Pine Road, Belfast",2025-07-13T04:04:21.000000,PAYING,PAY CURR
48786,Sophia Martinez,"56 Hillcrest Road, Dublin",2025-07-13T07:01:19.000000,COLLECTIONS,CANCEL4
43403,Laura Brown,"183 Hillcrest Road, Dublin",2025-07-13T09:59:09.000000,TRACE,GONEAWAY
71914,Daniel Johnson,"76 Riverside Drive, Belfast",2025-07-13T10:26:43.000000,SETTLED,SETTLED
62692,Maria Miller,"186 Maple Avenue, Sligo",2025-07-13T11:01:01.000000,PAYING,PAY CURR
44476,David Martinez,"26 Cedar Lane, Cork",2025-07-13T13:36:25.000000,INSOLVENCY,INSP
98909,Michael Rodriguez,"83 Maple Avenue, Limerick",2025-07-13T13:38:59.000000,PAYING,PAY CURR
97730,Olivia Smith,"186 Sunset Boulevard, Limerick",2025-07-13T14:20:55.000000,LEGAL,LEG VERIF 1
89176,Sarah Johnson,"105 Cedar Lane, Galway",2025-07-13T17:19:08.000000,OTHER,ARCHIVED
98254,Sarah Rodriguez,"3 Pine Road, Sligo",2025-07-13T17:39:49.000000,INSOLVENCY,INS2
16198,Laura Williams,"167 Elm Street, Limerick",2025-07-13T20:34:50.000000,OTHER,ARCHIVED
13883,David Smith,"74 Sunset Boulevard, Cork",2025-07-13T22:18:45.000000,PAYING,PAY PROP
97132,Sophia Jones,"183 Oak Street, Belfast",2025-07-13T23:38:29.000000,SETTLED,SETTLED
58473,Sophia Brown,"162 Elm Street, Galway",2025-07-14T00:36:57.000000,TRACE,GONEAWAY
20233,Michael Davis,"60 Riverside Drive, Belfast",2025-07-14T00:38:23.000000,INSOLVENCY,INS1
26514,Sophia Smith,"135 Sunset Boulevard, Limerick",2025-07-14T01:09:19.000000,SETTLED,SETTLED
86646,Sarah Williams,"29 Hillcrest Road, Galway",2025-07-14T01:14:55.000000,SETTLED,SETTLED
91678,Laura Garcia,"104 Cedar Lane, Waterford",2025-07-14T01:32:20.000000,PAYING,PAY CURR
26686,James Johnson,"43 Riverside Drive, Waterford",2025-07-14T02:02:41.000000,LEGAL,HOLD FO
29600,Daniel Martinez,"184 Elm Street, Limerick",2025-07-14T04:20:31.000000,OTHER,ARCHIVED
87459,Alex Jones,"102 Cedar Lane, Belfast",2025-07-14T09:10:37.000000,LEGAL,LEG VERIF 1
38921,David Rodriguez,"132 Pine Road, Belfast",2025-07-14T10:00:57.000000,TRACE,GONEAWAY
61934,Sarah Johnson,"36 Maple Avenue, Cork",2025-07-14T12:26:24.000000,SETTLED,SETTLED
10506,David Jones,"106 Pine Road, Waterford",2025-07-14T13:11:19.000000,INSOLVENCY,INS3
91435,David Smith,"2 Sunset Boulevard, Dublin",2025-07-14T13:22:11.000000,PAYING,PAY CURR
34629,Alex Martinez,"67 Sunset Boulevard, Galway",2025-07-14T17:21:14.000000,OTHER,ARCHIVED
61708,John Davis,"142 Elm Street, Dublin",2025-07-14T18:01:12.000000,TRACE,GONEAWAY
10388,Laura Garcia,"58 Elm Street, Dublin",2025-07-14T19:57:24.000000,OTHER,ARCHIVED
77535,Michael Johnson,"25 Maple Avenue, Sligo",2025-07-14T23:32:11.000000,OTHER,ARCHIVED
53016,Laura Johnson,"197 Oak Street, Belfast",2025-07-15T04:16:50.000000,SETTLED,SETTLED
81469,Sarah Johnson,"130 Elm Street, Belfast",2025-07-15T06:33:23.000000,PAYING,PAY CURR
17346,Daniel Wilson,"37 Riverside Drive, Limerick",2025-07-15T07:33:24.000000,SETTLED,SETTLED
65428,David Jones,"35 Hillcrest Road, Limerick",2025-07-15T11:14:43.000000,SETTLED,SETTLED
19413,Sophia Jones,"52 Sunset Boulevard, Limerick",2025-07-15T11:39:55.000000,LEGAL,LEG_NOT
58473,Sophia Brown,"162 Elm Street, Galway",2025-07-15T11:59:45.000000,PAYING,PAY CURR
79212,Sophia Rodriguez,"177 Oak Street, Belfast",2025-07-15T15:10:50.000000,LEGAL,LEG_TIT
22367,Maria Martinez,"51 Elm Street, Dublin",2025-07-15T17:22:17.000000,OTHER,ARCHIVED
34650,Daniel Miller,"37 Elm Street, Belfast",2025-07-15T19:12:18.000000,COLLECTIONS,CASSIST2
35861,David Johnson,"103 Cedar Lane, Galway",2025-07-15T19:18:42.000000,SETTLED,SETTLED
15680,John Miller,"125 Sunset Boulevard, Sligo",2025-07-16T01:45:15.000000,LEGAL,LEG_NOT
51596,James Rodriguez,"150 Oak Street, Sligo",2025-07-16T04:01:31.000000,LEGAL,HOLD FO
88333,Olivia Brown,"145 Riverside Drive, Belfast",2025-07-16T05:13:04.000000,OTHER,ARCHIVED
85557,James Smith,"69 Oak Street, Kilkenny",2025-07-16T07:29:53.000000,LEGAL,LEG_NOT
28382,Daniel Miller,"64 Maple Avenue, Kilkenny",2025-07-16T07:34:22.000000,TRACE,GONEAWAY
26168,Maria Williams,"120 Cedar Lane, Belfast",2025-07-16T08:34:47.000000,SETTLED,SETTLED
91001,Maria Martinez,"127 Maple Avenue, Waterford",2025-07-16T10:55:09.000000,OTHER,ARCHIVED
95274,Laura Jones,"120 Maple Avenue, Kilkenny",2025-07-16T12:33:15.000000,TRACE,GONEAWAY
27543,John Jones,"90 Elm Street, Kilkenny",2025-07-16T14:05:20.000000,OTHER,ARCHIVED
25733,David Brown,"63 Sunset Boulevard, Kilkenny",2025-07-16T15:30:30.000000,OTHER,ARCHIVED
86650,David Rodriguez,"156 Sunset Boulevard, Kilkenny",2025-07-16T18:07:40.000000,COLLECTIONS,TELSOLUTIONS1
57663,John Johnson,"101 Oak Street, Belfast",2025-07-16T19:10:14.000000,SETTLED,SETTLED
33057,Olivia Jones,"21 Hillcrest Road, Cork",2025-07-16T21:24:37.000000,COLLECTIONS,PRIME_D
11356,Maria Williams,"147 Oak Street, Galway",2025-07-16T23:12:07.000000,COLLECTIONS,CANCEL2
59505,Daniel Wilson,"113 Pine Road, Limerick",2025-07-17T05:13:35.000000,SETTLED,SETTLED
42371,David Williams,"102 Elm Street, Belfast",2025-07-17T05:56:51.000000,TRACE,GONEAWAY
82269,Maria Martinez,"175 Oak Street, Galway",2025-07-17T06:21:02.000000,LEGAL,HOLD FO
52697,Sarah Davis,"39 Hillcrest Road, Sligo",2025-07-17T06:24:32.000000,PAYING,PAY PROP
36810,Maria Martinez,"81 Riverside Drive, Belfast",2025-07-17T06:38:07.000000,SETTLED,SETTLED
63223,Daniel Smith,"39 Oak Street, Kilkenny",2025-07-17T09:22:43.000000,PAYING,PAY PROP
91001,Maria Martinez,"127 Maple Avenue, Waterford",2025-07-17T10:13:40.000000,PAYING,PAY PROP
17948,Alex Martinez,"128 Riverside Drive, Kilkenny",2025-07-17T11:07:37.000000,TRACE,GONEAWAY
86494,Laura Jones,"188 Sunset Boulevard, Dublin",2025-07-17T12:14:48.000000,OTHER,ARCHIVED
69833,Laura Garcia,"200 Hillcrest Road, Kilkenny",2025-07-17T12:43:03.000000,PAYING,PAY PROP
86494,Laura Jones,"188 Sunset Boulevard, Dublin",2025-07-17T13:13:19.000000,PAYING,PAY CURR
52609,Sophia Brown,"53 Pine Road, Limerick",2025-07-17T15:51:05.000000,SETTLED,SETTLED
70629,Michael Rodriguez,"172 Oak Street, Belfast",2025-07-18T02:43:15.000000,OTHER,ARCHIVED
29210,David Brown,"69 Oak Street, Kilkenny",2025-07-18T10:06:44.000000,PAYING,PAY CURR
26232,Daniel Davis,"106 Pine Road, Belfast",2025-07-19T03:16:57.000000,OTHER,ARCHIVED
72340,John Rodriguez,"58 Pine Road, Belfast",2025-07-19T04:01:20.000000,PAYING,PAY CURR
34629,Alex Martinez,"67 Sunset Boulevard, Galway",2025-07-19T04:15:21.000000,INSOLVENCY,INS2
36810,Maria Martinez,"81 Riverside Drive, Belfast",2025-07-19T04:34:01.000000,OTHER,ARCHIVED
28382,Daniel Miller,"64 Maple Avenue, Kilkenny",2025-07-19T05:18:03.000000,SETTLED,SETTLED
77535,Michael Johnson,"25 Maple Avenue, Sligo",2025-07-19T10:10:06.000000,PAYING,PAY CURR
31172,Olivia Smith,"102 Sunset Boulevard, Dublin",2025-07-19T11:12:14.000000,LEGAL,LEG_TIT
91435,David Smith,"2 Sunset Boulevard, Dublin",2025-07-19T12:59:44.000000,SETTLED,SETTLED
46494,Laura Johnson,"178 Cedar Lane, Sligo",2025-07-19T13:38:31.000000,OTHER,ARCHIVED
95230,Sophia Rodriguez,"48 Sunset Boulevard, Limerick",2025-07-19T16:01:43.000000,COLLECTIONS,TELSOLUTIONS4
74104,Sarah Rodriguez,"106 Riverside Drive, Kilkenny",2025-07-19T16:03:13.000000,COLLECTIONS,TELSOLUTIONS1
91558,Sophia Rodriguez,"139 Riverside Drive, Galway",2025-07-19T17:38:32.000000,OTHER,ARCHIVED
46992,James Williams,"15 Cedar Lane, Dublin",2025-07-19T19:08:49.000000,OTHER,ARCHIVED
58984,Daniel Brown,"123 Pine Road, Cork",2025-07-19T19:50:01.000000,PAYING,PAY CURR
82324,David Smith,"60 Maple Avenue, Limerick",2025-07-19T20:32:15.000000,LEGAL,LEG VERIF 1
13787,Laura Wilson,"88 Elm Street, Cork",2025-07-19T22:46:47.000000,COLLECTIONS,PRIME_D
62106,Laura Brown,"183 Riverside Drive, Galway",2025-07-19T22:58:42.000000,INSOLVENCY,INS3
91710,Olivia Williams,"53 Sunset Boulevard, Limerick",2025-07-19T23:47:05.000000,OTHER,ARCHIVED
58064,Emma Williams,"123 Elm Street, Waterford",2025-07-20T01:01:33.000000,OTHER,ARCHIVED
59791,Emma Martinez,"93 Elm Street, Cork",2025-07-20T02:51:28.000000,SETTLED,SETTLED
17880,Emma Davis,"52 Pine Road, Cork",2025-07-20T03:26:41.000000,TRACE,GONEAWAY
55044,Emma Wilson,"74 Riverside Drive, Galway",2025-07-20T03:40:06.000000,TRACE,GONEAWAY
66787,Alex Rodriguez,"26 Elm Street, Sligo",2025-07-20T03:45:28.000000,PAYING,PAY PROP
66138,John Jones,"170 Hillcrest Road, Sligo",2025-07-20T04:09:21.000000,COLLECTIONS,PRIME_D
19372,Michael Johnson,"33 Maple Avenue, Belfast",2025-07-20T08:33:03.000000,LEGAL,LEG VERIF 1
86086,Laura Garcia,"68 Pine Road, Sligo",2025-07-20T08:39:32.000000,INSOLVENCY,INSP
83620,David Wilson,"122 Pine Road, Waterford",2025-07-20T10:04:44.000000,SETTLED,SETTLED
67396,Maria Johnson,"32 Riverside Drive, Sligo",2025-07-20T10:08:04.000000,LEGAL,LEG_TIT
88654,Michael Rodriguez,"128 Oak Street, Kilkenny",2025-07-20T11:41:54.000000,OTHER,ARCHIVED
47450,Olivia Smith,"2 Cedar Lane, Limerick",2025-07-20T18:20:55.000000,LEGAL,LEG VERIF 2
67687,Maria Martinez,"196 Riverside Drive, Belfast",2025-07-20T19:19:32.000000,PAYING,PAY PROP
34650,Daniel Miller,"37 Elm Street, Belfast",2025-07-20T19:46:28.000000,INSOLVENCY,INS4
53017,Daniel Smith,"120 Hillcrest Road, Belfast",2025-07-20T22:18:57.000000,LEGAL,LEG VERIF 2
47862,James Williams,"77 Riverside Drive, Galway",2025-07-21T01:23:31.000000,INSOLVENCY,INS1
34108,Laura Jones,"183 Pine Road, Galway",2025-07-21T01:45:38.000000,OTHER,ARCHIVED
86646,Sarah Williams,"29 Hillcrest Road, Galway",2025-07-21T04:09:04.000000,LEGAL,HOLD FO
51246,Sarah Williams,"142 Oak Street, Limerick",2025-07-21T04:18:46.000000,TRACE,GONEAWAY
98254,Sarah Rodriguez,"3 Pine Road, Sligo",2025-07-21T08:25:39.000000,COLLECTIONS,CANCEL4
75723,Olivia Williams,"141 Pine Road, Waterford",2025-07-21T15:37:58.000000,TRACE,GONEAWAY
89946,John Brown,"125 Maple Avenue, Cork",2025-07-21T16:21:34.000000,OTHER,ARCHIVED
86543,Sophia Davis,"180 Hillcrest Road, Belfast",2025-07-21T16:57:11.000000,COLLECTIONS,CANCEL4
17993,Alex Smith,"170 Sunset Boulevard, Belfast",2025-07-21T19:57:38.000000,LEGAL,HOLD FO
31233,Daniel Wilson,"55 Maple Avenue, Waterford",2025-07-21T20:26:00.000000,INSOLVENCY,INS1
82487,Daniel Miller,"195 Riverside Drive, Belfast",2025-07-21T21:04:14.000000,COLLECTIONS,CASSIST2
85441,John Garcia,"125 Hillcrest Road, Sligo",2025-07-21T22:32:32.000000,PAYING,PAY CURR
47532,Sophia Jones,"89 Riverside Drive, Sligo",2025-07-21T23:41:09.000000,LEGAL,HOLD FO
40198,Alex Williams,"6 Maple Avenue, Kilkenny",2025-07-22T01:43:49.000000,OTHER,ARCHIVED
40733,Daniel Miller,"77 Cedar Lane, Belfast",2025-07-22T08:52:14.000000,COLLECTIONS,CASSIST2
91402,Alex Rodriguez,"161 Hillcrest Road, Dublin",2025-07-23T00:02:07.000000,OTHER,ARCHIVED
17320,Maria Martinez,"117 Sunset Boulevard, Belfast",2025-07-23T00:32:56.000000,PAYING,PAY PROP
79521,Sophia Jones,"196 Sunset Boulevard, Cork",2025-07-23T01:03:59.000000,OTHER,ARCHIVED
16077,Alex Jones,"35 Riverside Drive, Waterford",2025-07-23T01:37:56.000000,PAYING,PAY CURR
26066,James Jones,"161 Pine Road, Waterford",2025-07-23T01:58:04.000000,INSOLVENCY,INS4
87394,Daniel Smith,"142 Sunset Boulevard, Waterford",2025-07-23T02:09:38.000000,INSOLVENCY,INS4
30496,John Wilson,"28 Riverside Drive, Galway",2025-07-23T02:13:10.000000,TRACE,GONEAWAY
68861,Emma Rodriguez,"115 Sunset Boulevard, Cork",2025-07-23T02:23:48.000000,PAYING,PAY CURR
16198,Laura Williams,"167 Elm Street, Limerick",2025-07-23T02:56:05.000000,SETTLED,SETTLED
94956,Alex Jones,"144 Riverside Drive, Limerick",2025-07-23T04:50:58.000000,SETTLED,SETTLED
67396,Maria Johnson,"32 Riverside Drive, Sligo",2025-07-23T08:39:10.000000,PAYING,PAY PROP
71048,Maria Brown,"124 Maple Avenue, Belfast",2025-07-23T08:46:32.000000,PAYING,PAY PROP
89082,Michael Smith,"188 Hillcrest Road, Belfast",2025-07-23T12:12:35.000000,LEGAL,LEG_TIT
73732,Laura Williams,"139 Maple Avenue, Galway",2025-07-23T12:58:22.000000,PAYING,PAY CURR
80451,Sophia Wilson,"3 Hillcrest Road, Cork",2025-07-23T13:45:58.000000,LEGAL,LEG_NOT
47862,James Williams,"77 Riverside Drive, Galway",2025-07-23T16:23:34.000000,INSOLVENCY,INS4
40733,Daniel Miller,"77 Cedar Lane, Belfast",2025-07-23T18:02:24.000000,INSOLVENCY,INS3
27482,Sophia Smith,"93 Elm Street, Dublin",2025-07-23T20:37:59.000000,COLLECTIONS,PRIME_D
25000,Maria Martinez,"48 Elm Street, Galway",2025-07-23T21:14:26.000000,SETTLED,SETTLED
74428,Laura Martinez,"15 Cedar Lane, Kilkenny",2025-07-24T06:09:40.000000,LEGAL,LEG VERIF 1
89637,Olivia Smith,"50 Cedar Lane, Dublin",2025-07-24T08:55:38.000000,OTHER,ARCHIVED
44476,David Martinez,"26 Cedar Lane, Cork",2025-07-24T13:39:09.000000,PAYING,PAY CURR
73980,Laura Martinez,"92 Cedar Lane, Limerick",2025-07-24T13:42:43.000000,COLLECTIONS,PAY OVER
31527,Sarah Garcia,"145 Oak Street, Kilkenny",2025-07-24T22:28:50.000000,OTHER,ARCHIVED
79521,Sophia Jones,"196 Sunset Boulevard, Cork",2025-07-25T19:45:54.000000,LEGAL,HOLD FO
99755,Michael Johnson,"45 Pine Road, Kilkenny",2025-07-26T00:35:11.000000,LEGAL,LEG VERIF 1
86543,Sophia Davis,"180 Hillcrest Road, Belfast",2025-07-26T01:30:52.000000,PAYING,PAY PROP
61550,Maria Brown,"98 Riverside Drive, Galway",2025-07-26T07:12:53.000000,INSOLVENCY,INS2
73556,Emma Rodriguez,"154 Oak Street, Belfast",2025-07-26T09:31:18.000000,TRACE,GONEAWAY
69791,Michael Rodriguez,"160 Maple Avenue, Belfast",2025-07-26T11:44:09.000000,SETTLED,SETTLED
34002,James Johnson,"200 Oak Street, Waterford",2025-07-26T16:59:11.000000,COLLECTIONS,CASSIST2
19523,Michael Wilson,"179 Elm Street, Sligo",2025-07-26T20:37:13.000000,TRACE,GONEAWAY
72278,Laura Davis,"100 Cedar Lane, Limerick",2025-07-26T20:47:23.000000,LEGAL,LEG_NOT
91173,Sarah Wilson,"18 Pine Road, Cork",2025-07-26T21:00:37.000000,PAYING,PAY CURR
50973,Emma Miller,"128 Maple Avenue, Galway",2025-07-26T21:20:21.000000,PAYING,PAY PROP
25073,John Davis,"156 Elm Street, Galway",2025-07-26T22:23:11.000000,INSOLVENCY,INS3
60048,Sophia Williams,"132 Hillcrest Road, Waterford",2025-07-26T22:39:39.000000,TRACE,GONEAWAY
21453,John Garcia,"90 Sunset Boulevard, Waterford",2025-07-26T23:02:51.000000,INSOLVENCY,INS1
84455,Daniel Smith,"118 Maple Avenue, Galway",2025-07-26T23:13:16.000000,LEGAL,LEG VERIF 1
67303,Laura Smith,"145 Cedar Lane, Belfast",2025-07-27T01:05:44.000000,PAYING,PAY CURR
65864,Maria Brown,"197 Hillcrest Road, Dublin",2025-07-27T02:00:30.000000,PAYING,PAY CURR
69791,Michael Rodriguez,"160 Maple Avenue, Belfast",2025-07-27T02:08:38.000000,COLLECTIONS,PRIME
96035,Laura Garcia,"59 Maple Avenue, Sligo",2025-07-27T02:27:14.000000,TRACE,GONEAWAY
95274,Laura Jones,"120 Maple Avenue, Kilkenny",2025-07-27T08:17:27.000000,TRACE,GONEAWAY
98298,Sarah Williams,"118 Elm Street, Cork",2025-07-27T08:33:36.000000,TRACE,GONEAWAY
26096,Sarah Jones,"154 Elm Street, Sligo",2025-07-27T12:52:08.000000,OTHER,ARCHIVED
86347,Michael Johnson,"31 Pine Road, Galway",2025-07-27T13:14:37.000000,COLLECTIONS,PRIME_D
31172,Olivia Smith,"102 Sunset Boulevard, Dublin",2025-07-27T13:45:36.000000,TRACE,GONEAWAY
45571,Emma Martinez,"93 Cedar Lane, Limerick",2025-07-27T14:01:43.000000,PAYING,PAY CURR
66106,Michael Davis,"56 Pine Road, Galway",2025-07-27T15:06:22.000000,LEGAL,HOLD FO
71242,James Davis,"9 Hillcrest Road, Kilkenny",2025-07-27T16:04:54.000000,INSOLVENCY,INS2
27497,John Garcia,"165 Maple Avenue, Limerick",2025-07-27T16:07:03.000000,COLLECTIONS,CANCEL2
81469,Sarah Johnson,"130 Elm Street, Belfast",2025-07-27T20:13:14.000000,INSOLVENCY,INS4
39776,Maria Davis,"113 Maple Avenue, Kilkenny",2025-07-27T20:29:12.000000,TRACE,GONEAWAY
20233,Michael Davis,"60 Riverside Drive, Belfast",2025-07-27T21:02:50.000000,INSOLVENCY,INS3
39643,Emma Davis,"33 Elm Street, Cork",2025-07-27T21:28:18.000000,OTHER,ARCHIVED
26168,Maria Williams,"120 Cedar Lane, Belfast",2025-07-27T23:07:54.000000,COLLECTIONS,PRIME
13664,Emma Wilson,"1 Cedar Lane, Galway",2025-07-27T23:34:58.000000,COLLECTIONS,CANCEL4
19413,Sophia Jones,"52 Sunset Boulevard, Limerick",2025-07-28T00:06:22.000000,COLLECTIONS,PAY OVER
63368,John Johnson,"56 Elm Street, Limerick",2025-07-28T03:12:43.000000,OTHER,ARCHIVED
56961,John Brown,"83 Riverside Drive, Galway",2025-07-28T03:29:31.000000,PAYING,PAY PROP
41740,John Johnson,"78 Cedar Lane, Dublin",2025-07-28T04:04:13.000000,INSOLVENCY,INS1
53131,Emma Garcia,"41 Elm Street, Sligo",2025-07-28T04:30:33.000000,TRACE,GONEAWAY
78987,Maria Smith,"55 Oak Street, Limerick",2025-07-28T05:59:11.000000,PAYING,PAY PROP
54341,Michael Davis,"164 Maple Avenue, Belfast",2025-07-28T09:15:10.000000,OTHER,ARCHIVED
30943,Sarah Brown,"85 Sunset Boulevard, Dublin",2025-07-28T10:19:37.000000,SETTLED,SETTLED
25000,Maria Martinez,"48 Elm Street, Galway",2025-07-28T11:24:09.000000,COLLECTIONS,TELSOLUTIONS1
85441,John Garcia,"125 Hillcrest Road, Sligo",2025-07-28T12:21:42.000000,INSOLVENCY,INS4
14961,John Davis,"179 Riverside Drive, Dublin",2025-07-28T14:20:07.000000,COLLECTIONS,PRIME_D
36313,David Smith,"102 Sunset Boulevard, Sligo",2025-07-28T14:49:00.000000,COLLECTIONS,PRIME_D
50973,Emma Miller,"128 Maple Avenue, Galway",2025-07-28T16:07:14.000000,SETTLED,SETTLED
46545,David Davis,"101 Sunset Boulevard, Waterford",2025-07-28T17:35:24.000000,COLLECTIONS,PAY OVER
41740,John Johnson,"78 Cedar Lane, Dublin",2025-07-28T17:44:46.000000,PAYING,PAY CURR
32832,Sophia Davis,"68 Sunset Boulevard, Limerick",2025-07-28T17:46:27.000000,TRACE,GONEAWAY
79792,David Smith,"72 Elm Street, Kilkenny",2025-07-28T18:10:30.000000,PAYING,PAY CURR
68436,Emma Johnson,"189 Oak Street, Cork",2025-07-28T19:57:33.000000,INSOLVENCY,INS4
34083,Michael Davis,"37 Hillcrest Road, Cork",2025-07-29T00:00:46.000000,INSOLVENCY,INS1
19086,Laura Brown,"88 Cedar Lane, Sligo",2025-07-29T01:55:35.000000,SETTLED,SETTLED
17993,Alex Smith,"170 Sunset Boulevard, Belfast",2025-07-29T01:59:43.000000,LEGAL,LEG VERIF 2
34002,James Johnson,"200 Oak Street, Waterford",2025-07-29T06:44:20.000000,TRACE,GONEAWAY
25733,David Brown,"63 Sunset Boulevard, Kilkenny",2025-07-29T13:32:55.000000,LEGAL,LEG_NOT
85869,Sarah Miller,"159 Pine Road, Sligo",2025-07-29T16:51:59.000000,SETTLED,SETTLED
13861,David Smith,"185 Maple Avenue, Dublin",2025-07-29T18:17:27.000000,PAYING,PAY CURR
21489,Daniel Jones,"50 Riverside Drive, Galway",2025-07-29T20:44:13.000000,LEGAL,LEG_TIT
59505,Daniel Wilson,"113 Pine Road, Limerick",2025-07-29T23:51:03.000000,LEGAL,LEG_TIT
16402,Sarah Rodriguez,"146 Maple Avenue, Limerick",2025-07-31T00:54:15.000000,OTHER,ARCHIVED
71125,John Brown,"136 Maple Avenue, Kilkenny",2025-07-31T02:44:02.000000,COLLECTIONS,CANCEL2
51216,Olivia Martinez,"180 Pine Road, Waterford",2025-07-31T05:40:57.000000,OTHER,ARCHIVED
53131,Emma Garcia,"41 Elm Street, Sligo",2025-07-31T07:31:59.000000,LEGAL,HOLD FO
60001,Alex Brown,"57 Cedar Lane, Kilkenny",2025-07-31T09:52:37.000000,PAYING,PAY PROP
68484,Michael Wilson,"53 Elm Street, Kilkenny",2025-07-31T10:03:11.000000,LEGAL,LEG_NOT
16402,Sarah Rodriguez,"146 Maple Avenue, Limerick",2025-07-31T10:27:06.000000,TRACE,GONEAWAY
26696,Sarah Rodriguez,"73 Maple Avenue, Kilkenny",2025-07-31T10:40:48.000000,TRACE,GONEAWAY
77524,Maria Martinez,"55 Elm Street, Sligo",2025-07-31T10:42:51.000000,INSOLVENCY,INS3
75723,Olivia Williams,"141 Pine Road, Waterford",2025-07-31T12:09:34.000000,INSOLVENCY,INS2
55047,James Martinez,"78 Pine Road, Waterford",2025-07-31T14:51:33.000000,INSOLVENCY,INS3
47801,John Johnson,"44 Cedar Lane, Dublin",2025-07-31T15:48:50.000000,SETTLED,SETTLED
47808,James Garcia,"200 Elm Street, Belfast",2025-07-31T17:28:50.000000,OTHER,ARCHIVED
30746,Alex Miller,"32 Oak Street, Cork",2025-07-31T18:35:22.000000,COLLECTIONS,CANCEL2
64070,Laura Davis,"42 Elm Street, Galway",2025-07-31T19:55:37.000000,LEGAL,LEG VERIF 1
33376,Emma Smith,"35 Sunset Boulevard, Kilkenny",2025-07-31T22:08:41.000000,TRACE,GONEAWAY
91402,Alex Rodriguez,"161 Hillcrest Road, Dublin",2025-07-31T22:18:38.000000,TRACE,GONEAWAY
95599,Michael Wilson,"70 Maple Avenue, Sligo",2025-07-31T22:36:21.000000,OTHER,ARCHIVED
82789,Maria Garcia,"57 Oak Street, Galway",2025-07-31T23:54:20.000000,TRACE,GONEAWAY
80893,Alex Wilson,"36 Cedar Lane, Sligo",2025-08-01T00:10:53.000000,INSOLVENCY,INS3
26742,Laura Miller,"18 Maple Avenue, Waterford",2025-08-01T02:28:37.000000,COLLECTIONS,PRIME_D
86650,David Rodriguez,"156 Sunset Boulevard, Kilkenny",2025-08-01T02:40:22.000000,SETTLED,SETTLED
52017,Maria Wilson,"152 Riverside Drive, Sligo",2025-08-01T04:44:51.000000,OTHER,ARCHIVED
15004,Sarah Martinez,"4 Hillcrest Road, Limerick",2025-08-01T05:18:40.000000,OTHER,ARCHIVED
91142,Michael Rodriguez,"159 Pine Road, Waterford",2025-08-01T07:20:40.000000,PAYING,PAY CURR
96035,Laura Garcia,"59 Maple Avenue, Sligo",2025-08-01T08:18:14.000000,TRACE,GONEAWAY
15248,Maria Martinez,"86 Elm Street, Belfast",2025-08-01T16:16:51.000000,INSOLVENCY,INSP
75042,Sophia Jones,"52 Cedar Lane, Limerick",2025-08-01T16:19:50.000000,COLLECTIONS,CASSIST2
45393,Emma Wilson,"84 Sunset Boulevard, Galway",2025-08-01T17:57:05.000000,COLLECTIONS,PRIME_D
33687,Michael Wilson,"175 Pine Road, Belfast",2025-08-01T18:06:25.000000,PAYING,PAY PROP
17821,Daniel Williams,"88 Cedar Lane, Limerick",2025-08-01T18:33:33.000000,PAYING,PAY CURR
30746,Alex Miller,"32 Oak Street, Cork",2025-08-01T18:52:06.000000,OTHER,ARCHIVED
30943,Sarah Brown,"85 Sunset Boulevard, Dublin",2025-08-01T19:05:54.000000,SETTLED,SETTLED
16402,Sarah Rodriguez,"146 Maple Avenue, Limerick",2025-08-01T19:30:28.000000,TRACE,GONEAWAY
13787,Laura Wilson,"88 Elm Street, Cork",2025-08-01T20:34:23.000000,TRACE,GONEAWAY
61279,Maria Smith,"51 Maple Avenue, Dublin",2025-08-01T21:10:45.000000,OTHER,ARCHIVED
19986,Alex Smith,"130 Oak Street, Galway",2025-08-01T21:22:25.000000,PAYING,PAY CURR
76500,John Garcia,"176 Sunset Boulevard, Cork",2025-08-01T22:15:31.000000,TRACE,GONEAWAY
28504,Maria Jones,"169 Oak Street, Sligo",2025-08-01T23:56:01.000000,PAYING,PAY CURR
93774,James Jones,"97 Elm Street, Waterford",2025-08-02T02:07:57.000000,COLLECTIONS,CASSIST2
66463,John Wilson,"104 Sunset Boulevard, Kilkenny",2025-08-02T05:10:17.000000,PAYING,PAY PROP
45153,Sophia Davis,"16 Maple Avenue, Kilkenny",2025-08-02T06:56:08.000000,SETTLED,SETTLED
40856,Alex Rodriguez,"39 Elm Street, Sligo",2025-08-02T07:21:44.000000,TRACE,GONEAWAY
25733,David Brown,"63 Sunset Boulevard, Kilkenny",2025-08-02T08:20:00.000000,LEGAL,LEG VERIF 1
50973,Emma Miller,"128 Maple Avenue, Galway",2025-08-02T08:38:12.000000,OTHER,ARCHIVED
62345,Laura Miller,"189 Cedar Lane, Cork",2025-08-02T09:00:00.000000,COLLECTIONS,PRIME_D
39776,Maria Davis,"113 Maple Avenue, Kilkenny",2025-08-02T09:16:17.000000,PAYING,PAY CURR
66158,Emma Martinez,"99 Cedar Lane, Waterford",2025-08-02T14:56:39.000000,PAYING,PAY CURR
91678,Laura Garcia,"104 Cedar Lane, Waterford",2025-08-02T17:22:27.000000,PAYING,PAY CURR
44286,Sophia Davis,"160 Cedar Lane, Cork",2025-08-02T18:03:17.000000,SETTLED,SETTLED
74894,Emma Garcia,"190 Sunset Boulevard, Belfast",2025-08-02T20:55:27.000000,LEGAL,HOLD FO
16628,Sarah Rodriguez,"164 Pine Road, Galway",2025-08-03T01:17:21.000000,COLLECTIONS,CANCEL4
42371,David Williams,"102 Elm Street, Belfast",2025-08-03T08:47:08.000000,PAYING,PAY PROP
58892,Maria Johnson,"192 Cedar Lane, Dublin",2025-08-03T13:01:35.000000,OTHER,ARCHIVED
37628,Maria Johnson,"30 Pine Road, Cork",2025-08-03T14:34:39.000000,INSOLVENCY,INS1
30746,Alex Miller,"32 Oak Street, Cork",2025-08-03T16:44:32.000000,OTHER,ARCHIVED
35401,John Miller,"164 Sunset Boulevard, Belfast",2025-08-03T20:36:05.000000,LEGAL,LEG_NOT
39116,Olivia Johnson,"62 Oak Street, Cork",2025-08-03T20:52:07.000000,LEGAL,LEG_TIT
31903,Alex Brown,"183 Cedar Lane, Waterford",2025-08-04T00:25:09.000000,OTHER,ARCHIVED
88716,Emma Rodriguez,"113 Cedar Lane, Galway",2025-08-04T01:09:09.000000,OTHER,ARCHIVED
52697,Sarah Davis,"39 Hillcrest Road, Sligo",2025-08-04T01:43:08.000000,COLLECTIONS,PAY OVER
89176,Sarah Johnson,"105 Cedar Lane, Galway",2025-08-04T01:53:35.000000,TRACE,GONEAWAY
97918,Daniel Smith,"123 Riverside Drive, Sligo",2025-08-04T06:37:28.000000,INSOLVENCY,INS1
94751,Emma Rodriguez,"158 Maple Avenue, Kilkenny",2025-08-04T07:38:53.000000,COLLECTIONS,CANCEL4
92669,John Davis,"72 Pine Road, Kilkenny",2025-08-04T08:36:50.000000,INSOLVENCY,INSP
31172,Olivia Smith,"102 Sunset Boulevard, Dublin",2025-08-04T09:03:05.000000,TRACE,GONEAWAY
44060,Sarah Davis,"151 Cedar Lane, Kilkenny",2025-08-04T16:26:46.000000,SETTLED,SETTLED
34177,Sarah Jones,"63 Hillcrest Road, Limerick",2025-08-04T17:40:53.000000,LEGAL,LEG_TIT
94714,Sophia Brown,"85 Cedar Lane, Dublin",2025-08-05T00:39:55.000000,TRACE,GONEAWAY
83776,Maria Smith,"105 Pine Road, Kilkenny",2025-08-05T00:45:01.000000,LEGAL,LEG VERIF 1
97661,Laura Williams,"148 Oak Street, Limerick",2025-08-05T01:20:13.000000,OTHER,ARCHIVED
98298,Sarah Williams,"118 Elm Street, Cork",2025-08-05T03:26:33.000000,TRACE,GONEAWAY
86693,James Jones,"164 Cedar Lane, Kilkenny",2025-08-05T03:52:01.000000,SETTLED,SETTLED
23382,David Garcia,"142 Hillcrest Road, Galway",2025-08-05T05:08:07.000000,COLLECTIONS,PRIME
54885,Olivia Williams,"53 Riverside Drive, Galway",2025-08-05T05:32:00.000000,INSOLVENCY,INS1
37628,Maria Johnson,"30 Pine Road, Cork",2025-08-05T07:32:32.000000,OTHER,ARCHIVED
86347,Michael Johnson,"31 Pine Road, Galway",2025-08-05T12:47:23.000000,PAYING,PAY PROP
97730,Olivia Smith,"186 Sunset Boulevard, Limerick",2025-08-05T19:26:09.000000,OTHER,ARCHIVED
91678,Laura Garcia,"104 Cedar Lane, Waterford",2025-08-05T19:52:27.000000,SETTLED,SETTLED
97661,Laura Williams,"148 Oak Street, Limerick",2025-08-05T20:32:33.000000,SETTLED,SETTLED
37628,Maria Johnson,"30 Pine Road, Cork",2025-08-05T21:24:08.000000,COLLECTIONS,CANCEL4
54275,Alex Jones,"90 Oak Street, Sligo",2025-08-05T22:50:05.000000,COLLECTIONS,PRIME_D
14184,Olivia Jones,"24 Oak Street, Dublin",2025-08-06T00:16:40.000000,TRACE,GONEAWAY
45393,Emma Wilson,"84 Sunset Boulevard, Galway",2025-08-06T08:52:38.000000,LEGAL,LEG VERIF 1
90725,David Williams,"35 Oak Street, Cork",2025-08-06T14:01:45.000000,LEGAL,LEG VERIF 1
14567,Sophia Davis,"52 Elm Street, Belfast",2025-08-06T18:53:42.000000,COLLECTIONS,CASSIST2
17413,Emma Martinez,"195 Riverside Drive, Kilkenny",2025-08-06T22:23:59.000000,TRACE,GONEAWAY
74699,John Williams,"171 Riverside Drive, Limerick",2025-08-07T00:26:44.000000,COLLECTIONS,TELSOLUTIONS4
21489,Daniel Jones,"50 Riverside Drive, Galway",2025-08-07T01:21:53.000000,INSOLVENCY,INS1
41546,David Williams,"178 Sunset Boulevard, Cork",2025-08-07T01:30:20.000000,INSOLVENCY,INS4
13883,David Smith,"74 Sunset Boulevard, Cork",2025-08-07T01:36:15.000000,SETTLED,SETTLED
46369,Emma Jones,"85 Sunset Boulevard, Sligo",2025-08-07T03:58:17.000000,OTHER,ARCHIVED
53016,Laura Johnson,"197 Oak Street, Belfast",2025-08-07T03:59:12.000000,COLLECTIONS,TELSOLUTIONS4
98794,Sarah Martinez,"10 Maple Avenue, Cork",2025-08-07T04:36:15.000000,INSOLVENCY,INS1
88060,David Johnson,"107 Pine Road, Waterford",2025-08-07T05:36:46.000000,SETTLED,SETTLED
91658,Olivia Davis,"106 Cedar Lane, Sligo",2025-08-07T07:55:39.000000,LEGAL,HOLD FO
49999,James Miller,"47 Riverside Drive, Limerick",2025-08-07T09:31:56.000000,PAYING,PAY CURR
77356,Daniel Martinez,"158 Oak Street, Sligo",2025-08-07T13:55:11.000000,OTHER,ARCHIVED
71048,Maria Brown,"124 Maple Avenue, Belfast",2025-08-07T14:11:16.000000,OTHER,ARCHIVED
90725,David Williams,"35 Oak Street, Cork",2025-08-07T14:51:09.000000,INSOLVENCY,INS2
87394,Daniel Smith,"142 Sunset Boulevard, Waterford",2025-08-07T15:37:20.000000,SETTLED,SETTLED
47103,Daniel Davis,"33 Pine Road, Sligo",2025-08-07T20:19:47.000000,COLLECTIONS,TELSOLUTIONS1
73634,Daniel Johnson,"43 Hillcrest Road, Waterford",2025-08-07T20:24:41.000000,LEGAL,LEG VERIF 2
66138,John Jones,"170 Hillcrest Road, Sligo",2025-08-07T20:30:40.000000,TRACE,GONEAWAY
31903,Alex Brown,"183 Cedar Lane, Waterford",2025-08-08T00:39:12.000000,COLLECTIONS,PAY OVER
45393,Emma Wilson,"84 Sunset Boulevard, Galway",2025-08-08T02:06:34.000000,COLLECTIONS,CANCEL4
66755,Laura Martinez,"93 Elm Street, Sligo",2025-08-08T03:01:31.000000,PAYING,PAY PROP
45539,James Johnson,"88 Maple Avenue, Sligo",2025-08-08T05:49:20.000000,COLLECTIONS,PRIME_D
77426,Alex Miller,"136 Elm Street, Dublin",2025-08-08T06:22:19.000000,SETTLED,SETTLED
87921,Alex Brown,"3 Hillcrest Road, Galway",2025-08-08T07:24:14.000000,INSOLVENCY,INS1
19413,Sophia Jones,"52 Sunset Boulevard, Limerick",2025-08-08T11:01:26.000000,COLLECTIONS,PRIME_D
16628,Sarah Rodriguez,"164 Pine Road, Galway",2025-08-08T11:59:13.000000,SETTLED,SETTLED
44060,Sarah Davis,"151 Cedar Lane, Kilkenny",2025-08-08T14:12:27.000000,LEGAL,LEG_TIT
34002,James Johnson,"200 Oak Street, Waterford",2025-08-08T21:25:22.000000,LEGAL,HOLD FO
86646,Sarah Williams,"29 Hillcrest Road, Galway",2025-08-08T23:30:24.000000,COLLECTIONS,PAY OVER
19675,James Davis,"154 Hillcrest Road, Dublin",2025-08-09T02:11:19.000000,TRACE,GONEAWAY
47933,Emma Brown,"79 Elm Street, Kilkenny",2025-08-09T02:25:14.000000,LEGAL,LEG_NOT
12247,Laura Smith,"200 Pine Road, Dublin",2025-08-09T02:48:48.000000,COLLECTIONS,PAY OVER
19675,James Davis,"154 Hillcrest Road, Dublin",2025-08-09T03:44:39.000000,LEGAL,LEG VERIF 1
58120,Alex Jones,"138 Riverside Drive, Kilkenny",2025-08-09T05:29:36.000000,TRACE,GONEAWAY
67396,Maria Johnson,"32 Riverside Drive, Sligo",2025-08-09T06:01:04.000000,TRACE,GONEAWAY
17320,Maria Martinez,"117 Sunset Boulevard, Belfast",2025-08-09T06:27:53.000000,PAYING,PAY PROP
77395,Olivia Jones,"178 Riverside Drive, Kilkenny",2025-08-09T07:13:20.000000,LEGAL,LEG VERIF 1
43108,Maria Martinez,"109 Sunset Boulevard, Kilkenny",2025-08-09T09:37:17.000000,TRACE,GONEAWAY
19949,David Garcia,"166 Hillcrest Road, Sligo",2025-08-09T13:41:15.000000,INSOLVENCY,INS3
70180,Michael Garcia,"19 Oak Street, Galway",2025-08-09T13:58:59.000000,OTHER,ARCHIVED
55558,James Wilson,"110 Sunset Boulevard, Sligo",2025-08-09T14:49:05.000000,INSOLVENCY,INS4
67303,Laura Smith,"145 Cedar Lane, Belfast",2025-08-09T16:14:06.000000,PAYING,PAY CURR
68436,Emma Johnson,"189 Oak Street, Cork",2025-08-09T16:30:21.000000,TRACE,GONEAWAY
77356,Daniel Martinez,"158 Oak Street, Sligo",2025-08-09T18:23:47.000000,COLLECTIONS,TELSOLUTIONS1
66755,Laura Martinez,"93 Elm Street, Sligo",2025-08-09T18:45:31.000000,TRACE,GONEAWAY
56961,John Brown,"83 Riverside Drive, Galway",2025-08-09T21:11:27.000000,COLLECTIONS,PRIME_D
73556,Emma Rodriguez,"154 Oak Street, Belfast",2025-08-09T21:32:46.000000,INSOLVENCY,INS3
77535,Michael Johnson,"25 Maple Avenue, Sligo",2025-08-09T21:48:50.000000,COLLECTIONS,CANCEL2
16077,Alex Jones,"35 Riverside Drive, Waterford",2025-08-09T22:42:39.000000,LEGAL,LEG VERIF 1
23382,David Garcia,"142 Hillcrest Road, Galway",2025-08-10T02:04:26.000000,LEGAL,LEG VERIF 1
98298,Sarah Williams,"118 Elm Street, Cork",2025-08-10T02:28:16.000000,INSOLVENCY,INS1
33783,Emma Garcia,"158 Cedar Lane, Belfast",2025-08-10T05:11:36.000000,PAYING,PAY CURR
32687,Michael Wilson,"97 Cedar Lane, Dublin",2025-08-10T07:43:58.000000,OTHER,ARCHIVED
95291,Michael Garcia,"159 Oak Street, Sligo",2025-08-10T07:57:59.000000,INSOLVENCY,INS4
48786,Sophia Martinez,"56 Hillcrest Road, Dublin",2025-08-10T08:37:59.000000,INSOLVENCY,INSP
33687,Michael Wilson,"175 Pine Road, Belfast",2025-08-10T10:54:58.000000,SETTLED,SETTLED
94193,David Rodriguez,"28 Cedar Lane, Sligo",2025-08-10T18:12:03.000000,LEGAL,LEG_TIT
63099,Alex Martinez,"170 Elm Street, Kilkenny",2025-08-10T20:18:12.000000,COLLECTIONS,CANCEL4
48354,Michael Smith,"186 Sunset Boulevard, Kilkenny",2025-08-11T00:35:24.000000,LEGAL,LEG VERIF 2
10506,David Jones,"106 Pine Road, Waterford",2025-08-11T00:53:08.000000,LEGAL,LEG VERIF 2
63285,Sarah Williams,"159 Oak Street, Cork",2025-08-11T02:25:30.000000,COLLECTIONS,CANCEL4
59639,Emma Miller,"19 Riverside Drive, Dublin",2025-08-11T02:47:06.000000,LEGAL,LEG_TIT
31527,Sarah Garcia,"145 Oak Street, Kilkenny",2025-08-11T03:30:23.000000,LEGAL,LEG VERIF 1
68861,Emma Rodriguez,"115 Sunset Boulevard, Cork",2025-08-11T05:36:59.000000,LEGAL,LEG_TIT
49171,John Martinez,"172 Hillcrest Road, Dublin",2025-08-11T05:50:03.000000,PAYING,PAY PROP
77262,Daniel Garcia,"46 Sunset Boulevard, Limerick",2025-08-11T06:13:42.000000,COLLECTIONS,CANCEL2
18486,Olivia Rodriguez,"20 Oak Street, Dublin",2025-08-11T06:18:54.000000,LEGAL,LEG VERIF 1
60840,James Miller,"74 Riverside Drive, Limerick",2025-08-11T07:29:54.000000,OTHER,ARCHIVED
71242,James Davis,"9 Hillcrest Road, Kilkenny",2025-08-11T10:23:29.000000,INSOLVENCY,INS2
13989,Sophia Rodriguez,"95 Cedar Lane, Dublin",2025-08-11T12:15:37.000000,OTHER,ARCHIVED
82007,Sarah Williams,"99 Oak Street, Cork",2025-08-11T13:45:16.000000,SETTLED,SETTLED
65428,David Jones,"35 Hillcrest Road, Limerick",2025-08-11T16:13:54.000000,LEGAL,LEG_TIT
96035,Laura Garcia,"59 Maple Avenue, Sligo",2025-08-11T17:38:13.000000,OTHER,ARCHIVED
85441,John Garcia,"125 Hillcrest Road, Sligo",2025-08-11T20:56:23.000000,COLLECTIONS,CASSIST2
34177,Sarah Jones,"63 Hillcrest Road, Limerick",2025-08-11T22:05:32.000000,INSOLVENCY,INS2
52609,Sophia Brown,"53 Pine Road, Limerick",2025-08-11T22:06:20.000000,LEGAL,LEG VERIF 1
68484,Michael Wilson,"53 Elm Street, Kilkenny",2025-08-12T00:01:49.000000,SETTLED,SETTLED
86543,Sophia Davis,"180 Hillcrest Road, Belfast",2025-08-12T00:27:37.000000,INSOLVENCY,INS1
19523,Michael Wilson,"179 Elm Street, Sligo",2025-08-12T05:43:58.000000,SETTLED,SETTLED
79792,David Smith,"72 Elm Street, Kilkenny",2025-08-12T11:35:41.000000,SETTLED,SETTLED
38921,David Rodriguez,"132 Pine Road, Belfast",2025-08-12T18:29:45.000000,COLLECTIONS,TELSOLUTIONS4
40733,Daniel Miller,"77 Cedar Lane, Belfast",2025-08-12T20:11:43.000000,SETTLED,SETTLED
39116,Olivia Johnson,"62 Oak Street, Cork",2025-08-12T20:40:22.000000,OTHER,ARCHIVED
69833,Laura Garcia,"200 Hillcrest Road, Kilkenny",2025-08-12T22:19:40.000000,SETTLED,SETTLED
79212,Sophia Rodriguez,"177 Oak Street, Belfast",2025-08-13T02:42:25.000000,TRACE,GONEAWAY
86543,Sophia Davis,"180 Hillcrest Road, Belfast",2025-08-13T06:38:31.000000,LEGAL,LEG VERIF 2
92221,David Garcia,"125 Sunset Boulevard, Sligo",2025-08-13T09:21:04.000000,SETTLED,SETTLED
47857,James Garcia,"133 Cedar Lane, Dublin",2025-08-13T11:42:44.000000,SETTLED,SETTLED
68484,Michael Wilson,"53 Elm Street, Kilkenny",2025-08-13T13:22:47.000000,SETTLED,SETTLED
86693,James Jones,"164 Cedar Lane, Kilkenny",2025-08-13T15:19:04.000000,LEGAL,LEG VERIF 2
37628,Maria Johnson,"30 Pine Road, Cork",2025-08-13T23:53:19.000000,SETTLED,SETTLED
92221,David Garcia,"125 Sunset Boulevard, Sligo",2025-08-15T03:24:40.000000,INSOLVENCY,INSP
95157,Emma Jones,"67 Elm Street, Galway",2025-08-15T04:08:38.000000,OTHER,ARCHIVED
82487,Daniel Miller,"195 Riverside Drive, Belfast",2025-08-15T04:47:47.000000,LEGAL,LEG VERIF 2
23780,David Williams,"197 Hillcrest Road, Cork",2025-08-15T06:28:41.000000,INSOLVENCY,INS1
28504,Maria Jones,"169 Oak Street, Sligo",2025-08-15T06:33:08.000000,OTHER,ARCHIVED
70437,Olivia Miller,"185 Oak Street, Belfast",2025-08-15T11:55:48.000000,OTHER,ARCHIVED
58892,Maria Johnson,"192 Cedar Lane, Dublin",2025-08-15T12:47:37.000000,INSOLVENCY,INS4
86646,Sarah Williams,"29 Hillcrest Road, Galway",2025-08-15T16:58:17.000000,INSOLVENCY,INS3
52436,Michael Rodriguez,"82 Elm Street, Waterford",2025-08-15T18:09:11.000000,TRACE,GONEAWAY
11449,Daniel Miller,"6 Hillcrest Road, Waterford",2025-08-16T01:20:26.000000,COLLECTIONS,CASSIST2
60947,Sarah Brown,"145 Elm Street, Dublin",2025-08-16T01:59:26.000000,INSOLVENCY,INS3
45495,Michael Smith,"140 Elm Street, Kilkenny",2025-08-16T03:13:43.000000,COLLECTIONS,CANCEL4
45495,Michael Smith,"140 Elm Street, Kilkenny",2025-08-16T05:17:17.000000,TRACE,GONEAWAY
22385,Sarah Davis,"64 Sunset Boulevard, Dublin",2025-08-16T07:14:58.000000,PAYING,PAY CURR
40659,Sophia Rodriguez,"173 Sunset Boulevard, Kilkenny",2025-08-16T08:20:20.000000,LEGAL,LEG_TIT
52219,David Davis,"157 Oak Street, Kilkenny",2025-08-16T09:48:08.000000,SETTLED,SETTLED
19986,Alex Smith,"130 Oak Street, Galway",2025-08-16T10:32:16.000000,LEGAL,LEG_TIT
62692,Maria Miller,"186 Maple Avenue, Sligo",2025-08-16T14:22:09.000000,PAYING,PAY CURR
91142,Michael Rodriguez,"159 Pine Road, Waterford",2025-08-16T15:33:55.000000,PAYING,PAY PROP
87432,John Martinez,"107 Pine Road, Dublin",2025-08-16T15:55:20.000000,PAYING,PAY PROP
57417,Daniel Smith,"175 Hillcrest Road, Limerick",2025-08-16T16:23:17.000000,INSOLVENCY,INS1
55200,Maria Johnson,"134 Elm Street, Galway",2025-08-16T22:28:41.000000,TRACE,GONEAWAY
30817,Daniel Johnson,"134 Hillcrest Road, Limerick",2025-08-16T23:26:05.000000,COLLECTIONS,PRIME
82789,Maria Garcia,"57 Oak Street, Galway",2025-08-17T12:13:57.000000,TRACE,GONEAWAY
90467,Laura Williams,"8 Maple Avenue, Galway",2025-08-17T12:15:17.000000,TRACE,GONEAWAY
94751,Emma Rodriguez,"158 Maple Avenue, Kilkenny",2025-08-17T18:42:27.000000,LEGAL,LEG VERIF 2
32998,James Wilson,"1 Elm Street, Galway",2025-08-18T03:24:28.000000,TRACE,GONEAWAY
14184,Olivia Jones,"24 Oak Street, Dublin",2025-08-18T04:47:34.000000,SETTLED,SETTLED
48606,John Martinez,"33 Elm Street, Waterford",2025-08-18T05:27:59.000000,LEGAL,HOLD FO
72758,Emma Brown,"197 Oak Street, Dublin",2025-08-18T07:17:32.000000,SETTLED,SETTLED
92255,Sophia Martinez,"67 Maple Avenue, Sligo",2025-08-18T07:25:49.000000,LEGAL,LEG VERIF 1
43403,Laura Brown,"183 Hillcrest Road, Dublin",2025-08-18T07:34:50.000000,INSOLVENCY,INS3
82269,Maria Martinez,"175 Oak Street, Galway",2025-08-18T08:36:39.000000,PAYING,PAY CURR
89313,Olivia Williams,"72 Sunset Boulevard, Sligo",2025-08-18T08:55:36.000000,LEGAL,LEG VERIF 2
33347,David Jones,"157 Sunset Boulevard, Sligo",2025-08-18T09:36:05.000000,PAYING,PAY CURR
63285,Sarah Williams,"159 Oak Street, Cork",2025-08-18T11:08:05.000000,OTHER,ARCHIVED
30943,Sarah Brown,"85 Sunset Boulevard, Dublin",2025-08-18T16:20:31.000000,LEGAL,LEG_NOT
36313,David Smith,"102 Sunset Boulevard, Sligo",2025-08-18T17:29:24.000000,INSOLVENCY,INS3
78078,John Miller,"48 Riverside Drive, Limerick",2025-08-18T18:40:07.000000,INSOLVENCY,INS2
95157,Emma Jones,"67 Elm Street, Galway",2025-08-18T19:06:28.000000,LEGAL,LEG_NOT
54885,Olivia Williams,"53 Riverside Drive, Galway",2025-08-18T19:27:12.000000,INSOLVENCY,INSP
79792,David Smith,"72 Elm Street, Kilkenny",2025-08-18T19:42:43.000000,SETTLED,SETTLED
73732,Laura Williams,"139 Maple Avenue, Galway",2025-08-18T20:37:48.000000,SETTLED,SETTLED
11916,John Miller,"42 Cedar Lane, Kilkenny",2025-08-18T23:53:54.000000,TRACE,GONEAWAY
94706,Alex Davis,"55 Elm Street, Galway",2025-08-19T01:25:19.000000,LEGAL,LEG_TIT
36291,David Davis,"39 Elm Street, Dublin",2025-08-20T07:44:28.000000,INSOLVENCY,INS2
56961,John Brown,"83 Riverside Drive, Galway",2025-08-20T10:48:22.000000,LEGAL,HOLD FO
29210,David Brown,"69 Oak Street, Kilkenny",2025-08-20T10:53:13.000000,PAYING,PAY CURR
79212,Sophia Rodriguez,"177 Oak Street, Belfast",2025-08-21T00:19:16.000000,INSOLVENCY,INSP
92221,David Garcia,"125 Sunset Boulevard, Sligo",2025-08-21T02:05:12.000000,LEGAL,HOLD FO
81634,David Jones,"195 Hillcrest Road, Dublin",2025-08-21T02:18:47.000000,PAYING,PAY PROP
17413,Emma Martinez,"195 Riverside Drive, Kilkenny",2025-08-21T02:49:13.000000,SETTLED,SETTLED
27543,John Jones,"90 Elm Street, Kilkenny",2025-08-21T05:41:08.000000,OTHER,ARCHIVED
47543,Alex Davis,"157 Sunset Boulevard, Cork",2025-08-21T09:14:00.000000,PAYING,PAY CURR
86086,Laura Garcia,"68 Pine Road, Sligo",2025-08-21T10:07:10.000000,OTHER,ARCHIVED
14117,Sophia Jones,"44 Cedar Lane, Dublin",2025-08-21T12:05:58.000000,COLLECTIONS,PRIME_D
86650,David Rodriguez,"156 Sunset Boulevard, Kilkenny",2025-08-21T13:30:28.000000,TRACE,GONEAWAY
86013,Daniel Smith,"124 Sunset Boulevard, Belfast",2025-08-21T13:52:16.000000,INSOLVENCY,INS4
17993,Alex Smith,"170 Sunset Boulevard, Belfast",2025-08-21T15:57:43.000000,SETTLED,SETTLED
16077,Alex Jones,"35 Riverside Drive, Waterford",2025-08-21T17:48:34.000000,COLLECTIONS,PAY OVER
80451,Sophia Wilson,"3 Hillcrest Road, Cork",2025-08-21T18:11:38.000000,COLLECTIONS,CANCEL4
29623,James Smith,"134 Riverside Drive, Waterford",2025-08-21T20:18:29.000000,SETTLED,SETTLED
45571,Emma Martinez,"93 Cedar Lane, Limerick",2025-08-21T21:23:21.000000,PAYING,PAY CURR
14567,Sophia Davis,"52 Elm Street, Belfast",2025-08-21T21:56:31.000000,COLLECTIONS,CASSIST2
94714,Sophia Brown,"85 Cedar Lane, Dublin",2025-08-21T23:40:02.000000,SETTLED,SETTLED
92829,Michael Jones,"2 Sunset Boulevard, Kilkenny",2025-08-21T23:57:04.000000,TRACE,GONEAWAY
62595,Sarah Davis,"25 Pine Road, Sligo",2025-08-22T05:18:09.000000,COLLECTIONS,PRIME_D
73980,Laura Martinez,"92 Cedar Lane, Limerick",2025-08-23T00:21:47.000000,TRACE,GONEAWAY
59344,Olivia Jones,"160 Sunset Boulevard, Limerick",2025-08-23T01:55:38.000000,SETTLED,SETTLED
30817,Daniel Johnson,"134 Hillcrest Road, Limerick",2025-08-23T02:25:10.000000,TRACE,GONEAWAY
61708,John Davis,"142 Elm Street, Dublin",2025-08-23T02:49:08.000000,TRACE,GONEAWAY
94638,David Wilson,"139 Cedar Lane, Cork",2025-08-23T05:42:23.000000,COLLECTIONS,PRIME
74699,John Williams,"171 Riverside Drive, Limerick",2025-08-23T07:31:13.000000,TRACE,GONEAWAY
39453,James Smith,"166 Cedar Lane, Limerick",2025-08-23T09:05:50.000000,SETTLED,SETTLED
54296,Alex Garcia,"135 Oak Street, Belfast",2025-08-23T09:47:14.000000,PAYING,PAY PROP
92669,John Davis,"72 Pine Road, Kilkenny",2025-08-23T12:36:39.000000,PAYING,PAY PROP
30817,Daniel Johnson,"134 Hillcrest Road, Limerick",2025-08-23T16:14:47.000000,OTHER,ARCHIVED
84455,Daniel Smith,"118 Maple Avenue, Galway",2025-08-23T18:24:32.000000,COLLECTIONS,TELSOLUTIONS4
26096,Sarah Jones,"154 Elm Street, Sligo",2025-08-23T18:31:20.000000,OTHER,ARCHIVED
77535,Michael Johnson,"25 Maple Avenue, Sligo",2025-08-23T19:05:46.000000,INSOLVENCY,INS4
91710,Olivia Williams,"53 Sunset Boulevard, Limerick",2025-08-23T19:28:05.000000,SETTLED,SETTLED
88060,David Johnson,"107 Pine Road, Waterford",2025-08-23T20:26:16.000000,OTHER,ARCHIVED
68861,Emma Rodriguez,"115 Sunset Boulevard, Cork",2025-08-23T21:58:37.000000,INSOLVENCY,INS4
79279,James Martinez,"190 Oak Street, Galway",2025-08-23T23:20:37.000000,TRACE,GONEAWAY
42247,Alex Jones,"21 Cedar Lane, Waterford",2025-08-24T00:15:40.000000,TRACE,GONEAWAY
22367,Maria Martinez,"51 Elm Street, Dublin",2025-08-24T00:58:46.000000,COLLECTIONS,PRIME_D
19523,Michael Wilson,"179 Elm Street, Sligo",2025-08-24T06:48:18.000000,OTHER,ARCHIVED
86013,Daniel Smith,"124 Sunset Boulevard, Belfast",2025-08-24T06:53:12.000000,COLLECTIONS,PRIME
33376,Emma Smith,"35 Sunset Boulevard, Kilkenny",2025-08-24T16:07:26.000000,INSOLVENCY,INS3
35401,John Miller,"164 Sunset Boulevard, Belfast",2025-08-24T21:54:08.000000,OTHER,ARCHIVED
72838,Laura Martinez,"18 Elm Street, Waterford",2025-08-25T00:50:10.000000,LEGAL,LEG VERIF 1
52609,Sophia Brown,"53 Pine Road, Limerick",2025-08-25T02:51:43.000000,COLLECTIONS,TELSOLUTIONS4
18838,Alex Martinez,"163 Elm Street, Limerick",2025-08-25T03:26:09.000000,INSOLVENCY,INS4
19675,James Davis,"154 Hillcrest Road, Dublin",2025-08-25T03:47:06.000000,TRACE,GONEAWAY
75042,Sophia Jones,"52 Cedar Lane, Limerick",2025-08-25T06:04:49.000000,SETTLED,SETTLED
98849,Laura Wilson,"152 Oak Street, Cork",2025-08-25T06:10:52.000000,LEGAL,LEG_NOT
48786,Sophia Martinez,"56 Hillcrest Road, Dublin",2025-08-25T11:49:32.000000,SETTLED,SETTLED
58120,Alex Jones,"138 Riverside Drive, Kilkenny",2025-08-25T13:45:20.000000,OTHER,ARCHIVED
52017,Maria Wilson,"152 Riverside Drive, Sligo",2025-08-25T13:47:46.000000,LEGAL,LEG VERIF 2
94193,David Rodriguez,"28 Cedar Lane, Sligo",2025-08-25T14:05:53.000000,TRACE,GONEAWAY
94714,Sophia Brown,"85 Cedar Lane, Dublin",2025-08-25T14:14:35.000000,INSOLVENCY,INS3
91678,Laura Garcia,"104 Cedar Lane, Waterford",2025-08-25T15:08:56.000000,COLLECTIONS,PRIME_D
57663,John Johnson,"101 Oak Street, Belfast",2025-08-25T15:15:37.000000,SETTLED,SETTLED
89946,John Brown,"125 Maple Avenue, Cork",2025-08-25T15:42:07.000000,TRACE,GONEAWAY
95157,Emma Jones,"67 Elm Street, Galway",2025-08-25T18:36:21.000000,TRACE,GONEAWAY
78353,John Rodriguez,"87 Oak Street, Galway",2025-08-25T18:49:39.000000,TRACE,GONEAWAY
90869,David Jones,"143 Sunset Boulevard, Waterford",2025-08-25T19:18:22.000000,LEGAL,LEG_TIT
24815,Laura Garcia,"134 Riverside Drive, Kilkenny",2025-08-25T19:24:07.000000,INSOLVENCY,INSP
54765,Daniel Johnson,"88 Maple Avenue, Galway",2025-08-25T19:38:08.000000,PAYING,PAY CURR
27482,Sophia Smith,"93 Elm Street, Dublin",2025-08-25T20:18:32.000000,SETTLED,SETTLED
21489,Daniel Jones,"50 Riverside Drive, Galway",2025-08-26T02:12:51.000000,LEGAL,LEG VERIF 2
63285,Sarah Williams,"159 Oak Street, Cork",2025-08-26T04:12:50.000000,PAYING,PAY PROP
33783,Emma Garcia,"158 Cedar Lane, Belfast",2025-08-26T04:35:21.000000,SETTLED,SETTLED
27223,Sophia Rodriguez,"165 Cedar Lane, Kilkenny",2025-08-26T06:11:50.000000,LEGAL,LEG_NOT
83051,James Miller,"200 Hillcrest Road, Waterford",2025-08-26T06:24:49.000000,COLLECTIONS,PRIME
82007,Sarah Williams,"99 Oak Street, Cork",2025-08-26T06:35:31.000000,INSOLVENCY,INSP
75042,Sophia Jones,"52 Cedar Lane, Limerick",2025-08-26T06:56:52.000000,SETTLED,SETTLED
27789,Laura Johnson,"199 Riverside Drive, Limerick",2025-08-26T09:34:12.000000,COLLECTIONS,PRIME_D
78528,Laura Rodriguez,"120 Pine Road, Belfast",2025-08-26T09:56:21.000000,COLLECTIONS,PRIME
60663,Maria Smith,"86 Hillcrest Road, Cork",2025-08-26T09:56:53.000000,LEGAL,HOLD FO
47543,Alex Davis,"157 Sunset Boulevard, Cork",2025-08-26T10:18:57.000000,TRACE,GONEAWAY
23982,James Jones,"81 Pine Road, Kilkenny",2025-08-26T11:28:29.000000,PAYING,PAY PROP
31463,Sarah Garcia,"113 Hillcrest Road, Galway",2025-08-26T12:07:03.000000,OTHER,ARCHIVED
52017,Maria Wilson,"152 Riverside Drive, Sligo",2025-08-26T15:03:35.000000,LEGAL,LEG_NOT
59505,Daniel Wilson,"113 Pine Road, Limerick",2025-08-26T17:06:30.000000,SETTLED,SETTLED
45495,Michael Smith,"140 Elm Street, Kilkenny",2025-08-26T19:41:50.000000,COLLECTIONS,TELSOLUTIONS4
51246,Sarah Williams,"142 Oak Street, Limerick",2025-08-26T20:32:13.000000,COLLECTIONS,PRIME
82324,David Smith,"60 Maple Avenue, Limerick",2025-08-27T01:14:51.000000,LEGAL,LEG_TIT
61582,David Garcia,"77 Riverside Drive, Belfast",2025-08-27T05:57:30.000000,TRACE,GONEAWAY
36459,Sarah Williams,"52 Oak Street, Belfast",2025-08-27T06:10:36.000000,INSOLVENCY,INS2
60048,Sophia Williams,"132 Hillcrest Road, Waterford",2025-08-27T07:01:42.000000,TRACE,GONEAWAY
66216,Sophia Smith,"182 Pine Road, Limerick",2025-08-27T07:50:08.000000,OTHER,ARCHIVED
27482,Sophia Smith,"93 Elm Street, Dublin",2025-08-27T07:52:57.000000,COLLECTIONS,PRIME
16198,Laura Williams,"167 Elm Street, Limerick",2025-08-27T09:38:19.000000,PAYING,PAY CURR
67701,Alex Brown,"116 Maple Avenue, Waterford",2025-08-27T12:48:27.000000,COLLECTIONS,CASSIST2
82269,Maria Martinez,"175 Oak Street, Galway",2025-08-27T14:45:08.000000,COLLECTIONS,TELSOLUTIONS1
84845,Sarah Rodriguez,"89 Riverside Drive, Waterford",2025-08-27T15:04:49.000000,PAYING,PAY CURR
46155,Sophia Smith,"130 Cedar Lane, Galway",2025-08-27T16:52:22.000000,INSOLVENCY,INS3
91558,Sophia Rodriguez,"139 Riverside Drive, Galway",2025-08-27T19:15:29.000000,INSOLVENCY,INS4
81469,Sarah Johnson,"130 Elm Street, Belfast",2025-08-27T20:34:00.000000,TRACE,GONEAWAY
46494,Laura Johnson,"178 Cedar Lane, Sligo",2025-08-27T21:35:28.000000,SETTLED,SETTLED
19086,Laura Brown,"88 Cedar Lane, Sligo",2025-08-27T22:13:36.000000,SETTLED,SETTLED
27620,Daniel Wilson,"79 Sunset Boulevard, Sligo",2025-08-28T00:09:42.000000,TRACE,GONEAWAY
78633,James Davis,"20 Maple Avenue, Waterford",2025-08-28T01:41:05.000000,COLLECTIONS,CASSIST2
55992,John Miller,"18 Sunset Boulevard, Galway",2025-08-28T02:57:44.000000,OTHER,ARCHIVED
98172,Emma Williams,"110 Cedar Lane, Limerick",2025-08-28T04:33:26.000000,INSOLVENCY,INS2
46992,James Williams,"15 Cedar Lane, Dublin",2025-08-28T05:35:10.000000,LEGAL,LEG VERIF 1
21418,Sarah Miller,"81 Riverside Drive, Galway",2025-08-28T09:26:22.000000,SETTLED,SETTLED
30531,Sarah Garcia,"107 Sunset Boulevard, Waterford",2025-08-28T09:33:03.000000,TRACE,GONEAWAY
87432,John Martinez,"107 Pine Road, Dublin",2025-08-28T11:29:15.000000,INSOLVENCY,INS3
71048,Maria Brown,"124 Maple Avenue, Belfast",2025-08-28T11:31:19.000000,INSOLVENCY,INSP
39175,Laura Wilson,"123 Elm Street, Kilkenny",2025-08-28T11:44:57.000000,PAYING,PAY CURR
54341,Michael Davis,"164 Maple Avenue, Belfast",2025-08-28T12:58:27.000000,PAYING,PAY CURR
28504,Maria Jones,"169 Oak Street, Sligo",2025-08-28T13:45:24.000000,COLLECTIONS,TELSOLUTIONS1
97989,David Williams,"177 Pine Road, Kilkenny",2025-08-28T14:13:02.000000,INSOLVENCY,INS2
13416,Emma Wilson,"58 Pine Road, Dublin",2025-08-28T14:58:46.000000,SETTLED,SETTLED
98298,Sarah Williams,"118 Elm Street, Cork",2025-08-28T16:37:51.000000,SETTLED,SETTLED
82324,David Smith,"60 Maple Avenue, Limerick",2025-08-28T18:34:17.000000,LEGAL,LEG VERIF 1
67504,Sophia Martinez,"130 Pine Road, Dublin",2025-08-28T22:30:53.000000,TRACE,GONEAWAY
86347,Michael Johnson,"31 Pine Road, Galway",2025-08-28T23:20:27.000000,TRACE,GONEAWAY
37988,Olivia Martinez,"80 Sunset Boulevard, Belfast",2025-08-28T23:25:10.000000,INSOLVENCY,INS3
61708,John Davis,"142 Elm Street, Dublin",2025-08-28T23:44:43.000000,OTHER,ARCHIVED
31527,Sarah Garcia,"145 Oak Street, Kilkenny",2025-08-29T07:22:41.000000,COLLECTIONS,CASSIST2
42252,Sophia Johnson,"150 Sunset Boulevard, Kilkenny",2025-08-29T11:54:59.000000,LEGAL,LEG_NOT
31527,Sarah Garcia,"145 Oak Street, Kilkenny",2025-08-29T12:12:52.000000,OTHER,ARCHIVED
94706,Alex Davis,"55 Elm Street, Galway",2025-08-29T18:04:24.000000,COLLECTIONS,PRIME_D
47450,Olivia Smith,"2 Cedar Lane, Limerick",2025-08-29T18:41:17.000000,OTHER,ARCHIVED
97132,Sophia Jones,"183 Oak Street, Belfast",2025-08-29T18:59:48.000000,PAYING,PAY CURR
76500,John Garcia,"176 Sunset Boulevard, Cork",2025-08-29T23:48:16.000000,LEGAL,LEG_TIT
15004,Sarah Martinez,"4 Hillcrest Road, Limerick",2025-08-30T02:35:12.000000,PAYING,PAY CURR
41979,Daniel Williams,"168 Elm Street, Cork",2025-08-30T03:55:11.000000,INSOLVENCY,INS3
32998,James Wilson,"1 Elm Street, Galway",2025-08-30T06:40:11.000000,LEGAL,HOLD FO
37988,Olivia Martinez,"80 Sunset Boulevard, Belfast",2025-08-30T16:10:08.000000,LEGAL,LEG VERIF 2
43403,Laura Brown,"183 Hillcrest Road, Dublin",2025-08-30T21:52:50.000000,INSOLVENCY,INS3
71125,John Brown,"136 Maple Avenue, Kilkenny",2025-08-31T02:59:31.000000,TRACE,GONEAWAY
32832,Sophia Davis,"68 Sunset Boulevard, Limerick",2025-08-31T05:52:01.000000,INSOLVENCY,INSP
77426,Alex Miller,"136 Elm Street, Dublin",2025-08-31T06:43:49.000000,COLLECTIONS,PAY OVER
68861,Emma Rodriguez,"115 Sunset Boulevard, Cork",2025-08-31T06:57:08.000000,PAYING,PAY CURR
33057,Olivia Jones,"21 Hillcrest Road, Cork",2025-08-31T09:03:04.000000,OTHER,ARCHIVED
52697,Sarah Davis,"39 Hillcrest Road, Sligo",2025-08-31T12:57:43.000000,SETTLED,SETTLED
10869,John Williams,"5 Hillcrest Road, Dublin",2025-08-31T15:23:44.000000,LEGAL,LEG VERIF 2
26696,Sarah Rodriguez,"73 Maple Avenue, Kilkenny",2025-08-31T16:04:45.000000,LEGAL,LEG_TIT
91678,Laura Garcia,"104 Cedar Lane, Waterford",2025-08-31T16:09:29.000000,SETTLED,SETTLED
39643,Emma Davis,"33 Elm Street, Cork",2025-08-31T17:42:09.000000,LEGAL,HOLD FO
64246,Laura Smith,"182 Riverside Drive, Galway",2025-08-31T20:07:41.000000,OTHER,ARCHIVED
74670,Laura Rodriguez,"189 Maple Avenue, Galway",2025-09-01T00:38:01.000000,LEGAL,LEG VERIF 2
57417,Daniel Smith,"175 Hillcrest Road, Limerick",2025-09-01T01:25:31.000000,SETTLED,SETTLED
77145,Michael Williams,"7 Cedar Lane, Cork",2025-09-01T04:55:34.000000,PAYING,PAY CURR
85466,David Williams,"131 Cedar Lane, Dublin",2025-09-01T06:12:41.000000,TRACE,GONEAWAY
10506,David Jones,"106 Pine Road, Waterford",2025-09-01T10:40:46.000000,LEGAL,LEG VERIF 2
77524,Maria Martinez,"55 Elm Street, Sligo",2025-09-01T11:09:19.000000,LEGAL,HOLD FO
26514,Sophia Smith,"135 Sunset Boulevard, Limerick",2025-09-01T17:41:08.000000,PAYING,PAY CURR
88716,Emma Rodriguez,"113 Cedar Lane, Galway",2025-09-01T18:03:16.000000,TRACE,GONEAWAY
52017,Maria Wilson,"152 Riverside Drive, Sligo",2025-09-01T18:24:08.000000,TRACE,GONEAWAY
55992,John Miller,"18 Sunset Boulevard, Galway",2025-09-01T18:50:06.000000,TRACE,GONEAWAY
57074,James Jones,"76 Sunset Boulevard, Dublin",2025-09-01T20:18:56.000000,COLLECTIONS,PRIME
17232,Laura Wilson,"71 Cedar Lane, Waterford",2025-09-01T20:42:38.000000,INSOLVENCY,INS2
89313,Olivia Williams,"72 Sunset Boulevard, Sligo",2025-09-01T20:55:34.000000,COLLECTIONS,TELSOLUTIONS1
94956,Alex Jones,"144 Riverside Drive, Limerick",2025-09-01T21:00:05.000000,TRACE,GONEAWAY
77145,Michael Williams,"7 Cedar Lane, Cork",2025-09-01T22:17:48.000000,OTHER,ARCHIVED
55047,James Martinez,"78 Pine Road, Waterford",2025-09-02T16:07:59.000000,SETTLED,SETTLED
40198,Alex Williams,"6 Maple Avenue, Kilkenny",2025-09-02T21:43:29.000000,INSOLVENCY,INS3
55558,James Wilson,"110 Sunset Boulevard, Sligo",2025-09-03T01:23:04.000000,SETTLED,SETTLED
91712,Maria Martinez,"181 Maple Avenue, Dublin",2025-09-03T01:56:47.000000,COLLECTIONS,TELSOLUTIONS4
84211,John Garcia,"23 Maple Avenue, Dublin",2025-09-03T03:06:17.000000,INSOLVENCY,INS3
64136,Laura Garcia,"146 Cedar Lane, Sligo",2025-09-03T03:08:42.000000,LEGAL,LEG_TIT
43108,Maria Martinez,"109 Sunset Boulevard, Kilkenny",2025-09-03T08:34:04.000000,PAYING,PAY CURR
45539,James Johnson,"88 Maple Avenue, Sligo",2025-09-03T12:46:24.000000,INSOLVENCY,INSP
13416,Emma Wilson,"58 Pine Road, Dublin",2025-09-03T12:50:09.000000,COLLECTIONS,PRIME
52137,David Brown,"158 Cedar Lane, Sligo",2025-09-03T13:52:48.000000,COLLECTIONS,CASSIST2
82789,Maria Garcia,"57 Oak Street, Galway",2025-09-03T14:37:58.000000,COLLECTIONS,CANCEL2
16628,Sarah Rodriguez,"164 Pine Road, Galway",2025-09-03T17:50:06.000000,OTHER,ARCHIVED
26696,Sarah Rodriguez,"73 Maple Avenue, Kilkenny",2025-09-03T20:27:33.000000,PAYING,PAY PROP
87459,Alex Jones,"102 Cedar Lane, Belfast",2025-09-03T21:05:12.000000,INSOLVENCY,INS4
20233,Michael Davis,"60 Riverside Drive, Belfast",2025-09-03T21:52:57.000000,SETTLED,SETTLED
95997,Michael Martinez,"118 Elm Street, Waterford",2025-09-03T22:02:53.000000,COLLECTIONS,CANCEL2
37628,Maria Johnson,"30 Pine Road, Cork",2025-09-03T22:36:52.000000,LEGAL,LEG_NOT
86693,James Jones,"164 Cedar Lane, Kilkenny",2025-09-03T23:48:36.000000,INSOLVENCY,INSP
57726,John Davis,"22 Cedar Lane, Belfast",2025-09-04T00:35:15.000000,PAYING,PAY CURR
84211,John Garcia,"23 Maple Avenue, Dublin",2025-09-04T04:00:12.000000,PAYING,PAY PROP
57663,John Johnson,"101 Oak Street, Belfast",2025-09-04T19:09:40.000000,LEGAL,HOLD FO
54123,Olivia Rodriguez,"79 Pine Road, Limerick",2025-09-04T20:47:22.000000,TRACE,GONEAWAY
52017,Maria Wilson,"152 Riverside Drive, Sligo",2025-09-04T21:59:33.000000,SETTLED,SETTLED
16913,Laura Smith,"142 Riverside Drive, Cork",2025-09-05T02:08:46.000000,TRACE,GONEAWAY
42494,Olivia Rodriguez,"146 Pine Road, Waterford",2025-09-05T02:11:37.000000,TRACE,GONEAWAY
10180,Olivia Davis,"3 Elm Street, Limerick",2025-09-05T03:54:11.000000,PAYING,PAY CURR
15248,Maria Martinez,"86 Elm Street, Belfast",2025-09-05T06:47:30.000000,TRACE,GONEAWAY
54718,Emma Davis,"115 Oak Street, Sligo",2025-09-05T07:04:15.000000,PAYING,PAY CURR
66216,Sophia Smith,"182 Pine Road, Limerick",2025-09-05T07:17:52.000000,PAYING,PAY PROP
20507,Olivia Rodriguez,"17 Maple Avenue, Dublin",2025-09-05T10:06:25.000000,LEGAL,LEG_NOT
49823,Alex Jones,"1 Maple Avenue, Belfast",2025-09-05T11:05:21.000000,TRACE,GONEAWAY
64713,John Johnson,"87 Oak Street, Belfast",2025-09-05T14:27:39.000000,SETTLED,SETTLED
60840,James Miller,"74 Riverside Drive, Limerick",2025-09-05T15:02:39.000000,PAYING,PAY CURR
85173,Emma Martinez,"141 Sunset Boulevard, Cork",2025-09-05T15:32:33.000000,INSOLVENCY,INS3
68126,Olivia Davis,"162 Maple Avenue, Limerick",2025-09-05T16:09:01.000000,TRACE,GONEAWAY
80451,Sophia Wilson,"3 Hillcrest Road, Cork",2025-09-05T16:25:31.000000,LEGAL,LEG_NOT
32283,James Johnson,"41 Pine Road, Cork",2025-09-05T17:09:26.000000,LEGAL,HOLD FO
27543,John Jones,"90 Elm Street, Kilkenny",2025-09-06T04:31:06.000000,PAYING,PAY PROP
13206,Michael Brown,"71 Hillcrest Road, Sligo",2025-09-06T06:41:17.000000,OTHER,ARCHIVED
60048,Sophia Williams,"132 Hillcrest Road, Waterford",2025-09-06T07:23:39.000000,OTHER,ARCHIVED
19413,Sophia Jones,"52 Sunset Boulevard, Limerick",2025-09-06T08:25:33.000000,PAYING,PAY PROP
39175,Laura Wilson,"123 Elm Street, Kilkenny",2025-09-06T09:28:55.000000,INSOLVENCY,INS3
19372,Michael Johnson,"33 Maple Avenue, Belfast",2025-09-06T09:37:27.000000,SETTLED,SETTLED
12247,Laura Smith,"200 Pine Road, Dublin",2025-09-06T09:38:00.000000,INSOLVENCY,INS4
13206,Michael Brown,"71 Hillcrest Road, Sligo",2025-09-06T11:20:11.000000,INSOLVENCY,INS3
28504,Maria Jones,"169 Oak Street, Sligo",2025-09-06T13:13:39.000000,LEGAL,LEG VERIF 2
78633,James Davis,"20 Maple Avenue, Waterford",2025-09-06T14:44:25.000000,LEGAL,LEG_TIT
46588,Laura Miller,"68 Cedar Lane, Dublin",2025-09-06T17:31:46.000000,OTHER,ARCHIVED
47543,Alex Davis,"157 Sunset Boulevard, Cork",2025-09-06T18:55:47.000000,PAYING,PAY PROP
27497,John Garcia,"165 Maple Avenue, Limerick",2025-09-06T19:40:15.000000,COLLECTIONS,CANCEL2
76500,John Garcia,"176 Sunset Boulevard, Cork",2025-09-06T20:12:29.000000,SETTLED,SETTLED
96772,Laura Brown,"127 Oak Street, Dublin",2025-09-06T20:29:47.000000,PAYING,PAY CURR
86086,Laura Garcia,"68 Pine Road, Sligo",2025-09-06T20:47:27.000000,TRACE,GONEAWAY
23382,David Garcia,"142 Hillcrest Road, Galway",2025-09-06T21:11:40.000000,OTHER,ARCHIVED
48388,Alex Smith,"63 Hillcrest Road, Limerick",2025-09-06T23:37:47.000000,PAYING,PAY PROP
16402,Sarah Rodriguez,"146 Maple Avenue, Limerick",2025-09-07T00:29:33.000000,TRACE,GONEAWAY
86556,Michael Brown,"113 Elm Street, Kilkenny",2025-09-07T01:08:41.000000,COLLECTIONS,PAY OVER
47857,James Garcia,"133 Cedar Lane, Dublin",2025-09-07T01:15:22.000000,PAYING,PAY PROP
26696,Sarah Rodriguez,"73 Maple Avenue, Kilkenny",2025-09-07T02:12:39.000000,PAYING,PAY CURR
14567,Sophia Davis,"52 Elm Street, Belfast",2025-09-07T08:44:58.000000,COLLECTIONS,CASSIST2
51596,James Rodriguez,"150 Oak Street, Sligo",2025-09-07T09:21:19.000000,OTHER,ARCHIVED
17346,Daniel Wilson,"37 Riverside Drive, Limerick",2025-09-07T15:27:36.000000,OTHER,ARCHIVED
59791,Emma Martinez,"93 Elm Street, Cork",2025-09-07T16:54:00.000000,OTHER,ARCHIVED
31527,Sarah Garcia,"145 Oak Street, Kilkenny",2025-09-07T19:33:32.000000,COLLECTIONS,TELSOLUTIONS1
31933,David Williams,"15 Elm Street, Cork",2025-09-08T02:15:28.000000,COLLECTIONS,TELSOLUTIONS4
31903,Alex Brown,"183 Cedar Lane, Waterford",2025-09-08T07:51:06.000000,COLLECTIONS,TELSOLUTIONS1
71242,James Davis,"9 Hillcrest Road, Kilkenny",2025-09-09T04:41:23.000000,LEGAL,LEG VERIF 1
95230,Sophia Rodriguez,"48 Sunset Boulevard, Limerick",2025-09-09T08:47:18.000000,PAYING,PAY PROP
46986,James Martinez,"81 Hillcrest Road, Belfast",2025-09-09T09:46:37.000000,TRACE,GONEAWAY
27497,John Garcia,"165 Maple Avenue, Limerick",2025-09-09T10:57:57.000000,PAYING,PAY CURR
72758,Emma Brown,"197 Oak Street, Dublin",2025-09-09T19:44:05.000000,OTHER,ARCHIVED
19986,Alex Smith,"130 Oak Street, Galway",2025-09-09T23:35:14.000000,SETTLED,SETTLED
96035,Laura Garcia,"59 Maple Avenue, Sligo",2025-09-10T13:19:25.000000,SETTLED,SETTLED
94751,Emma Rodriguez,"158 Maple Avenue, Kilkenny",2025-09-11T00:51:14.000000,PAYING,PAY PROP
39629,Michael Jones,"178 Cedar Lane, Sligo",2025-09-11T01:43:26.000000,LEGAL,LEG_TIT
74894,Emma Garcia,"190 Sunset Boulevard, Belfast",2025-09-11T02:07:08.000000,OTHER,ARCHIVED
54885,Olivia Williams,"53 Riverside Drive, Galway",2025-09-11T02:40:50.000000,OTHER,ARCHIVED
87432,John Martinez,"107 Pine Road, Dublin",2025-09-11T03:01:05.000000,OTHER,ARCHIVED
99755,Michael Johnson,"45 Pine Road, Kilkenny",2025-09-11T07:46:56.000000,LEGAL,HOLD FO
34108,Laura Jones,"183 Pine Road, Galway",2025-09-11T08:09:11.000000,SETTLED,SETTLED
42252,Sophia Johnson,"150 Sunset Boulevard, Kilkenny",2025-09-11T13:15:34.000000,SETTLED,SETTLED
10180,Olivia Davis,"3 Elm Street, Limerick",2025-09-11T14:04:18.000000,PAYING,PAY PROP
78416,Laura Wilson,"31 Hillcrest Road, Limerick",2025-09-11T15:08:17.000000,SETTLED,SETTLED
98909,Michael Rodriguez,"83 Maple Avenue, Limerick",2025-09-11T15:10:28.000000,LEGAL,LEG_NOT
13416,Emma Wilson,"58 Pine Road, Dublin",2025-09-11T15:54:27.000000,OTHER,ARCHIVED
19413,Sophia Jones,"52 Sunset Boulevard, Limerick",2025-09-11T17:03:49.000000,COLLECTIONS,PAY OVER
57074,James Jones,"76 Sunset Boulevard, Dublin",2025-09-11T17:47:58.000000,SETTLED,SETTLED
66787,Alex Rodriguez,"26 Elm Street, Sligo",2025-09-11T21:53:44.000000,COLLECTIONS,PAY OVER
68126,Olivia Davis,"162 Maple Avenue, Limerick",2025-09-11T23:59:57.000000,SETTLED,SETTLED
65559,Sophia Miller,"7 Maple Avenue, Kilkenny",2025-09-13T01:09:40.000000,COLLECTIONS,CANCEL4
35861,David Johnson,"103 Cedar Lane, Galway",2025-09-13T06:29:45.000000,TRACE,GONEAWAY
94928,John Williams,"19 Pine Road, Belfast",2025-09-13T06:38:51.000000,PAYING,PAY PROP
74670,Laura Rodriguez,"189 Maple Avenue, Galway",2025-09-13T08:05:39.000000,SETTLED,SETTLED
63368,John Johnson,"56 Elm Street, Limerick",2025-09-13T08:45:27.000000,COLLECTIONS,PRIME_D
25733,David Brown,"63 Sunset Boulevard, Kilkenny",2025-09-13T09:18:59.000000,SETTLED,SETTLED
17993,Alex Smith,"170 Sunset Boulevard, Belfast",2025-09-13T10:38:24.000000,COLLECTIONS,CANCEL4
20307,James Williams,"149 Riverside Drive, Limerick",2025-09-13T12:56:25.000000,LEGAL,LEG_TIT
33347,David Jones,"157 Sunset Boulevard, Sligo",2025-09-13T13:23:57.000000,LEGAL,LEG VERIF 1
61582,David Garcia,"77 Riverside Drive, Belfast",2025-09-13T13:53:42.000000,LEGAL,HOLD FO
19523,Michael Wilson,"179 Elm Street, Sligo",2025-09-13T14:02:31.000000,TRACE,GONEAWAY
95157,Emma Jones,"67 Elm Street, Galway",2025-09-13T14:30:23.000000,COLLECTIONS,PRIME_D
73980,Laura Martinez,"92 Cedar Lane, Limerick",2025-09-13T14:35:44.000000,SETTLED,SETTLED
94751,Emma Rodriguez,"158 Maple Avenue, Kilkenny",2025-09-13T14:49:03.000000,TRACE,GONEAWAY
65428,David Jones,"35 Hillcrest Road, Limerick",2025-09-13T16:12:37.000000,SETTLED,SETTLED
41979,Daniel Williams,"168 Elm Street, Cork",2025-09-13T16:56:55.000000,SETTLED,SETTLED
66755,Laura Martinez,"93 Elm Street, Sligo",2025-09-13T17:54:41.000000,PAYING,PAY CURR
99755,Michael Johnson,"45 Pine Road, Kilkenny",2025-09-13T20:48:45.000000,LEGAL,LEG_NOT
52436,Michael Rodriguez,"82 Elm Street, Waterford",2025-09-13T21:00:51.000000,INSOLVENCY,INS2
39629,Michael Jones,"178 Cedar Lane, Sligo",2025-09-13T22:43:27.000000,TRACE,GONEAWAY
66463,John Wilson,"104 Sunset Boulevard, Kilkenny",2025-09-14T01:31:16.000000,LEGAL,LEG_TIT
42252,Sophia Johnson,"150 Sunset Boulevard, Kilkenny",2025-09-14T01:36:50.000000,PAYING,PAY CURR
31658,Alex Wilson,"73 Riverside Drive, Cork",2025-09-14T04:51:50.000000,COLLECTIONS,PAY OVER
13484,Maria Davis,"129 Cedar Lane, Galway",2025-09-14T09:54:05.000000,LEGAL,LEG VERIF 2
64136,Laura Garcia,"146 Cedar Lane, Sligo",2025-09-14T15:19:27.000000,PAYING,PAY CURR
52436,Michael Rodriguez,"82 Elm Street, Waterford",2025-09-14T16:38:28.000000,COLLECTIONS,TELSOLUTIONS4
83620,David Wilson,"122 Pine Road, Waterford",2025-09-14T21:45:38.000000,INSOLVENCY,INS4
13124,David Rodriguez,"90 Elm Street, Waterford",2025-09-15T04:00:10.000000,PAYING,PAY PROP
33376,Emma Smith,"35 Sunset Boulevard, Kilkenny",2025-09-15T05:57:02.000000,COLLECTIONS,TELSOLUTIONS1
34083,Michael Davis,"37 Hillcrest Road, Cork",2025-09-15T07:33:37.000000,LEGAL,LEG_TIT
25726,Olivia Davis,"144 Riverside Drive, Galway",2025-09-15T07:39:16.000000,OTHER,ARCHIVED
59940,James Smith,"74 Elm Street, Kilkenny",2025-09-15T07:46:43.000000,COLLECTIONS,TELSOLUTIONS1
21453,John Garcia,"90 Sunset Boulevard, Waterford",2025-09-15T12:43:06.000000,OTHER,ARCHIVED
33057,Olivia Jones,"21 Hillcrest Road, Cork",2025-09-15T14:06:03.000000,OTHER,ARCHIVED
52017,Maria Wilson,"152 Riverside Drive, Sligo",2025-09-15T14:56:44.000000,OTHER,ARCHIVED
32283,James Johnson,"41 Pine Road, Cork",2025-09-15T15:08:39.000000,LEGAL,LEG VERIF 1
53016,Laura Johnson,"197 Oak Street, Belfast",2025-09-15T16:06:32.000000,PAYING,PAY CURR
74894,Emma Garcia,"190 Sunset Boulevard, Belfast",2025-09-15T18:30:58.000000,LEGAL,HOLD FO
17670,Daniel Smith,"186 Hillcrest Road, Cork",2025-09-15T20:13:53.000000,INSOLVENCY,INS4
71125,John Brown,"136 Maple Avenue, Kilkenny",2025-09-15T21:34:04.000000,PAYING,PAY PROP
89178,Daniel Garcia,"76 Cedar Lane, Galway",2025-09-15T21:43:33.000000,LEGAL,LEG VERIF 1
62495,Olivia Miller,"154 Elm Street, Limerick",2025-09-15T21:43:45.000000,TRACE,GONEAWAY
35861,David Johnson,"103 Cedar Lane, Galway",2025-09-15T22:46:47.000000,PAYING,PAY PROP
91710,Olivia Williams,"53 Sunset Boulevard, Limerick",2025-09-15T23:01:13.000000,INSOLVENCY,INSP
55047,James Martinez,"78 Pine Road, Waterford",2025-09-16T01:42:54.000000,SETTLED,SETTLED
82007,Sarah Williams,"99 Oak Street, Cork",2025-09-16T02:04:03.000000,SETTLED,SETTLED
37744,Sophia Miller,"115 Oak Street, Limerick",2025-09-16T02:52:34.000000,COLLECTIONS,CANCEL2
66106,Michael Davis,"56 Pine Road, Galway",2025-09-16T11:32:14.000000,SETTLED,SETTLED
25633,Daniel Williams,"32 Sunset Boulevard, Sligo",2025-09-16T12:17:54.000000,SETTLED,SETTLED
61934,Sarah Johnson,"36 Maple Avenue, Cork",2025-09-16T13:07:35.000000,COLLECTIONS,CANCEL2
29593,Laura Jones,"9 Cedar Lane, Dublin",2025-09-16T14:25:20.000000,OTHER,ARCHIVED
89612,Daniel Jones,"194 Cedar Lane, Cork",2025-09-16T16:11:13.000000,INSOLVENCY,INSP
31658,Alex Wilson,"73 Riverside Drive, Cork",2025-09-16T17:48:19.000000,SETTLED,SETTLED
74104,Sarah Rodriguez,"106 Riverside Drive, Kilkenny",2025-09-16T18:35:35.000000,COLLECTIONS,CANCEL4
54296,Alex Garcia,"135 Oak Street, Belfast",2025-09-16T18:55:50.000000,COLLECTIONS,CANCEL2
30746,Alex Miller,"32 Oak Street, Cork",2025-09-16T22:34:36.000000,INSOLVENCY,INS2
52137,David Brown,"158 Cedar Lane, Sligo",2025-09-16T23:37:21.000000,COLLECTIONS,CANCEL2
51216,Olivia Martinez,"180 Pine Road, Waterford",2025-09-17T02:56:02.000000,LEGAL,LEG_TIT
34002,James Johnson,"200 Oak Street, Waterford",2025-09-17T04:37:02.000000,LEGAL,LEG VERIF 2
95274,Laura Jones,"120 Maple Avenue, Kilkenny",2025-09-17T08:57:24.000000,LEGAL,HOLD FO
13664,Emma Wilson,"1 Cedar Lane, Galway",2025-09-17T14:13:09.000000,PAYING,PAY CURR
61279,Maria Smith,"51 Maple Avenue, Dublin",2025-09-17T18:36:16.000000,INSOLVENCY,INS2
62595,Sarah Davis,"25 Pine Road, Sligo",2025-09-17T20:06:51.000000,PAYING,PAY CURR
32283,James Johnson,"41 Pine Road, Cork",2025-09-17T21:35:07.000000,PAYING,PAY CURR
62595,Sarah Davis,"25 Pine Road, Sligo",2025-09-17T21:59:44.000000,LEGAL,LEG_NOT
11916,John Miller,"42 Cedar Lane, Kilkenny",2025-09-18T01:37:24.000000,TRACE,GONEAWAY
44286,Sophia Davis,"160 Cedar Lane, Cork",2025-09-18T02:28:31.000000,INSOLVENCY,INS1
82269,Maria Martinez,"175 Oak Street, Galway",2025-09-18T04:30:08.000000,PAYING,PAY PROP
58120,Alex Jones,"138 Riverside Drive, Kilkenny",2025-09-18T07:16:31.000000,SETTLED,SETTLED
34083,Michael Davis,"37 Hillcrest Road, Cork",2025-09-18T08:32:26.000000,PAYING,PAY CURR
54341,Michael Davis,"164 Maple Avenue, Belfast",2025-09-18T10:13:18.000000,TRACE,GONEAWAY
54765,Daniel Johnson,"88 Maple Avenue, Galway",2025-09-18T12:22:10.000000,INSOLVENCY,INS1
59502,Emma Garcia,"105 Hillcrest Road, Cork",2025-09-18T14:33:57.000000,OTHER,ARCHIVED
52436,Michael Rodriguez,"82 Elm Street, Waterford",2025-09-18T16:27:06.000000,INSOLVENCY,INS2
35227,Emma Brown,"44 Hillcrest Road, Sligo",2025-09-18T17:27:59.000000,TRACE,GONEAWAY
54123,Olivia Rodriguez,"79 Pine Road, Limerick",2025-09-18T19:10:36.000000,PAYING,PAY CURR
42371,David Williams,"102 Elm Street, Belfast",2025-09-18T19:46:29.000000,PAYING,PAY PROP
60663,Maria Smith,"86 Hillcrest Road, Cork",2025-09-18T20:01:40.000000,OTHER,ARCHIVED
64713,John Johnson,"87 Oak Street, Belfast",2025-09-18T20:59:24.000000,INSOLVENCY,INS1
81675,Alex Smith,"53 Maple Avenue, Kilkenny",2025-09-18T22:03:32.000000,OTHER,ARCHIVED
93809,Sophia Brown,"68 Riverside Drive, Dublin",2025-09-19T15:16:25.000000,OTHER,ARCHIVED
62106,Laura Brown,"183 Riverside Drive, Galway",2025-09-20T01:00:47.000000,OTHER,ARCHIVED
13883,David Smith,"74 Sunset Boulevard, Cork",2025-09-20T01:21:54.000000,COLLECTIONS,PRIME
35504,Daniel Garcia,"53 Cedar Lane, Kilkenny",2025-09-20T01:49:36.000000,COLLECTIONS,PAY OVER
97132,Sophia Jones,"183 Oak Street, Belfast",2025-09-20T05:47:48.000000,INSOLVENCY,INS1
93496,Emma Miller,"55 Sunset Boulevard, Sligo",2025-09-20T07:17:01.000000,INSOLVENCY,INS2
31233,Daniel Wilson,"55 Maple Avenue, Waterford",2025-09-20T08:57:08.000000,LEGAL,LEG VERIF 1
41546,David Williams,"178 Sunset Boulevard, Cork",2025-09-20T09:06:45.000000,INSOLVENCY,INS2
91658,Olivia Davis,"106 Cedar Lane, Sligo",2025-09-20T10:01:07.000000,INSOLVENCY,INSP
31658,Alex Wilson,"73 Riverside Drive, Cork",2025-09-20T10:38:26.000000,SETTLED,SETTLED
10180,Olivia Davis,"3 Elm Street, Limerick",2025-09-20T12:06:00.000000,TRACE,GONEAWAY
44060,Sarah Davis,"151 Cedar Lane, Kilkenny",2025-09-20T12:15:41.000000,COLLECTIONS,TELSOLUTIONS4
30817,Daniel Johnson,"134 Hillcrest Road, Limerick",2025-09-20T15:00:34.000000,TRACE,GONEAWAY
14184,Olivia Jones,"24 Oak Street, Dublin",2025-09-20T15:18:00.000000,TRACE,GONEAWAY
55886,Daniel Jones,"57 Maple Avenue, Belfast",2025-09-20T15:57:37.000000,SETTLED,SETTLED
86556,Michael Brown,"113 Elm Street, Kilkenny",2025-09-20T18:03:11.000000,TRACE,GONEAWAY
20507,Olivia Rodriguez,"17 Maple Avenue, Dublin",2025-09-20T18:23:51.000000,INSOLVENCY,INSP
37988,Olivia Martinez,"80 Sunset Boulevard, Belfast",2025-09-20T19:00:11.000000,SETTLED,SETTLED
91402,Alex Rodriguez,"161 Hillcrest Road, Dublin",2025-09-20T20:22:00.000000,LEGAL,LEG_NOT
13356,James Jones,"85 Cedar Lane, Cork",2025-09-20T20:59:27.000000,SETTLED,SETTLED
59505,Daniel Wilson,"113 Pine Road, Limerick",2025-09-21T00:49:38.000000,COLLECTIONS,TELSOLUTIONS4
66106,Michael Davis,"56 Pine Road, Galway",2025-09-21T01:02:08.000000,PAYING,PAY PROP
52137,David Brown,"158 Cedar Lane, Sligo",2025-09-21T02:00:24.000000,INSOLVENCY,INS2
18486,Olivia Rodriguez,"20 Oak Street, Dublin",2025-09-21T05:18:46.000000,SETTLED,SETTLED
83620,David Wilson,"122 Pine Road, Waterford",2025-09-21T05:25:15.000000,SETTLED,SETTLED
23780,David Williams,"197 Hillcrest Road, Cork",2025-09-21T07:08:48.000000,SETTLED,SETTLED
46369,Emma Jones,"85 Sunset Boulevard, Sligo",2025-09-21T09:41:17.000000,TRACE,GONEAWAY
83051,James Miller,"200 Hillcrest Road, Waterford",2025-09-21T12:37:54.000000,TRACE,GONEAWAY
27543,John Jones,"90 Elm Street, Kilkenny",2025-09-21T13:10:37.000000,COLLECTIONS,TELSOLUTIONS1
42494,Olivia Rodriguez,"146 Pine Road, Waterford",2025-09-21T15:02:16.000000,COLLECTIONS,CASSIST2
68126,Olivia Davis,"162 Maple Avenue, Limerick",2025-09-21T15:58:50.000000,COLLECTIONS,PAY OVER
72838,Laura Martinez,"18 Elm Street, Waterford",2025-09-21T19:52:38.000000,INSOLVENCY,INS1
10506,David Jones,"106 Pine Road, Waterford",2025-09-21T20:45:46.000000,OTHER,ARCHIVED
22047,James Jones,"37 Sunset Boulevard, Belfast",2025-09-21T21:29:40.000000,SETTLED,SETTLED
32552,Sophia Smith,"145 Cedar Lane, Cork",2025-09-22T00:01:16.000000,LEGAL,HOLD FO
62692,Maria Miller,"186 Maple Avenue, Sligo",2025-09-22T01:02:32.000000,PAYING,PAY PROP
37628,Maria Johnson,"30 Pine Road, Cork",2025-09-22T01:18:32.000000,OTHER,ARCHIVED
47532,Sophia Jones,"89 Riverside Drive, Sligo",2025-09-22T01:36:31.000000,LEGAL,LEG_NOT
67443,Sarah Brown,"134 Cedar Lane, Galway",2025-09-22T02:30:06.000000,COLLECTIONS,PAY OVER
60840,James Miller,"74 Riverside Drive, Limerick",2025-09-22T05:11:19.000000,COLLECTIONS,TELSOLUTIONS4
97989,David Williams,"177 Pine Road, Kilkenny",2025-09-22T08:49:57.000000,INSOLVENCY,INSP
66755,Laura Martinez,"93 Elm Street, Sligo",2025-09-22T08:55:54.000000,SETTLED,SETTLED
89612,Daniel Jones,"194 Cedar Lane, Cork",2025-09-22T09:27:25.000000,OTHER,ARCHIVED
28442,Emma Rodriguez,"145 Elm Street, Dublin",2025-09-22T10:55:37.000000,LEGAL,LEG_TIT
36810,Maria Martinez,"81 Riverside Drive, Belfast",2025-09-22T12:27:52.000000,INSOLVENCY,INS3
67396,Maria Johnson,"32 Riverside Drive, Sligo",2025-09-22T14:25:41.000000,COLLECTIONS,CASSIST2
18486,Olivia Rodriguez,"20 Oak Street, Dublin",2025-09-22T14:57:12.000000,LEGAL,LEG VERIF 1
39116,Olivia Johnson,"62 Oak Street, Cork",2025-09-22T16:23:57.000000,OTHER,ARCHIVED
41740,John Johnson,"78 Cedar Lane, Dublin",2025-09-22T16:55:06.000000,SETTLED,SETTLED
25635,David Martinez,"75 Maple Avenue, Galway",2025-09-22T17:38:31.000000,SETTLED,SETTLED
88716,Emma Rodriguez,"113 Cedar Lane, Galway",2025-09-22T17:48:22.000000,SETTLED,SETTLED
56539,Sophia Smith,"11 Riverside Drive, Cork",2025-09-22T21:49:44.000000,SETTLED,SETTLED
82007,Sarah Williams,"99 Oak Street, Cork",2025-09-22T21:58:33.000000,OTHER,ARCHIVED
24762,Laura Williams,"139 Sunset Boulevard, Sligo",2025-09-23T03:58:46.000000,INSOLVENCY,INS3
34002,James Johnson,"200 Oak Street, Waterford",2025-09-23T16:47:21.000000,PAYING,PAY PROP
61708,John Davis,"142 Elm Street, Dublin",2025-09-23T22:57:38.000000,LEGAL,LEG_NOT
91331,Olivia Rodriguez,"24 Cedar Lane, Dublin",2025-09-24T01:21:31.000000,INSOLVENCY,INS3
95230,Sophia Rodriguez,"48 Sunset Boulevard, Limerick",2025-09-24T03:15:23.000000,OTHER,ARCHIVED
90725,David Williams,"35 Oak Street, Cork",2025-09-24T05:14:22.000000,OTHER,ARCHIVED
13416,Emma Wilson,"58 Pine Road, Dublin",2025-09-24T07:01:08.000000,INSOLVENCY,INSP
14184,Olivia Jones,"24 Oak Street, Dublin",2025-09-24T07:48:37.000000,SETTLED,SETTLED
16628,Sarah Rodriguez,"164 Pine Road, Galway",2025-09-24T10:22:20.000000,INSOLVENCY,INS4
94928,John Williams,"19 Pine Road, Belfast",2025-09-24T11:13:04.000000,TRACE,GONEAWAY
13883,David Smith,"74 Sunset Boulevard, Cork",2025-09-24T12:09:08.000000,COLLECTIONS,PAY OVER
52219,David Davis,"157 Oak Street, Kilkenny",2025-09-24T14:00:03.000000,INSOLVENCY,INS3
83943,David Wilson,"188 Cedar Lane, Belfast",2025-09-24T14:00:49.000000,TRACE,GONEAWAY
74428,Laura Martinez,"15 Cedar Lane, Kilkenny",2025-09-24T17:32:07.000000,SETTLED,SETTLED
42747,Sarah Brown,"179 Hillcrest Road, Waterford",2025-09-24T17:48:22.000000,INSOLVENCY,INS1
44502,Maria Williams,"27 Elm Street, Kilkenny",2025-09-24T19:20:26.000000,LEGAL,LEG VERIF 2
17948,Alex Martinez,"128 Riverside Drive, Kilkenny",2025-09-24T19:27:58.000000,TRACE,GONEAWAY
94751,Emma Rodriguez,"158 Maple Avenue, Kilkenny",2025-09-24T19:43:04.000000,PAYING,PAY PROP
84256,Sarah Brown,"185 Elm Street, Waterford",2025-09-24T21:15:33.000000,COLLECTIONS,TELSOLUTIONS4
85466,David Williams,"131 Cedar Lane, Dublin",2025-09-25T01:29:25.000000,PAYING,PAY PROP
73980,Laura Martinez,"92 Cedar Lane, Limerick",2025-09-26T03:55:57.000000,OTHER,ARCHIVED
94928,John Williams,"19 Pine Road, Belfast",2025-09-26T08:37:52.000000,OTHER,ARCHIVED
92221,David Garcia,"125 Sunset Boulevard, Sligo",2025-09-26T10:04:08.000000,SETTLED,SETTLED
38621,John Wilson,"37 Maple Avenue, Dublin",2025-09-26T14:41:10.000000,PAYING,PAY CURR
10585,Michael Davis,"71 Riverside Drive, Belfast",2025-09-26T16:08:37.000000,COLLECTIONS,PAY OVER
98254,Sarah Rodriguez,"3 Pine Road, Sligo",2025-09-27T12:16:40.000000,LEGAL,LEG VERIF 1
95599,Michael Wilson,"70 Maple Avenue, Sligo",2025-09-28T03:46:42.000000,PAYING,PAY PROP
88716,Emma Rodriguez,"113 Cedar Lane, Galway",2025-09-28T14:06:26.000000,COLLECTIONS,CASSIST2
40198,Alex Williams,"6 Maple Avenue, Kilkenny",2025-09-28T15:06:25.000000,OTHER,ARCHIVED
89637,Olivia Smith,"50 Cedar Lane, Dublin",2025-09-28T16:04:04.000000,TRACE,GONEAWAY
74104,Sarah Rodriguez,"106 Riverside Drive, Kilkenny",2025-09-28T17:23:32.000000,INSOLVENCY,INS3
76500,John Garcia,"176 Sunset Boulevard, Cork",2025-09-30T02:26:15.000000,COLLECTIONS,PAY OVER
46545,David Davis,"101 Sunset Boulevard, Waterford",2025-09-30T02:58:05.000000,TRACE,GONEAWAY
98849,Laura Wilson,"152 Oak Street, Cork",2025-09-30T06:20:07.000000,COLLECTIONS,TELSOLUTIONS1
50515,Sarah Miller,"153 Pine Road, Limerick",2025-09-30T09:26:07.000000,TRACE,GONEAWAY
59791,Emma Martinez,"93 Elm Street, Cork",2025-09-30T09:30:39.000000,SETTLED,SETTLED
63848,Emma Williams,"57 Oak Street, Limerick",2025-09-30T10:29:54.000000,TRACE,GONEAWAY
95230,Sophia Rodriguez,"48 Sunset Boulevard, Limerick",2025-09-30T14:46:21.000000,OTHER,ARCHIVED
32252,Michael Brown,"111 Elm Street, Belfast",2025-09-30T15:05:15.000000,PAYING,PAY CURR
89082,Michael Smith,"188 Hillcrest Road, Belfast",2025-09-30T17:21:18.000000,INSOLVENCY,INS3
47857,James Garcia,"133 Cedar Lane, Dublin",2025-09-30T19:28:58.000000,PAYING,PAY PROP
85869,Sarah Miller,"159 Pine Road, Sligo",2025-10-01T02:26:49.000000,COLLECTIONS,CANCEL2
93809,Sophia Brown,"68 Riverside Drive, Dublin",2025-10-01T03:17:51.000000,INSOLVENCY,INS3
62345,Laura Miller,"189 Cedar Lane, Cork",2025-10-01T04:52:20.000000,INSOLVENCY,INS2
13861,David Smith,"185 Maple Avenue, Dublin",2025-10-01T04:53:39.000000,INSOLVENCY,INS2
42252,Sophia Johnson,"150 Sunset Boulevard, Kilkenny",2025-10-01T05:03:22.000000,COLLECTIONS,TELSOLUTIONS1
22385,Sarah Davis,"64 Sunset Boulevard, Dublin",2025-10-01T06:01:33.000000,PAYING,PAY PROP
60001,Alex Brown,"57 Cedar Lane, Kilkenny",2025-10-01T06:50:43.000000,INSOLVENCY,INS4
62106,Laura Brown,"183 Riverside Drive, Galway",2025-10-01T10:17:17.000000,SETTLED,SETTLED
68126,Olivia Davis,"162 Maple Avenue, Limerick",2025-10-01T11:28:51.000000,OTHER,ARCHIVED
32252,Michael Brown,"111 Elm Street, Belfast",2025-10-01T14:10:08.000000,OTHER,ARCHIVED
91142,Michael Rodriguez,"159 Pine Road, Waterford",2025-10-01T15:58:27.000000,SETTLED,SETTLED
29836,John Johnson,"74 Sunset Boulevard, Waterford",2025-10-01T16:22:53.000000,COLLECTIONS,TELSOLUTIONS4
13057,David Williams,"64 Elm Street, Cork",2025-10-01T19:04:30.000000,SETTLED,SETTLED
21399,David Williams,"41 Pine Road, Sligo",2025-10-01T21:08:22.000000,LEGAL,LEG VERIF 1
72758,Emma Brown,"197 Oak Street, Dublin",2025-10-01T21:19:22.000000,INSOLVENCY,INS4
20307,James Williams,"149 Riverside Drive, Limerick",2025-10-02T07:39:20.000000,PAYING,PAY CURR
43314,Michael Miller,"13 Elm Street, Belfast",2025-10-02T11:33:31.000000,COLLECTIONS,PRIME
19086,Laura Brown,"88 Cedar Lane, Sligo",2025-10-02T13:18:26.000000,INSOLVENCY,INSP
54275,Alex Jones,"90 Oak Street, Sligo",2025-10-02T15:21:01.000000,PAYING,PAY PROP
34177,Sarah Jones,"63 Hillcrest Road, Limerick",2025-10-02T15:30:35.000000,INSOLVENCY,INS1
43403,Laura Brown,"183 Hillcrest Road, Dublin",2025-10-02T19:09:02.000000,LEGAL,LEG_TIT
77426,Alex Miller,"136 Elm Street, Dublin",2025-10-03T03:13:23.000000,LEGAL,LEG_NOT
98909,Michael Rodriguez,"83 Maple Avenue, Limerick",2025-10-03T05:21:55.000000,INSOLVENCY,INS1
95157,Emma Jones,"67 Elm Street, Galway",2025-10-03T05:26:50.000000,OTHER,ARCHIVED
49999,James Miller,"47 Riverside Drive, Limerick",2025-10-03T06:09:54.000000,OTHER,ARCHIVED
94956,Alex Jones,"144 Riverside Drive, Limerick",2025-10-03T09:24:49.000000,SETTLED,SETTLED
19372,Michael Johnson,"33 Maple Avenue, Belfast",2025-10-03T09:46:32.000000,COLLECTIONS,PAY OVER
85466,David Williams,"131 Cedar Lane, Dublin",2025-10-03T15:46:21.000000,SETTLED,SETTLED
83652,Maria Brown,"121 Elm Street, Limerick",2025-10-03T16:00:27.000000,TRACE,GONEAWAY
63099,Alex Martinez,"170 Elm Street, Kilkenny",2025-10-03T17:55:09.000000,SETTLED,SETTLED
62345,Laura Miller,"189 Cedar Lane, Cork",2025-10-03T20:17:35.000000,SETTLED,SETTLED
67396,Maria Johnson,"32 Riverside Drive, Sligo",2025-10-03T20:26:19.000000,OTHER,ARCHIVED
64136,Laura Garcia,"146 Cedar Lane, Sligo",2025-10-03T20:42:15.000000,COLLECTIONS,PRIME_D
23982,James Jones,"81 Pine Road, Kilkenny",2025-10-03T22:03:38.000000,OTHER,ARCHIVED
47862,James Williams,"77 Riverside Drive, Galway",2025-10-04T01:00:16.000000,PAYING,PAY CURR
11254,Maria Brown,"48 Elm Street, Kilkenny",2025-10-04T01:05:31.000000,PAYING,PAY PROP
11916,John Miller,"42 Cedar Lane, Kilkenny",2025-10-04T03:40:59.000000,COLLECTIONS,PAY OVER
68436,Emma Johnson,"189 Oak Street, Cork",2025-10-04T04:33:48.000000,SETTLED,SETTLED
87921,Alex Brown,"3 Hillcrest Road, Galway",2025-10-04T04:58:03.000000,LEGAL,LEG_TIT
28382,Daniel Miller,"64 Maple Avenue, Kilkenny",2025-10-04T05:36:42.000000,INSOLVENCY,INSP
98172,Emma Williams,"110 Cedar Lane, Limerick",2025-10-04T10:30:35.000000,OTHER,ARCHIVED
67687,Maria Martinez,"196 Riverside Drive, Belfast",2025-10-04T11:52:49.000000,PAYING,PAY CURR
28442,Emma Rodriguez,"145 Elm Street, Dublin",2025-10-04T12:33:55.000000,PAYING,PAY CURR
45393,Emma Wilson,"84 Sunset Boulevard, Galway",2025-10-04T13:37:36.000000,OTHER,ARCHIVED
46662,Michael Johnson,"87 Elm Street, Kilkenny",2025-10-04T15:27:59.000000,OTHER,ARCHIVED
40733,Daniel Miller,"77 Cedar Lane, Belfast",2025-10-04T15:35:45.000000,TRACE,GONEAWAY
26066,James Jones,"161 Pine Road, Waterford",2025-10-04T16:58:11.000000,TRACE,GONEAWAY
95599,Michael Wilson,"70 Maple Avenue, Sligo",2025-10-04T21:05:07.000000,LEGAL,LEG VERIF 1
86556,Michael Brown,"113 Elm Street, Kilkenny",2025-10-04T22:03:53.000000,TRACE,GONEAWAY
55047,James Martinez,"78 Pine Road, Waterford",2025-10-05T00:11:05.000000,INSOLVENCY,INS2
32252,Michael Brown,"111 Elm Street, Belfast",2025-10-05T00:30:11.000000,TRACE,GONEAWAY
69313,Alex Davis,"143 Riverside Drive, Cork",2025-10-05T04:27:28.000000,PAYING,PAY CURR
62595,Sarah Davis,"25 Pine Road, Sligo",2025-10-05T05:31:05.000000,INSOLVENCY,INS4
63099,Alex Martinez,"170 Elm Street, Kilkenny",2025-10-05T05:57:31.000000,SETTLED,SETTLED
55044,Emma Wilson,"74 Riverside Drive, Galway",2025-10-05T07:57:50.000000,LEGAL,HOLD FO
36810,Maria Martinez,"81 Riverside Drive, Belfast",2025-10-05T08:03:07.000000,TRACE,GONEAWAY
52017,Maria Wilson,"152 Riverside Drive, Sligo",2025-10-05T08:33:43.000000,PAYING,PAY CURR
58434,James Rodriguez,"134 Maple Avenue, Belfast",2025-10-05T11:26:01.000000,TRACE,GONEAWAY
77513,Laura Smith,"35 Hillcrest Road, Belfast",2025-10-05T15:49:55.000000,TRACE,GONEAWAY
26096,Sarah Jones,"154 Elm Street, Sligo",2025-10-05T15:51:51.000000,OTHER,ARCHIVED
58064,Emma Williams,"123 Elm Street, Waterford",2025-10-05T17:37:55.000000,TRACE,GONEAWAY
39629,Michael Jones,"178 Cedar Lane, Sligo",2025-10-05T18:03:42.000000,INSOLVENCY,INS4
73556,Emma Rodriguez,"154 Oak Street, Belfast",2025-10-05T19:35:39.000000,SETTLED,SETTLED
37781,David Wilson,"105 Riverside Drive, Belfast",2025-10-05T21:08:30.000000,TRACE,GONEAWAY
62836,Sarah Brown,"85 Pine Road, Sligo",2025-10-05T21:58:39.000000,OTHER,ARCHIVED
82789,Maria Garcia,"57 Oak Street, Galway",2025-10-06T00:02:39.000000,OTHER,ARCHIVED
26232,Daniel Davis,"106 Pine Road, Belfast",2025-10-06T01:40:15.000000,COLLECTIONS,PRIME_D
42247,Alex Jones,"21 Cedar Lane, Waterford",2025-10-06T02:13:26.000000,TRACE,GONEAWAY
40540,Daniel Martinez,"168 Pine Road, Cork",2025-10-06T03:37:40.000000,TRACE,GONEAWAY
64713,John Johnson,"87 Oak Street, Belfast",2025-10-06T04:11:37.000000,COLLECTIONS,CANCEL4
59791,Emma Martinez,"93 Elm Street, Cork",2025-10-06T04:33:53.000000,INSOLVENCY,INS4
93496,Emma Miller,"55 Sunset Boulevard, Sligo",2025-10-06T05:49:25.000000,OTHER,ARCHIVED
91537,David Martinez,"163 Pine Road, Sligo",2025-10-06T05:57:53.000000,SETTLED,SETTLED
37988,Olivia Martinez,"80 Sunset Boulevard, Belfast",2025-10-06T06:44:39.000000,COLLECTIONS,TELSOLUTIONS4
77917,Laura Miller,"68 Hillcrest Road, Sligo",2025-10-06T07:12:50.000000,PAYING,PAY PROP
14567,Sophia Davis,"52 Elm Street, Belfast",2025-10-06T08:39:56.000000,OTHER,ARCHIVED
11356,Maria Williams,"147 Oak Street, Galway",2025-10-06T09:30:33.000000,COLLECTIONS,TELSOLUTIONS4
26742,Laura Miller,"18 Maple Avenue, Waterford",2025-10-06T09:31:55.000000,COLLECTIONS,PRIME_D
47862,James Williams,"77 Riverside Drive, Galway",2025-10-06T11:16:02.000000,LEGAL,LEG_NOT
35504,Daniel Garcia,"53 Cedar Lane, Kilkenny",2025-10-06T11:37:18.000000,OTHER,ARCHIVED
10869,John Williams,"5 Hillcrest Road, Dublin",2025-10-06T12:55:45.000000,COLLECTIONS,TELSOLUTIONS4
52137,David Brown,"158 Cedar Lane, Sligo",2025-10-06T15:10:00.000000,INSOLVENCY,INS2
97661,Laura Williams,"148 Oak Street, Limerick",2025-10-06T16:53:21.000000,LEGAL,LEG VERIF 1
76500,John Garcia,"176 Sunset Boulevard, Cork",2025-10-06T17:28:21.000000,PAYING,PAY CURR
44286,Sophia Davis,"160 Cedar Lane, Cork",2025-10-06T23:51:37.000000,INSOLVENCY,INS1
16402,Sarah Rodriguez,"146 Maple Avenue, Limerick",2025-10-07T00:22:43.000000,TRACE,GONEAWAY
82526,John Davis,"136 Riverside Drive, Galway",2025-10-07T07:11:32.000000,SETTLED,SETTLED
54549,Olivia Miller,"41 Hillcrest Road, Kilkenny",2025-10-07T10:17:40.000000,TRACE,GONEAWAY
95324,Emma Brown,"136 Cedar Lane, Sligo",2025-10-07T13:54:47.000000,PAYING,PAY PROP
28504,Maria Jones,"169 Oak Street, Sligo",2025-10-07T16:11:11.000000,COLLECTIONS,PAY OVER
34083,Michael Davis,"37 Hillcrest Road, Cork",2025-10-07T20:12:22.000000,INSOLVENCY,INS2
21415,David Jones,"172 Maple Avenue, Kilkenny",2025-10-07T21:14:42.000000,SETTLED,SETTLED
14184,Olivia Jones,"24 Oak Street, Dublin",2025-10-07T23:11:09.000000,SETTLED,SETTLED
31233,Daniel Wilson,"55 Maple Avenue, Waterford",2025-10-08T01:28:19.000000,COLLECTIONS,PAY OVER
60048,Sophia Williams,"132 Hillcrest Road, Waterford",2025-10-08T04:49:24.000000,PAYING,PAY CURR
81469,Sarah Johnson,"130 Elm Street, Belfast",2025-10-08T05:36:13.000000,LEGAL,LEG_NOT
27223,Sophia Rodriguez,"165 Cedar Lane, Kilkenny",2025-10-08T07:58:10.000000,COLLECTIONS,TELSOLUTIONS1
48354,Michael Smith,"186 Sunset Boulevard, Kilkenny",2025-10-08T12:11:59.000000,OTHER,ARCHIVED
66755,Laura Martinez,"93 Elm Street, Sligo",2025-10-08T15:41:38.000000,OTHER,ARCHIVED
44060,Sarah Davis,"151 Cedar Lane, Kilkenny",2025-10-08T16:10:53.000000,LEGAL,LEG_NOT
87432,John Martinez,"107 Pine Road, Dublin",2025-10-08T19:35:14.000000,OTHER,ARCHIVED
42252,Sophia Johnson,"150 Sunset Boulevard, Kilkenny",2025-10-08T19:42:49.000000,COLLECTIONS,TELSOLUTIONS4
17993,Alex Smith,"170 Sunset Boulevard, Belfast",2025-10-08T19:53:23.000000,COLLECTIONS,TELSOLUTIONS1
91710,Olivia Williams,"53 Sunset Boulevard, Limerick",2025-10-08T21:20:09.000000,LEGAL,HOLD FO
27800,Olivia Davis,"28 Sunset Boulevard, Waterford",2025-10-08T23:58:04.000000,LEGAL,LEG_NOT
91537,David Martinez,"163 Pine Road, Sligo",2025-10-10T06:38:09.000000,INSOLVENCY,INS3
13124,David Rodriguez,"90 Elm Street, Waterford",2025-10-10T13:01:58.000000,SETTLED,SETTLED
86015,Sarah Miller,"151 Sunset Boulevard, Kilkenny",2025-10-10T19:40:45.000000,LEGAL,LEG_TIT
63223,Daniel Smith,"39 Oak Street, Kilkenny",2025-10-10T20:56:07.000000,TRACE,GONEAWAY
40856,Alex Rodriguez,"39 Elm Street, Sligo",2025-10-12T07:26:07.000000,TRACE,GONEAWAY
78078,John Miller,"48 Riverside Drive, Limerick",2025-10-12T11:06:11.000000,COLLECTIONS,CANCEL2
43108,Maria Martinez,"109 Sunset Boulevard, Kilkenny",2025-10-12T15:33:06.000000,TRACE,GONEAWAY
54885,Olivia Williams,"53 Riverside Drive, Galway",2025-10-12T19:49:58.000000,SETTLED,SETTLED
89946,John Brown,"125 Maple Avenue, Cork",2025-10-13T03:35:03.000000,INSOLVENCY,INSP
28382,Daniel Miller,"64 Maple Avenue, Kilkenny",2025-10-13T08:38:08.000000,TRACE,GONEAWAY
19675,James Davis,"154 Hillcrest Road, Dublin",2025-10-13T08:52:12.000000,SETTLED,SETTLED
33783,Emma Garcia,"158 Cedar Lane, Belfast",2025-10-13T10:33:49.000000,PAYING,PAY PROP
17413,Emma Martinez,"195 Riverside Drive, Kilkenny",2025-10-13T10:44:33.000000,SETTLED,SETTLED
99694,Sophia Rodriguez,"10 Elm Street, Belfast",2025-10-13T15:03:01.000000,TRACE,GONEAWAY
96772,Laura Brown,"127 Oak Street, Dublin",2025-10-13T15:06:52.000000,TRACE,GONEAWAY
97989,David Williams,"177 Pine Road, Kilkenny",2025-10-13T15:51:39.000000,LEGAL,HOLD FO
49823,Alex Jones,"1 Maple Avenue, Belfast",2025-10-14T01:00:49.000000,OTHER,ARCHIVED
10388,Laura Garcia,"58 Elm Street, Dublin",2025-10-14T01:27:00.000000,PAYING,PAY CURR
39629,Michael Jones,"178 Cedar Lane, Sligo",2025-10-14T01:50:10.000000,TRACE,GONEAWAY
26066,James Jones,"161 Pine Road, Waterford",2025-10-14T03:31:31.000000,PAYING,PAY PROP
36810,Maria Martinez,"81 Riverside Drive, Belfast",2025-10-14T06:05:49.000000,PAYING,PAY PROP
95230,Sophia Rodriguez,"48 Sunset Boulevard, Limerick",2025-10-14T06:31:53.000000,INSOLVENCY,INSP
98794,Sarah Martinez,"10 Maple Avenue, Cork",2025-10-14T07:25:29.000000,PAYING,PAY CURR
82526,John Davis,"136 Riverside Drive, Galway",2025-10-14T10:28:01.000000,PAYING,PAY CURR
31658,Alex Wilson,"73 Riverside Drive, Cork",2025-10-14T15:19:04.000000,PAYING,PAY PROP
42247,Alex Jones,"21 Cedar Lane, Waterford",2025-10-14T17:01:55.000000,PAYING,PAY PROP
42371,David Williams,"102 Elm Street, Belfast",2025-10-14T21:24:15.000000,PAYING,PAY CURR
91710,Olivia Williams,"53 Sunset Boulevard, Limerick",2025-10-14T22:04:04.000000,LEGAL,LEG_TIT
47532,Sophia Jones,"89 Riverside Drive, Sligo",2025-10-14T22:32:07.000000,COLLECTIONS,CASSIST2
25000,Maria Martinez,"48 Elm Street, Galway",2025-10-14T23:48:24.000000,OTHER,ARCHIVED
20507,Olivia Rodriguez,"17 Maple Avenue, Dublin",2025-10-15T00:23:22.000000,PAYING,PAY PROP
46986,James Martinez,"81 Hillcrest Road, Belfast",2025-10-15T01:14:13.000000,SETTLED,SETTLED
97132,Sophia Jones,"183 Oak Street, Belfast",2025-10-15T04:04:54.000000,PAYING,PAY PROP
86347,Michael Johnson,"31 Pine Road, Galway",2025-10-15T04:05:03.000000,COLLECTIONS,PRIME_D
64246,Laura Smith,"182 Riverside Drive, Galway",2025-10-15T04:14:52.000000,COLLECTIONS,CANCEL4
89637,Olivia Smith,"50 Cedar Lane, Dublin",2025-10-15T04:51:12.000000,TRACE,GONEAWAY
33347,David Jones,"157 Sunset Boulevard, Sligo",2025-10-15T05:06:16.000000,TRACE,GONEAWAY
44476,David Martinez,"26 Cedar Lane, Cork",2025-10-15T06:04:17.000000,INSOLVENCY,INS1
92889,John Martinez,"90 Cedar Lane, Waterford",2025-10-15T09:52:10.000000,TRACE,GONEAWAY
47808,James Garcia,"200 Elm Street, Belfast",2025-10-15T16:04:05.000000,INSOLVENCY,INSP
40856,Alex Rodriguez,"39 Elm Street, Sligo",2025-10-15T19:42:46.000000,PAYING,PAY CURR
52609,Sophia Brown,"53 Pine Road, Limerick",2025-10-16T00:13:25.000000,TRACE,GONEAWAY
42371,David Williams,"102 Elm Street, Belfast",2025-10-16T01:54:34.000000,INSOLVENCY,INS2
37988,Olivia Martinez,"80 Sunset Boulevard, Belfast",2025-10-16T05:02:58.000000,SETTLED,SETTLED
68861,Emma Rodriguez,"115 Sunset Boulevard, Cork",2025-10-16T11:18:41.000000,INSOLVENCY,INS1
77535,Michael Johnson,"25 Maple Avenue, Sligo",2025-10-16T12:41:52.000000,TRACE,GONEAWAY
90213,Laura Smith,"33 Riverside Drive, Kilkenny",2025-10-16T14:23:16.000000,COLLECTIONS,PRIME_D
91678,Laura Garcia,"104 Cedar Lane, Waterford",2025-10-16T14:48:42.000000,SETTLED,SETTLED
21453,John Garcia,"90 Sunset Boulevard, Waterford",2025-10-16T15:43:13.000000,TRACE,GONEAWAY
40733,Daniel Miller,"77 Cedar Lane, Belfast",2025-10-16T15:53:47.000000,INSOLVENCY,INS4
47808,James Garcia,"200 Elm Street, Belfast",2025-10-16T18:05:07.000000,SETTLED,SETTLED
19986,Alex Smith,"130 Oak Street, Galway",2025-10-16T20:07:21.000000,LEGAL,LEG VERIF 2
46986,James Martinez,"81 Hillcrest Road, Belfast",2025-10-16T22:24:32.000000,INSOLVENCY,INSP
85173,Emma Martinez,"141 Sunset Boulevard, Cork",2025-10-17T05:29:11.000000,LEGAL,LEG_TIT
78416,Laura Wilson,"31 Hillcrest Road, Limerick",2025-10-17T05:36:59.000000,PAYING,PAY PROP
11352,Alex Johnson,"38 Hillcrest Road, Sligo",2025-10-17T10:00:33.000000,SETTLED,SETTLED
38621,John Wilson,"37 Maple Avenue, Dublin",2025-10-17T15:27:23.000000,SETTLED,SETTLED
67396,Maria Johnson,"32 Riverside Drive, Sligo",2025-10-17T16:46:25.000000,SETTLED,SETTLED
16077,Alex Jones,"35 Riverside Drive, Waterford",2025-10-17T16:47:58.000000,TRACE,GONEAWAY
31658,Alex Wilson,"73 Riverside Drive, Cork",2025-10-17T17:15:32.000000,OTHER,ARCHIVED
34223,Sophia Davis,"55 Riverside Drive, Belfast",2025-10-18T00:12:49.000000,LEGAL,LEG VERIF 2
70437,Olivia Miller,"185 Oak Street, Belfast",2025-10-18T00:38:16.000000,SETTLED,SETTLED
20507,Olivia Rodriguez,"17 Maple Avenue, Dublin",2025-10-18T02:33:31.000000,LEGAL,HOLD FO
67687,Maria Martinez,"196 Riverside Drive, Belfast",2025-10-18T02:42:45.000000,TRACE,GONEAWAY
72278,Laura Davis,"100 Cedar Lane, Limerick",2025-10-18T03:08:56.000000,COLLECTIONS,CASSIST2
38899,Laura Smith,"119 Sunset Boulevard, Waterford",2025-10-18T04:47:26.000000,SETTLED,SETTLED
39175,Laura Wilson,"123 Elm Street, Kilkenny",2025-10-18T15:26:00.000000,COLLECTIONS,CASSIST2
82526,John Davis,"136 Riverside Drive, Galway",2025-10-18T18:03:56.000000,SETTLED,SETTLED
72340,John Rodriguez,"58 Pine Road, Belfast",2025-10-18T19:57:19.000000,TRACE,GONEAWAY
85869,Sarah Miller,"159 Pine Road, Sligo",2025-10-18T23:20:29.000000,SETTLED,SETTLED
30943,Sarah Brown,"85 Sunset Boulevard, Dublin",2025-10-19T01:35:52.000000,LEGAL,LEG_TIT
34083,Michael Davis,"37 Hillcrest Road, Cork",2025-10-19T02:12:11.000000,INSOLVENCY,INS2
57819,John Garcia,"141 Elm Street, Sligo",2025-10-19T05:36:47.000000,SETTLED,SETTLED
98172,Emma Williams,"110 Cedar Lane, Limerick",2025-10-19T06:41:27.000000,SETTLED,SETTLED
62495,Olivia Miller,"154 Elm Street, Limerick",2025-10-19T10:31:47.000000,COLLECTIONS,CANCEL4
14671,Michael Rodriguez,"133 Pine Road, Sligo",2025-10-19T12:00:29.000000,LEGAL,LEG VERIF 2
33687,Michael Wilson,"175 Pine Road, Belfast",2025-10-19T13:14:21.000000,INSOLVENCY,INS4
82735,James Smith,"105 Riverside Drive, Limerick",2025-10-19T14:49:11.000000,INSOLVENCY,INS1
46155,Sophia Smith,"130 Cedar Lane, Galway",2025-10-19T16:51:40.000000,INSOLVENCY,INS2
44289,Michael Miller,"68 Riverside Drive, Galway",2025-10-19T17:41:37.000000,LEGAL,LEG VERIF 2
20307,James Williams,"149 Riverside Drive, Limerick",2025-10-19T19:38:50.000000,COLLECTIONS,CASSIST2
94400,Michael Miller,"104 Cedar Lane, Dublin",2025-10-20T00:01:10.000000,LEGAL,LEG VERIF 1
15757,Sophia Williams,"79 Sunset Boulevard, Dublin",2025-10-20T00:56:36.000000,COLLECTIONS,TELSOLUTIONS1
72838,Laura Martinez,"18 Elm Street, Waterford",2025-10-20T01:43:23.000000,OTHER,ARCHIVED
67701,Alex Brown,"116 Maple Avenue, Waterford",2025-10-20T02:23:33.000000,COLLECTIONS,TELSOLUTIONS4
50515,Sarah Miller,"153 Pine Road, Limerick",2025-10-20T02:39:49.000000,LEGAL,LEG VERIF 1
86543,Sophia Davis,"180 Hillcrest Road, Belfast",2025-10-20T04:21:21.000000,LEGAL,LEG VERIF 2
33347,David Jones,"157 Sunset Boulevard, Sligo",2025-10-20T06:15:21.000000,OTHER,ARCHIVED
90725,David Williams,"35 Oak Street, Cork",2025-10-20T07:46:47.000000,OTHER,ARCHIVED
88060,David Johnson,"107 Pine Road, Waterford",2025-10-20T08:16:25.000000,LEGAL,LEG_TIT
31527,Sarah Garcia,"145 Oak Street, Kilkenny",2025-10-20T12:24:26.000000,TRACE,GONEAWAY
33347,David Jones,"157 Sunset Boulevard, Sligo",2025-10-20T13:51:42.000000,OTHER,ARCHIVED
85869,Sarah Miller,"159 Pine Road, Sligo",2025-10-20T19:20:01.000000,SETTLED,SETTLED
54296,Alex Garcia,"135 Oak Street, Belfast",2025-10-20T19:24:21.000000,INSOLVENCY,INS1
61550,Maria Brown,"98 Riverside Drive, Galway",2025-10-20T22:22:59.000000,TRACE,GONEAWAY
47103,Daniel Davis,"33 Pine Road, Sligo",2025-10-20T23:31:53.000000,INSOLVENCY,INS3
66755,Laura Martinez,"93 Elm Street, Sligo",2025-10-21T00:13:56.000000,SETTLED,SETTLED
84455,Daniel Smith,"118 Maple Avenue, Galway",2025-10-21T01:30:39.000000,OTHER,ARCHIVED
77395,Olivia Jones,"178 Riverside Drive, Kilkenny",2025-10-21T05:08:26.000000,TRACE,GONEAWAY
42747,Sarah Brown,"179 Hillcrest Road, Waterford",2025-10-21T06:20:15.000000,TRACE,GONEAWAY
26686,James Johnson,"43 Riverside Drive, Waterford",2025-10-21T06:44:06.000000,LEGAL,LEG_TIT
29593,Laura Jones,"9 Cedar Lane, Dublin",2025-10-21T07:43:54.000000,TRACE,GONEAWAY
82324,David Smith,"60 Maple Avenue, Limerick",2025-10-21T09:33:01.000000,LEGAL,LEG VERIF 2
13861,David Smith,"185 Maple Avenue, Dublin",2025-10-21T10:00:09.000000,SETTLED,SETTLED
41979,Daniel Williams,"168 Elm Street, Cork",2025-10-21T10:11:50.000000,COLLECTIONS,CASSIST2
16198,Laura Williams,"167 Elm Street, Limerick",2025-10-21T12:09:28.000000,INSOLVENCY,INSP
99694,Sophia Rodriguez,"10 Elm Street, Belfast",2025-10-21T12:44:28.000000,OTHER,ARCHIVED
86086,Laura Garcia,"68 Pine Road, Sligo",2025-10-21T13:31:15.000000,TRACE,GONEAWAY
32832,Sophia Davis,"68 Sunset Boulevard, Limerick",2025-10-21T16:25:58.000000,INSOLVENCY,INSP
89178,Daniel Garcia,"76 Cedar Lane, Galway",2025-10-21T18:47:19.000000,COLLECTIONS,PAY OVER
71048,Maria Brown,"124 Maple Avenue, Belfast",2025-10-21T19:04:33.000000,TRACE,GONEAWAY
59639,Emma Miller,"19 Riverside Drive, Dublin",2025-10-21T19:24:44.000000,PAYING,PAY PROP
23982,James Jones,"81 Pine Road, Kilkenny",2025-10-21T20:34:30.000000,PAYING,PAY CURR
42747,Sarah Brown,"179 Hillcrest Road, Waterford",2025-10-21T21:17:50.000000,TRACE,GONEAWAY
23780,David Williams,"197 Hillcrest Road, Cork",2025-10-21T23:29:16.000000,PAYING,PAY CURR
19099,Michael Smith,"93 Pine Road, Waterford",2025-10-21T23:55:01.000000,COLLECTIONS,PRIME
47103,Daniel Davis,"33 Pine Road, Sligo",2025-10-22T05:45:19.000000,COLLECTIONS,PAY OVER
43882,David Smith,"20 Sunset Boulevard, Belfast",2025-10-22T07:33:10.000000,OTHER,ARCHIVED
43108,Maria Martinez,"109 Sunset Boulevard, Kilkenny",2025-10-23T00:17:13.000000,INSOLVENCY,INSP
97132,Sophia Jones,"183 Oak Street, Belfast",2025-10-23T02:13:24.000000,COLLECTIONS,PAY OVER
54765,Daniel Johnson,"88 Maple Avenue, Galway",2025-10-23T02:50:57.000000,SETTLED,SETTLED
75723,Olivia Williams,"141 Pine Road, Waterford",2025-10-23T03:25:35.000000,SETTLED,SETTLED
14671,Michael Rodriguez,"133 Pine Road, Sligo",2025-10-23T05:17:07.000000,INSOLVENCY,INS4
30817,Daniel Johnson,"134 Hillcrest Road, Limerick",2025-10-23T06:32:58.000000,SETTLED,SETTLED
27497,John Garcia,"165 Maple Avenue, Limerick",2025-10-23T07:25:38.000000,TRACE,GONEAWAY
59505,Daniel Wilson,"113 Pine Road, Limerick",2025-10-23T07:27:04.000000,PAYING,PAY PROP
32687,Michael Wilson,"97 Cedar Lane, Dublin",2025-10-23T12:02:28.000000,PAYING,PAY CURR
95291,Michael Garcia,"159 Oak Street, Sligo",2025-10-23T14:48:53.000000,INSOLVENCY,INS4
12247,Laura Smith,"200 Pine Road, Dublin",2025-10-23T15:04:39.000000,PAYING,PAY PROP
71242,James Davis,"9 Hillcrest Road, Kilkenny",2025-10-23T16:23:24.000000,PAYING,PAY PROP
37781,David Wilson,"105 Riverside Drive, Belfast",2025-10-23T16:56:52.000000,TRACE,GONEAWAY
63368,John Johnson,"56 Elm Street, Limerick",2025-10-23T22:13:33.000000,TRACE,GONEAWAY
47543,Alex Davis,"157 Sunset Boulevard, Cork",2025-10-23T22:33:24.000000,PAYING,PAY CURR
19986,Alex Smith,"130 Oak Street, Galway",2025-10-23T23:21:14.000000,TRACE,GONEAWAY
82095,Sophia Johnson,"114 Riverside Drive, Galway",2025-10-25T00:31:48.000000,OTHER,ARCHIVED
58892,Maria Johnson,"192 Cedar Lane, Dublin",2025-10-25T03:07:26.000000,LEGAL,LEG VERIF 2
97132,Sophia Jones,"183 Oak Street, Belfast",2025-10-25T04:36:09.000000,LEGAL,LEG_TIT
13883,David Smith,"74 Sunset Boulevard, Cork",2025-10-25T05:12:20.000000,PAYING,PAY PROP
27482,Sophia Smith,"93 Elm Street, Dublin",2025-10-25T07:57:38.000000,LEGAL,LEG_NOT
17880,Emma Davis,"52 Pine Road, Cork",2025-10-25T15:59:56.000000,COLLECTIONS,CANCEL2
15248,Maria Martinez,"86 Elm Street, Belfast",2025-10-25T18:55:58.000000,LEGAL,LEG VERIF 2
52697,Sarah Davis,"39 Hillcrest Road, Sligo",2025-10-26T03:00:51.000000,SETTLED,SETTLED
52219,David Davis,"157 Oak Street, Kilkenny",2025-10-26T04:27:56.000000,OTHER,ARCHIVED
37781,David Wilson,"105 Riverside Drive, Belfast",2025-10-26T13:32:26.000000,INSOLVENCY,INSP
16913,Laura Smith,"142 Riverside Drive, Cork",2025-10-27T00:31:25.000000,TRACE,GONEAWAY
10388,Laura Garcia,"58 Elm Street, Dublin",2025-10-27T00:50:04.000000,OTHER,ARCHIVED
84211,John Garcia,"23 Maple Avenue, Dublin",2025-10-27T03:25:13.000000,PAYING,PAY CURR
78078,John Miller,"48 Riverside Drive, Limerick",2025-10-27T03:58:44.000000,TRACE,GONEAWAY
34083,Michael Davis,"37 Hillcrest Road, Cork",2025-10-27T05:00:10.000000,SETTLED,SETTLED
44289,Michael Miller,"68 Riverside Drive, Galway",2025-10-27T06:29:00.000000,LEGAL,LEG VERIF 1
61279,Maria Smith,"51 Maple Avenue, Dublin",2025-10-27T06:35:55.000000,OTHER,ARCHIVED
56961,John Brown,"83 Riverside Drive, Galway",2025-10-27T07:50:05.000000,COLLECTIONS,TELSOLUTIONS1
84211,John Garcia,"23 Maple Avenue, Dublin",2025-10-27T08:32:12.000000,INSOLVENCY,INS3
89176,Sarah Johnson,"105 Cedar Lane, Galway",2025-10-27T08:37:57.000000,SETTLED,SETTLED
17346,Daniel Wilson,"37 Riverside Drive, Limerick",2025-10-27T09:04:13.000000,COLLECTIONS,PRIME_D
52137,David Brown,"158 Cedar Lane, Sligo",2025-10-27T10:15:50.000000,COLLECTIONS,CANCEL2
77262,Daniel Garcia,"46 Sunset Boulevard, Limerick",2025-10-27T10:28:37.000000,INSOLVENCY,INS3
63368,John Johnson,"56 Elm Street, Limerick",2025-10-27T11:34:33.000000,SETTLED,SETTLED
54341,Michael Davis,"164 Maple Avenue, Belfast",2025-10-27T13:27:48.000000,OTHER,ARCHIVED
98254,Sarah Rodriguez,"3 Pine Road, Sligo",2025-10-27T14:16:17.000000,OTHER,ARCHIVED
35919,Olivia Rodriguez,"168 Elm Street, Belfast",2025-10-27T14:56:00.000000,TRACE,GONEAWAY
53017,Daniel Smith,"120 Hillcrest Road, Belfast",2025-10-27T15:50:10.000000,PAYING,PAY PROP
48606,John Martinez,"33 Elm Street, Waterford",2025-10-27T21:04:33.000000,TRACE,GONEAWAY
45495,Michael Smith,"140 Elm Street, Kilkenny",2025-10-27T22:02:44.000000,TRACE,GONEAWAY
30817,Daniel Johnson,"134 Hillcrest Road, Limerick",2025-10-28T20:26:40.000000,LEGAL,LEG_TIT
45393,Emma Wilson,"84 Sunset Boulevard, Galway",2025-10-28T23:22:53.000000,INSOLVENCY,INS3
61582,David Garcia,"77 Riverside Drive, Belfast",2025-10-29T00:41:54.000000,INSOLVENCY,INSP
26686,James Johnson,"43 Riverside Drive, Waterford",2025-10-29T03:03:46.000000,TRACE,GONEAWAY
77262,Daniel Garcia,"46 Sunset Boulevard, Limerick",2025-10-29T03:22:46.000000,PAYING,PAY PROP
14006,James Johnson,"124 Maple Avenue, Galway",2025-10-29T04:41:16.000000,INSOLVENCY,INS3
82735,James Smith,"105 Riverside Drive, Limerick",2025-10-29T05:58:44.000000,OTHER,ARCHIVED
59399,Michael Jones,"5 Hillcrest Road, Kilkenny",2025-10-29T07:39:56.000000,COLLECTIONS,PRIME
21399,David Williams,"41 Pine Road, Sligo",2025-10-29T10:15:45.000000,TRACE,GONEAWAY
30496,John Wilson,"28 Riverside Drive, Galway",2025-10-29T13:10:44.000000,INSOLVENCY,INS1
37781,David Wilson,"105 Riverside Drive, Belfast",2025-10-29T14:53:48.000000,INSOLVENCY,INS1
99755,Michael Johnson,"45 Pine Road, Kilkenny",2025-10-29T17:32:14.000000,INSOLVENCY,INS3
79521,Sophia Jones,"196 Sunset Boulevard, Cork",2025-10-29T17:48:02.000000,INSOLVENCY,INS4
83652,Maria Brown,"121 Elm Street, Limerick",2025-10-29T21:40:31.000000,SETTLED,SETTLED
34083,Michael Davis,"37 Hillcrest Road, Cork",2025-10-29T23:21:21.000000,PAYING,PAY CURR
14567,Sophia Davis,"52 Elm Street, Belfast",2025-10-29T23:35:36.000000,OTHER,ARCHIVED
35401,John Miller,"164 Sunset Boulevard, Belfast",2025-10-30T02:34:53.000000,OTHER,ARCHIVED
97730,Olivia Smith,"186 Sunset Boulevard, Limerick",2025-10-30T06:16:21.000000,OTHER,ARCHIVED
65156,Sarah Smith,"138 Elm Street, Galway",2025-10-30T10:35:42.000000,INSOLVENCY,INS3
47532,Sophia Jones,"89 Riverside Drive, Sligo",2025-10-30T11:04:12.000000,PAYING,PAY PROP
55992,John Miller,"18 Sunset Boulevard, Galway",2025-10-30T17:45:15.000000,INSOLVENCY,INSP
55558,James Wilson,"110 Sunset Boulevard, Sligo",2025-10-30T18:27:08.000000,TRACE,GONEAWAY
70219,John Johnson,"59 Maple Avenue, Sligo",2025-10-30T20:16:06.000000,LEGAL,LEG_NOT
66158,Emma Martinez,"99 Cedar Lane, Waterford",2025-10-30T23:17:59.000000,OTHER,ARCHIVED
91658,Olivia Davis,"106 Cedar Lane, Sligo",2025-10-31T00:47:39.000000,COLLECTIONS,TELSOLUTIONS1
77356,Daniel Martinez,"158 Oak Street, Sligo",2025-10-31T01:03:05.000000,INSOLVENCY,INS2
40987,Sophia Martinez,"72 Pine Road, Cork",2025-10-31T05:38:02.000000,INSOLVENCY,INS3
13206,Michael Brown,"71 Hillcrest Road, Sligo",2025-10-31T07:37:54.000000,TRACE,GONEAWAY
10585,Michael Davis,"71 Riverside Drive, Belfast",2025-10-31T11:40:01.000000,PAYING,PAY PROP
85557,James Smith,"69 Oak Street, Kilkenny",2025-10-31T11:58:57.000000,LEGAL,LEG_TIT
76500,John Garcia,"176 Sunset Boulevard, Cork",2025-10-31T12:11:54.000000,LEGAL,HOLD FO
15757,Sophia Williams,"79 Sunset Boulevard, Dublin",2025-10-31T13:28:31.000000,SETTLED,SETTLED
72758,Emma Brown,"197 Oak Street, Dublin",2025-10-31T15:43:42.000000,COLLECTIONS,PRIME
31933,David Williams,"15 Elm Street, Cork",2025-10-31T15:58:20.000000,SETTLED,SETTLED
60663,Maria Smith,"86 Hillcrest Road, Cork",2025-10-31T16:33:08.000000,INSOLVENCY,INS2
93890,Maria Smith,"163 Riverside Drive, Cork",2025-10-31T17:56:56.000000,COLLECTIONS,PRIME
28504,Maria Jones,"169 Oak Street, Sligo",2025-10-31T18:22:38.000000,OTHER,ARCHIVED
92889,John Martinez,"90 Cedar Lane, Waterford",2025-10-31T19:56:30.000000,SETTLED,SETTLED
46662,Michael Johnson,"87 Elm Street, Kilkenny",2025-10-31T19:59:08.000000,LEGAL,HOLD FO
73634,Daniel Johnson,"43 Hillcrest Road, Waterford",2025-10-31T21:13:40.000000,INSOLVENCY,INS2
52017,Maria Wilson,"152 Riverside Drive, Sligo",2025-10-31T23:04:35.000000,SETTLED,SETTLED
35227,Emma Brown,"44 Hillcrest Road, Sligo",2025-11-01T03:33:35.000000,COLLECTIONS,CANCEL4
90869,David Jones,"143 Sunset Boulevard, Waterford",2025-11-01T03:49:04.000000,TRACE,GONEAWAY
44060,Sarah Davis,"151 Cedar Lane, Kilkenny",2025-11-01T06:19:39.000000,OTHER,ARCHIVED
43882,David Smith,"20 Sunset Boulevard, Belfast",2025-11-01T07:56:52.000000,COLLECTIONS,CASSIST2
86646,Sarah Williams,"29 Hillcrest Road, Galway",2025-11-01T08:20:39.000000,SETTLED,SETTLED
92829,Michael Jones,"2 Sunset Boulevard, Kilkenny",2025-11-01T10:32:23.000000,OTHER,ARCHIVED
15248,Maria Martinez,"86 Elm Street, Belfast",2025-11-01T11:43:56.000000,PAYING,PAY PROP
52219,David Davis,"157 Oak Street, Kilkenny",2025-11-01T13:34:30.000000,SETTLED,SETTLED
45539,James Johnson,"88 Maple Avenue, Sligo",2025-11-01T16:04:29.000000,LEGAL,HOLD FO
31903,Alex Brown,"183 Cedar Lane, Waterford",2025-11-01T16:54:56.000000,OTHER,ARCHIVED
72758,Emma Brown,"197 Oak Street, Dublin",2025-11-01T16:55:46.000000,PAYING,PAY CURR
74428,Laura Martinez,"15 Cedar Lane, Kilkenny",2025-11-01T18:37:23.000000,PAYING,PAY CURR
47933,Emma Brown,"79 Elm Street, Kilkenny",2025-11-01T22:44:48.000000,COLLECTIONS,CANCEL4
92221,David Garcia,"125 Sunset Boulevard, Sligo",2025-11-01T23:19:44.000000,OTHER,ARCHIVED
76500,John Garcia,"176 Sunset Boulevard, Cork",2025-11-02T01:21:33.000000,TRACE,GONEAWAY
14961,John Davis,"179 Riverside Drive, Dublin",2025-11-02T20:27:07.000000,SETTLED,SETTLED
56539,Sophia Smith,"11 Riverside Drive, Cork",2025-11-03T00:25:39.000000,SETTLED,SETTLED
65864,Maria Brown,"197 Hillcrest Road, Dublin",2025-11-03T01:01:47.000000,SETTLED,SETTLED
36459,Sarah Williams,"52 Oak Street, Belfast",2025-11-03T02:10:57.000000,INSOLVENCY,INS2
26168,Maria Williams,"120 Cedar Lane, Belfast",2025-11-03T10:47:42.000000,PAYING,PAY CURR
63285,Sarah Williams,"159 Oak Street, Cork",2025-11-03T13:39:52.000000,INSOLVENCY,INSP
95324,Emma Brown,"136 Cedar Lane, Sligo",2025-11-03T13:50:55.000000,LEGAL,LEG_NOT
19099,Michael Smith,"93 Pine Road, Waterford",2025-11-03T17:03:19.000000,LEGAL,LEG_TIT
71914,Daniel Johnson,"76 Riverside Drive, Belfast",2025-11-03T17:25:12.000000,TRACE,GONEAWAY
50973,Emma Miller,"128 Maple Avenue, Galway",2025-11-03T17:42:41.000000,TRACE,GONEAWAY
97730,Olivia Smith,"186 Sunset Boulevard, Limerick",2025-11-04T02:22:05.000000,PAYING,PAY CURR
30943,Sarah Brown,"85 Sunset Boulevard, Dublin",2025-11-04T04:16:28.000000,COLLECTIONS,CANCEL2
63099,Alex Martinez,"170 Elm Street, Kilkenny",2025-11-04T09:19:59.000000,SETTLED,SETTLED
63285,Sarah Williams,"159 Oak Street, Cork",2025-11-04T15:07:19.000000,LEGAL,LEG_TIT
97661,Laura Williams,"148 Oak Street, Limerick",2025-11-04T19:30:37.000000,OTHER,ARCHIVED
53131,Emma Garcia,"41 Elm Street, Sligo",2025-11-04T21:17:43.000000,SETTLED,SETTLED
15004,Sarah Martinez,"4 Hillcrest Road, Limerick",2025-11-04T23:04:02.000000,SETTLED,SETTLED
55886,Daniel Jones,"57 Maple Avenue, Belfast",2025-11-05T02:12:53.000000,SETTLED,SETTLED
20233,Michael Davis,"60 Riverside Drive, Belfast",2025-11-05T03:17:18.000000,PAYING,PAY CURR
36810,Maria Martinez,"81 Riverside Drive, Belfast",2025-11-05T04:05:12.000000,SETTLED,SETTLED
31233,Daniel Wilson,"55 Maple Avenue, Waterford",2025-11-05T05:18:21.000000,LEGAL,LEG_TIT
55047,James Martinez,"78 Pine Road, Waterford",2025-11-05T06:30:46.000000,LEGAL,LEG VERIF 1
11352,Alex Johnson,"38 Hillcrest Road, Sligo",2025-11-05T08:51:21.000000,OTHER,ARCHIVED
61279,Maria Smith,"51 Maple Avenue, Dublin",2025-11-05T10:25:53.000000,LEGAL,LEG VERIF 1
62836,Sarah Brown,"85 Pine Road, Sligo",2025-11-05T11:52:43.000000,INSOLVENCY,INS1
48880,Alex Martinez,"85 Pine Road, Kilkenny",2025-11-05T13:45:55.000000,PAYING,PAY PROP
84640,Olivia Smith,"131 Pine Road, Sligo",2025-11-05T14:03:13.000000,PAYING,PAY PROP
63538,Alex Brown,"134 Hillcrest Road, Cork",2025-11-05T14:16:37.000000,OTHER,ARCHIVED
31233,Daniel Wilson,"55 Maple Avenue, Waterford",2025-11-05T16:00:36.000000,COLLECTIONS,CASSIST2
94714,Sophia Brown,"85 Cedar Lane, Dublin",2025-11-05T18:24:47.000000,PAYING,PAY PROP
58473,Sophia Brown,"162 Elm Street, Galway",2025-11-05T18:38:32.000000,TRACE,GONEAWAY
45393,Emma Wilson,"84 Sunset Boulevard, Galway",2025-11-05T21:00:52.000000,INSOLVENCY,INS2
84211,John Garcia,"23 Maple Avenue, Dublin",2025-11-05T22:10:03.000000,TRACE,GONEAWAY
76500,John Garcia,"176 Sunset Boulevard, Cork",2025-11-05T23:18:00.000000,TRACE,GONEAWAY
42494,Olivia Rodriguez,"146 Pine Road, Waterford",2025-11-05T23:26:20.000000,SETTLED,SETTLED
33376,Emma Smith,"35 Sunset Boulevard, Kilkenny",2025-11-05T23:40:05.000000,SETTLED,SETTLED
63285,Sarah Williams,"159 Oak Street, Cork",2025-11-06T00:13:30.000000,OTHER,ARCHIVED
19986,Alex Smith,"130 Oak Street, Galway",2025-11-06T00:34:36.000000,SETTLED,SETTLED
77513,Laura Smith,"35 Hillcrest Road, Belfast",2025-11-06T01:02:07.000000,COLLECTIONS,CANCEL4
84455,Daniel Smith,"118 Maple Avenue, Galway",2025-11-06T03:54:23.000000,TRACE,GONEAWAY
80893,Alex Wilson,"36 Cedar Lane, Sligo",2025-11-06T06:21:56.000000,INSOLVENCY,INS2
27620,Daniel Wilson,"79 Sunset Boulevard, Sligo",2025-11-06T08:38:52.000000,COLLECTIONS,TELSOLUTIONS4
20457,Maria Jones,"172 Elm Street, Sligo",2025-11-06T08:58:45.000000,PAYING,PAY PROP
41979,Daniel Williams,"168 Elm Street, Cork",2025-11-06T10:01:46.000000,COLLECTIONS,CASSIST2
13057,David Williams,"64 Elm Street, Cork",2025-11-06T12:44:57.000000,TRACE,GONEAWAY
84211,John Garcia,"23 Maple Avenue, Dublin",2025-11-06T13:09:37.000000,PAYING,PAY CURR
30746,Alex Miller,"32 Oak Street, Cork",2025-11-06T14:53:09.000000,SETTLED,SETTLED
61708,John Davis,"142 Elm Street, Dublin",2025-11-06T15:22:24.000000,SETTLED,SETTLED
48786,Sophia Martinez,"56 Hillcrest Road, Dublin",2025-11-06T17:19:45.000000,PAYING,PAY CURR
94714,Sophia Brown,"85 Cedar Lane, Dublin",2025-11-06T18:22:55.000000,COLLECTIONS,PRIME_D
73732,Laura Williams,"139 Maple Avenue, Galway",2025-11-06T19:11:30.000000,LEGAL,LEG VERIF 1
55886,Daniel Jones,"57 Maple Avenue, Belfast",2025-11-06T20:00:06.000000,PAYING,PAY CURR
47801,John Johnson,"44 Cedar Lane, Dublin",2025-11-06T23:38:18.000000,INSOLVENCY,INSP
47857,James Garcia,"133 Cedar Lane, Dublin",2025-11-07T03:17:00.000000,PAYING,PAY PROP
94928,John Williams,"19 Pine Road, Belfast",2025-11-07T04:11:28.000000,PAYING,PAY CURR
34002,James Johnson,"200 Oak Street, Waterford",2025-11-07T06:21:59.000000,PAYING,PAY PROP
30943,Sarah Brown,"85 Sunset Boulevard, Dublin",2025-11-07T07:13:04.000000,INSOLVENCY,INS3
66216,Sophia Smith,"182 Pine Road, Limerick",2025-11-07T09:01:58.000000,PAYING,PAY CURR
98794,Sarah Martinez,"10 Maple Avenue, Cork",2025-11-07T09:22:14.000000,TRACE,GONEAWAY
78633,James Davis,"20 Maple Avenue, Waterford",2025-11-07T13:38:43.000000,INSOLVENCY,INS3
27223,Sophia Rodriguez,"165 Cedar Lane, Kilkenny",2025-11-07T14:27:06.000000,TRACE,GONEAWAY
91402,Alex Rodriguez,"161 Hillcrest Road, Dublin",2025-11-07T14:30:16.000000,OTHER,ARCHIVED
13664,Emma Wilson,"1 Cedar Lane, Galway",2025-11-07T15:43:36.000000,LEGAL,LEG VERIF 1
60048,Sophia Williams,"132 Hillcrest Road, Waterford",2025-11-07T16:02:05.000000,TRACE,GONEAWAY
80451,Sophia Wilson,"3 Hillcrest Road, Cork",2025-11-07T17:03:19.000000,INSOLVENCY,INS4
10388,Laura Garcia,"58 Elm Street, Dublin",2025-11-07T17:53:06.000000,TRACE,GONEAWAY
84118,Michael Jones,"56 Maple Avenue, Waterford",2025-11-07T18:18:31.000000,PAYING,PAY PROP
94193,David Rodriguez,"28 Cedar Lane, Sligo",2025-11-07T19:11:35.000000,LEGAL,HOLD FO
62836,Sarah Brown,"85 Pine Road, Sligo",2025-11-07T20:38:49.000000,OTHER,ARCHIVED
91001,Maria Martinez,"127 Maple Avenue, Waterford",2025-11-07T21:21:52.000000,INSOLVENCY,INS1
23982,James Jones,"81 Pine Road, Kilkenny",2025-11-08T00:09:21.000000,SETTLED,SETTLED
62377,Olivia Brown,"156 Pine Road, Sligo",2025-11-08T00:55:33.000000,PAYING,PAY CURR
13356,James Jones,"85 Cedar Lane, Cork",2025-11-08T01:06:23.000000,TRACE,GONEAWAY
49171,John Martinez,"172 Hillcrest Road, Dublin",2025-11-08T02:48:15.000000,TRACE,GONEAWAY
82487,Daniel Miller,"195 Riverside Drive, Belfast",2025-11-08T04:49:58.000000,LEGAL,LEG VERIF 2
21453,John Garcia,"90 Sunset Boulevard, Waterford",2025-11-08T06:30:56.000000,OTHER,ARCHIVED
92829,Michael Jones,"2 Sunset Boulevard, Kilkenny",2025-11-08T06:34:09.000000,TRACE,GONEAWAY
70219,John Johnson,"59 Maple Avenue, Sligo",2025-11-08T09:06:00.000000,COLLECTIONS,PRIME
40659,Sophia Rodriguez,"173 Sunset Boulevard, Kilkenny",2025-11-08T10:51:04.000000,OTHER,ARCHIVED
91402,Alex Rodriguez,"161 Hillcrest Road, Dublin",2025-11-08T14:04:32.000000,SETTLED,SETTLED
36291,David Davis,"39 Elm Street, Dublin",2025-11-08T16:53:22.000000,INSOLVENCY,INS3
66106,Michael Davis,"56 Pine Road, Galway",2025-11-08T17:35:42.000000,PAYING,PAY CURR
13416,Emma Wilson,"58 Pine Road, Dublin",2025-11-08T19:12:59.000000,PAYING,PAY CURR
71048,Maria Brown,"124 Maple Avenue, Belfast",2025-11-08T19:31:52.000000,PAYING,PAY CURR
58434,James Rodriguez,"134 Maple Avenue, Belfast",2025-11-08T23:22:00.000000,COLLECTIONS,PAY OVER
19413,Sophia Jones,"52 Sunset Boulevard, Limerick",2025-11-09T00:51:26.000000,INSOLVENCY,INS4
11352,Alex Johnson,"38 Hillcrest Road, Sligo",2025-11-09T01:06:17.000000,LEGAL,LEG_TIT
19949,David Garcia,"166 Hillcrest Road, Sligo",2025-11-09T01:08:34.000000,PAYING,PAY CURR
91712,Maria Martinez,"181 Maple Avenue, Dublin",2025-11-09T02:26:23.000000,OTHER,ARCHIVED
54341,Michael Davis,"164 Maple Avenue, Belfast",2025-11-09T03:24:15.000000,SETTLED,SETTLED
26918,Alex Miller,"81 Hillcrest Road, Belfast",2025-11-09T05:31:29.000000,SETTLED,SETTLED
82269,Maria Martinez,"175 Oak Street, Galway",2025-11-09T06:07:20.000000,TRACE,GONEAWAY
57791,James Miller,"118 Hillcrest Road, Sligo",2025-11-09T06:17:02.000000,PAYING,PAY PROP
54549,Olivia Miller,"41 Hillcrest Road, Kilkenny",2025-11-09T07:13:21.000000,INSOLVENCY,INSP
57819,John Garcia,"141 Elm Street, Sligo",2025-11-09T07:29:38.000000,INSOLVENCY,INS1
10869,John Williams,"5 Hillcrest Road, Dublin",2025-11-09T13:39:45.000000,COLLECTIONS,CANCEL4
96772,Laura Brown,"127 Oak Street, Dublin",2025-11-09T17:39:46.000000,OTHER,ARCHIVED
89176,Sarah Johnson,"105 Cedar Lane, Galway",2025-11-09T18:07:38.000000,COLLECTIONS,CANCEL4
85466,David Williams,"131 Cedar Lane, Dublin",2025-11-09T18:50:37.000000,LEGAL,HOLD FO
57663,John Johnson,"101 Oak Street, Belfast",2025-11-09T19:41:46.000000,LEGAL,LEG_TIT
69313,Alex Davis,"143 Riverside Drive, Cork",2025-11-09T19:53:58.000000,INSOLVENCY,INS4
33376,Emma Smith,"35 Sunset Boulevard, Kilkenny",2025-11-09T21:49:27.000000,COLLECTIONS,PAY OVER
93890,Maria Smith,"163 Riverside Drive, Cork",2025-11-09T22:15:38.000000,COLLECTIONS,PAY OVER
86693,James Jones,"164 Cedar Lane, Kilkenny",2025-11-09T22:42:59.000000,OTHER,ARCHIVED
77513,Laura Smith,"35 Hillcrest Road, Belfast",2025-11-09T23:48:53.000000,COLLECTIONS,CASSIST2
97730,Olivia Smith,"186 Sunset Boulevard, Limerick",2025-11-10T01:04:33.000000,LEGAL,HOLD FO
91558,Sophia Rodriguez,"139 Riverside Drive, Galway",2025-11-10T04:03:41.000000,INSOLVENCY,INS4
19986,Alex Smith,"130 Oak Street, Galway",2025-11-10T05:18:49.000000,LEGAL,LEG_NOT
95232,John Rodriguez,"124 Sunset Boulevard, Limerick",2025-11-10T05:27:42.000000,PAYING,PAY CURR
30531,Sarah Garcia,"107 Sunset Boulevard, Waterford",2025-11-10T05:45:16.000000,TRACE,GONEAWAY
14961,John Davis,"179 Riverside Drive, Dublin",2025-11-10T06:47:43.000000,SETTLED,SETTLED
22385,Sarah Davis,"64 Sunset Boulevard, Dublin",2025-11-10T11:04:26.000000,INSOLVENCY,INS1
52219,David Davis,"157 Oak Street, Kilkenny",2025-11-10T13:26:30.000000,OTHER,ARCHIVED
94193,David Rodriguez,"28 Cedar Lane, Sligo",2025-11-10T17:15:30.000000,OTHER,ARCHIVED
31527,Sarah Garcia,"145 Oak Street, Kilkenny",2025-11-10T19:09:22.000000,SETTLED,SETTLED
54296,Alex Garcia,"135 Oak Street, Belfast",2025-11-10T19:38:09.000000,TRACE,GONEAWAY
42494,Olivia Rodriguez,"146 Pine Road, Waterford",2025-11-10T23:49:33.000000,COLLECTIONS,PRIME
40198,Alex Williams,"6 Maple Avenue, Kilkenny",2025-11-10T23:59:44.000000,PAYING,PAY PROP
90540,Maria Brown,"8 Maple Avenue, Galway",2025-11-11T02:11:12.000000,LEGAL,LEG_TIT
11356,Maria Williams,"147 Oak Street, Galway",2025-11-11T05:34:49.000000,LEGAL,LEG VERIF 2
44502,Maria Williams,"27 Elm Street, Kilkenny",2025-11-11T07:34:16.000000,COLLECTIONS,CANCEL4
68126,Olivia Davis,"162 Maple Avenue, Limerick",2025-11-11T11:46:08.000000,INSOLVENCY,INS1
13057,David Williams,"64 Elm Street, Cork",2025-11-11T14:31:36.000000,SETTLED,SETTLED
69833,Laura Garcia,"200 Hillcrest Road, Kilkenny",2025-11-11T16:04:49.000000,COLLECTIONS,CANCEL2
95291,Michael Garcia,"159 Oak Street, Sligo",2025-11-11T16:46:05.000000,LEGAL,LEG VERIF 1
32998,James Wilson,"1 Elm Street, Galway",2025-11-11T19:37:34.000000,TRACE,GONEAWAY
73980,Laura Martinez,"92 Cedar Lane, Limerick",2025-11-11T20:30:43.000000,COLLECTIONS,CANCEL4
11916,John Miller,"42 Cedar Lane, Kilkenny",2025-11-12T01:02:55.000000,SETTLED,SETTLED
32832,Sophia Davis,"68 Sunset Boulevard, Limerick",2025-11-12T01:09:00.000000,PAYING,PAY PROP
90467,Laura Williams,"8 Maple Avenue, Galway",2025-11-12T03:18:28.000000,SETTLED,SETTLED
87921,Alex Brown,"3 Hillcrest Road, Galway",2025-11-12T03:24:10.000000,SETTLED,SETTLED
70180,Michael Garcia,"19 Oak Street, Galway",2025-11-12T04:29:55.000000,OTHER,ARCHIVED
59399,Michael Jones,"5 Hillcrest Road, Kilkenny",2025-11-12T05:34:44.000000,TRACE,GONEAWAY
77145,Michael Williams,"7 Cedar Lane, Cork",2025-11-12T05:50:05.000000,OTHER,ARCHIVED
34177,Sarah Jones,"63 Hillcrest Road, Limerick",2025-11-12T06:22:53.000000,INSOLVENCY,INS4
70629,Michael Rodriguez,"172 Oak Street, Belfast",2025-11-12T06:47:41.000000,INSOLVENCY,INS3
11336,Emma Smith,"64 Pine Road, Sligo",2025-11-12T10:36:16.000000,LEGAL,LEG_TIT
31233,Daniel Wilson,"55 Maple Avenue, Waterford",2025-11-12T11:32:37.000000,PAYING,PAY CURR
25073,John Davis,"156 Elm Street, Galway",2025-11-12T13:16:57.000000,LEGAL,LEG VERIF 2
26066,James Jones,"161 Pine Road, Waterford",2025-11-12T15:30:27.000000,PAYING,PAY PROP
76500,John Garcia,"176 Sunset Boulevard, Cork",2025-11-12T16:28:23.000000,PAYING,PAY CURR
26686,James Johnson,"43 Riverside Drive, Waterford",2025-11-12T17:58:03.000000,TRACE,GONEAWAY
61550,Maria Brown,"98 Riverside Drive, Galway",2025-11-12T19:48:26.000000,INSOLVENCY,INS3
90467,Laura Williams,"8 Maple Avenue, Galway",2025-11-12T22:00:35.000000,COLLECTIONS,TELSOLUTIONS1
97280,Maria Wilson,"104 Oak Street, Galway",2025-11-12T22:39:15.000000,INSOLVENCY,INS4
62106,Laura Brown,"183 Riverside Drive, Galway",2025-11-13T00:20:53.000000,PAYING,PAY PROP
11356,Maria Williams,"147 Oak Street, Galway",2025-11-13T01:52:38.000000,TRACE,GONEAWAY
40659,Sophia Rodriguez,"173 Sunset Boulevard, Kilkenny",2025-11-13T04:34:09.000000,INSOLVENCY,INS4
58434,James Rodriguez,"134 Maple Avenue, Belfast",2025-11-13T06:38:24.000000,TRACE,GONEAWAY
36313,David Smith,"102 Sunset Boulevard, Sligo",2025-11-13T07:00:45.000000,PAYING,PAY CURR
11916,John Miller,"42 Cedar Lane, Kilkenny",2025-11-13T07:47:52.000000,SETTLED,SETTLED
52609,Sophia Brown,"53 Pine Road, Limerick",2025-11-13T09:47:22.000000,PAYING,PAY PROP
73332,Laura Miller,"138 Elm Street, Galway",2025-11-13T11:53:49.000000,TRACE,GONEAWAY
91678,Laura Garcia,"104 Cedar Lane, Waterford",2025-11-13T14:23:33.000000,OTHER,ARCHIVED
14006,James Johnson,"124 Maple Avenue, Galway",2025-11-13T20:03:09.000000,TRACE,GONEAWAY
86556,Michael Brown,"113 Elm Street, Kilkenny",2025-11-13T23:29:58.000000,SETTLED,SETTLED
88060,David Johnson,"107 Pine Road, Waterford",2025-11-14T05:20:21.000000,COLLECTIONS,PAY OVER
67504,Sophia Martinez,"130 Pine Road, Dublin",2025-11-14T08:38:02.000000,PAYING,PAY PROP
24213,Alex Williams,"139 Elm Street, Belfast",2025-11-14T09:17:21.000000,OTHER,ARCHIVED
93496,Emma Miller,"55 Sunset Boulevard, Sligo",2025-11-14T12:06:26.000000,INSOLVENCY,INS2
10506,David Jones,"106 Pine Road, Waterford",2025-11-14T12:41:20.000000,TRACE,GONEAWAY
66463,John Wilson,"104 Sunset Boulevard, Kilkenny",2025-11-14T14:45:49.000000,LEGAL,HOLD FO
43314,Michael Miller,"13 Elm Street, Belfast",2025-11-14T15:41:23.000000,COLLECTIONS,PRIME
51089,Laura Garcia,"41 Maple Avenue, Galway",2025-11-14T16:15:03.000000,COLLECTIONS,CANCEL4
35919,Olivia Rodriguez,"168 Elm Street, Belfast",2025-11-14T18:16:44.000000,COLLECTIONS,PRIME
35861,David Johnson,"103 Cedar Lane, Galway",2025-11-15T03:14:46.000000,SETTLED,SETTLED
26066,James Jones,"161 Pine Road, Waterford",2025-11-15T04:49:30.000000,INSOLVENCY,INSP
55992,John Miller,"18 Sunset Boulevard, Galway",2025-11-15T05:10:15.000000,INSOLVENCY,INSP
70219,John Johnson,"59 Maple Avenue, Sligo",2025-11-15T05:47:40.000000,PAYING,PAY PROP
52087,Maria Brown,"120 Hillcrest Road, Belfast",2025-11-15T06:34:47.000000,PAYING,PAY PROP
70219,John Johnson,"59 Maple Avenue, Sligo",2025-11-15T15:01:28.000000,INSOLVENCY,INS3
98172,Emma Williams,"110 Cedar Lane, Limerick",2025-11-15T15:38:23.000000,PAYING,PAY PROP
86347,Michael Johnson,"31 Pine Road, Galway",2025-11-15T23:06:15.000000,LEGAL,HOLD FO
74894,Emma Garcia,"190 Sunset Boulevard, Belfast",2025-11-16T00:15:49.000000,LEGAL,LEG VERIF 1
72278,Laura Davis,"100 Cedar Lane, Limerick",2025-11-16T01:55:19.000000,COLLECTIONS,PAY OVER
67396,Maria Johnson,"32 Riverside Drive, Sligo",2025-11-16T02:19:57.000000,COLLECTIONS,CASSIST2
85466,David Williams,"131 Cedar Lane, Dublin",2025-11-16T04:18:43.000000,OTHER,ARCHIVED
93496,Emma Miller,"55 Sunset Boulevard, Sligo",2025-11-16T07:45:22.000000,COLLECTIONS,CASSIST2
97918,Daniel Smith,"123 Riverside Drive, Sligo",2025-11-16T09:07:10.000000,OTHER,ARCHIVED
33057,Olivia Jones,"21 Hillcrest Road, Cork",2025-11-16T09:59:08.000000,TRACE,GONEAWAY
59505,Daniel Wilson,"113 Pine Road, Limerick",2025-11-16T20:26:49.000000,OTHER,ARCHIVED
67701,Alex Brown,"116 Maple Avenue, Waterford",2025-11-16T23:35:44.000000,OTHER,ARCHIVED
34002,James Johnson,"200 Oak Street, Waterford",2025-11-18T07:05:34.000000,TRACE,GONEAWAY
78987,Maria Smith,"55 Oak Street, Limerick",2025-11-18T08:17:35.000000,TRACE,GONEAWAY
27800,Olivia Davis,"28 Sunset Boulevard, Waterford",2025-11-18T10:54:07.000000,PAYING,PAY CURR
71048,Maria Brown,"124 Maple Avenue, Belfast",2025-11-18T10:58:52.000000,TRACE,GONEAWAY
67443,Sarah Brown,"134 Cedar Lane, Galway",2025-11-18T13:43:23.000000,LEGAL,LEG_TIT
70180,Michael Garcia,"19 Oak Street, Galway",2025-11-18T19:42:28.000000,PAYING,PAY CURR
81634,David Jones,"195 Hillcrest Road, Dublin",2025-11-18T23:02:31.000000,PAYING,PAY PROP
27620,Daniel Wilson,"79 Sunset Boulevard, Sligo",2025-11-18T23:27:55.000000,PAYING,PAY CURR
91435,David Smith,"2 Sunset Boulevard, Dublin",2025-11-19T00:32:51.000000,LEGAL,HOLD FO
85173,Emma Martinez,"141 Sunset Boulevard, Cork",2025-11-19T00:50:19.000000,SETTLED,SETTLED
51596,James Rodriguez,"150 Oak Street, Sligo",2025-11-19T01:50:55.000000,LEGAL,LEG_NOT
61279,Maria Smith,"51 Maple Avenue, Dublin",2025-11-19T06:00:53.000000,SETTLED,SETTLED
59505,Daniel Wilson,"113 Pine Road, Limerick",2025-11-19T06:18:55.000000,PAYING,PAY PROP
55992,John Miller,"18 Sunset Boulevard, Galway",2025-11-19T07:38:27.000000,PAYING,PAY PROP
83620,David Wilson,"122 Pine Road, Waterford",2025-11-19T08:01:28.000000,COLLECTIONS,PRIME
97661,Laura Williams,"148 Oak Street, Limerick",2025-11-19T11:44:12.000000,LEGAL,LEG_TIT
52697,Sarah Davis,"39 Hillcrest Road, Sligo",2025-11-19T13:57:16.000000,OTHER,ARCHIVED
58244,Emma Wilson,"6 Hillcrest Road, Limerick",2025-11-19T16:09:34.000000,COLLECTIONS,PRIME_D
10180,Olivia Davis,"3 Elm Street, Limerick",2025-11-19T17:36:45.000000,PAYING,PAY CURR
63538,Alex Brown,"134 Hillcrest Road, Cork",2025-11-19T18:23:01.000000,OTHER,ARCHIVED
11336,Emma Smith,"64 Pine Road, Sligo",2025-11-19T18:37:00.000000,LEGAL,HOLD FO
58244,Emma Wilson,"6 Hillcrest Road, Limerick",2025-11-19T19:30:59.000000,INSOLVENCY,INS3
89637,Olivia Smith,"50 Cedar Lane, Dublin",2025-11-19T21:14:24.000000,TRACE,GONEAWAY
36313,David Smith,"102 Sunset Boulevard, Sligo",2025-11-19T21:45:44.000000,OTHER,ARCHIVED
21453,John Garcia,"90 Sunset Boulevard, Waterford",2025-11-19T23:54:43.000000,PAYING,PAY PROP
83620,David Wilson,"122 Pine Road, Waterford",2025-11-20T00:49:58.000000,PAYING,PAY PROP
58892,Maria Johnson,"192 Cedar Lane, Dublin",2025-11-20T01:00:23.000000,TRACE,GONEAWAY
22047,James Jones,"37 Sunset Boulevard, Belfast",2025-11-20T02:24:24.000000,LEGAL,HOLD FO
73332,Laura Miller,"138 Elm Street, Galway",2025-11-20T02:58:53.000000,SETTLED,SETTLED
94706,Alex Davis,"55 Elm Street, Galway",2025-11-20T06:28:51.000000,INSOLVENCY,INS2
19086,Laura Brown,"88 Cedar Lane, Sligo",2025-11-20T09:34:46.000000,SETTLED,SETTLED
86650,David Rodriguez,"156 Sunset Boulevard, Kilkenny",2025-11-20T09:47:26.000000,COLLECTIONS,CASSIST2
64246,Laura Smith,"182 Riverside Drive, Galway",2025-11-20T10:02:19.000000,LEGAL,LEG_NOT
17320,Maria Martinez,"117 Sunset Boulevard, Belfast",2025-11-20T11:52:32.000000,COLLECTIONS,CASSIST2
17993,Alex Smith,"170 Sunset Boulevard, Belfast",2025-11-20T12:01:04.000000,COLLECTIONS,CASSIST2
10869,John Williams,"5 Hillcrest Road, Dublin",2025-11-20T12:20:58.000000,TRACE,GONEAWAY
21418,Sarah Miller,"81 Riverside Drive, Galway",2025-11-20T12:36:43.000000,INSOLVENCY,INS1
37781,David Wilson,"105 Riverside Drive, Belfast",2025-11-20T13:58:43.000000,LEGAL,LEG VERIF 1
95948,James Davis,"45 Riverside Drive, Cork",2025-11-20T17:32:28.000000,SETTLED,SETTLED
90540,Maria Brown,"8 Maple Avenue, Galway",2025-11-20T18:41:37.000000,LEGAL,LEG_TIT
86494,Laura Jones,"188 Sunset Boulevard, Dublin",2025-11-20T22:13:23.000000,PAYING,PAY CURR
19372,Michael Johnson,"33 Maple Avenue, Belfast",2025-11-20T23:15:53.000000,OTHER,ARCHIVED
77521,Michael Martinez,"104 Sunset Boulevard, Galway",2025-11-21T03:04:24.000000,SETTLED,SETTLED
56539,Sophia Smith,"11 Riverside Drive, Cork",2025-11-21T03:48:16.000000,TRACE,GONEAWAY
83943,David Wilson,"188 Cedar Lane, Belfast",2025-11-21T09:53:36.000000,PAYING,PAY CURR
28504,Maria Jones,"169 Oak Street, Sligo",2025-11-21T10:53:20.000000,TRACE,GONEAWAY
13057,David Williams,"64 Elm Street, Cork",2025-11-21T13:00:18.000000,INSOLVENCY,INS2
16077,Alex Jones,"35 Riverside Drive, Waterford",2025-11-21T16:18:50.000000,LEGAL,LEG VERIF 2
77356,Daniel Martinez,"158 Oak Street, Sligo",2025-11-21T17:50:38.000000,COLLECTIONS,PRIME_D
57726,John Davis,"22 Cedar Lane, Belfast",2025-11-21T22:55:04.000000,OTHER,ARCHIVED
37798,Sarah Wilson,"54 Elm Street, Cork",2025-11-22T04:08:19.000000,PAYING,PAY PROP
32283,James Johnson,"41 Pine Road, Cork",2025-11-22T05:37:19.000000,SETTLED,SETTLED
67504,Sophia Martinez,"130 Pine Road, Dublin",2025-11-22T07:52:55.000000,PAYING,PAY CURR
10869,John Williams,"5 Hillcrest Road, Dublin",2025-11-22T14:52:16.000000,SETTLED,SETTLED
63848,Emma Williams,"57 Oak Street, Limerick",2025-11-22T19:54:50.000000,PAYING,PAY CURR
65773,James Miller,"140 Riverside Drive, Kilkenny",2025-11-22T20:06:21.000000,SETTLED,SETTLED
17346,Daniel Wilson,"37 Riverside Drive, Limerick",2025-11-22T20:56:02.000000,SETTLED,SETTLED
86086,Laura Garcia,"68 Pine Road, Sligo",2025-11-22T21:08:04.000000,TRACE,GONEAWAY
88333,Olivia Brown,"145 Riverside Drive, Belfast",2025-11-22T21:47:44.000000,LEGAL,LEG VERIF 2
58473,Sophia Brown,"162 Elm Street, Galway",2025-11-22T22:13:50.000000,TRACE,GONEAWAY
55044,Emma Wilson,"74 Riverside Drive, Galway",2025-11-23T00:04:43.000000,OTHER,ARCHIVED
40198,Alex Williams,"6 Maple Avenue, Kilkenny",2025-11-23T03:15:51.000000,COLLECTIONS,CANCEL4
19523,Michael Wilson,"179 Elm Street, Sligo",2025-11-23T04:13:42.000000,COLLECTIONS,CANCEL4
72278,Laura Davis,"100 Cedar Lane, Limerick",2025-11-23T06:56:14.000000,TRACE,GONEAWAY
26742,Laura Miller,"18 Maple Avenue, Waterford",2025-11-23T07:43:43.000000,SETTLED,SETTLED
27620,Daniel Wilson,"79 Sunset Boulevard, Sligo",2025-11-23T09:35:18.000000,OTHER,ARCHIVED
32832,Sophia Davis,"68 Sunset Boulevard, Limerick",2025-11-23T12:14:14.000000,INSOLVENCY,INSP
17346,Daniel Wilson,"37 Riverside Drive, Limerick",2025-11-23T12:22:31.000000,COLLECTIONS,CANCEL4
65773,James Miller,"140 Riverside Drive, Kilkenny",2025-11-23T14:53:44.000000,OTHER,ARCHIVED
21453,John Garcia,"90 Sunset Boulevard, Waterford",2025-11-23T18:14:03.000000,LEGAL,LEG VERIF 2
63285,Sarah Williams,"159 Oak Street, Cork",2025-11-23T20:52:44.000000,OTHER,ARCHIVED
27223,Sophia Rodriguez,"165 Cedar Lane, Kilkenny",2025-11-23T21:54:53.000000,PAYING,PAY PROP
53016,Laura Johnson,"197 Oak Street, Belfast",2025-11-23T22:23:51.000000,PAYING,PAY CURR
63538,Alex Brown,"134 Hillcrest Road, Cork",2025-11-23T22:52:01.000000,SETTLED,SETTLED
29593,Laura Jones,"9 Cedar Lane, Dublin",2025-11-23T23:36:45.000000,INSOLVENCY,INSP
94638,David Wilson,"139 Cedar Lane, Cork",2025-11-24T02:04:46.000000,COLLECTIONS,PRIME
95232,John Rodriguez,"124 Sunset Boulevard, Limerick",2025-11-24T10:58:36.000000,LEGAL,LEG VERIF 2
34002,James Johnson,"200 Oak Street, Waterford",2025-11-24T13:04:40.000000,COLLECTIONS,CANCEL4
53131,Emma Garcia,"41 Elm Street, Sligo",2025-11-24T17:07:49.000000,PAYING,PAY PROP
30746,Alex Miller,"32 Oak Street, Cork",2025-11-24T19:38:15.000000,INSOLVENCY,INS3
15004,Sarah Martinez,"4 Hillcrest Road, Limerick",2025-11-26T01:31:07.000000,SETTLED,SETTLED
83776,Maria Smith,"105 Pine Road, Kilkenny",2025-11-26T03:14:05.000000,OTHER,ARCHIVED
79212,Sophia Rodriguez,"177 Oak Street, Belfast",2025-11-26T04:08:31.000000,SETTLED,SETTLED
33057,Olivia Jones,"21 Hillcrest Road, Cork",2025-11-26T05:38:25.000000,PAYING,PAY PROP
85241,Emma Brown,"57 Maple Avenue, Kilkenny",2025-11-26T06:06:21.000000,OTHER,ARCHIVED
53131,Emma Garcia,"41 Elm Street, Sligo",2025-11-26T07:29:36.000000,INSOLVENCY,INS1
29210,David Brown,"69 Oak Street, Kilkenny",2025-11-26T08:30:49.000000,TRACE,GONEAWAY
82269,Maria Martinez,"175 Oak Street, Galway",2025-11-26T09:31:40.000000,LEGAL,LEG VERIF 2
21415,David Jones,"172 Maple Avenue, Kilkenny",2025-11-26T09:39:41.000000,COLLECTIONS,CASSIST2
92829,Michael Jones,"2 Sunset Boulevard, Kilkenny",2025-11-26T10:08:13.000000,OTHER,ARCHIVED
11449,Daniel Miller,"6 Hillcrest Road, Waterford",2025-11-26T11:19:23.000000,OTHER,ARCHIVED
52436,Michael Rodriguez,"82 Elm Street, Waterford",2025-11-26T12:31:36.000000,TRACE,GONEAWAY
54765,Daniel Johnson,"88 Maple Avenue, Galway",2025-11-26T13:13:37.000000,INSOLVENCY,INSP
64713,John Johnson,"87 Oak Street, Belfast",2025-11-26T13:36:37.000000,COLLECTIONS,CANCEL4
19413,Sophia Jones,"52 Sunset Boulevard, Limerick",2025-11-26T19:05:06.000000,PAYING,PAY CURR
30496,John Wilson,"28 Riverside Drive, Galway",2025-11-26T20:52:22.000000,OTHER,ARCHIVED
86086,Laura Garcia,"68 Pine Road, Sligo",2025-11-26T22:53:31.000000,SETTLED,SETTLED
73332,Laura Miller,"138 Elm Street, Galway",2025-11-26T23:42:04.000000,OTHER,ARCHIVED
